student_id,听课质量评级,是否隐性逃课
pjxyqwbj001,一般,否
pjxsqxbj970,游离,是
pjxsqxbj857,游离,否
pjxyqwbj266,一般,否
pjxuqwbj881,沉浸,否
pjxuqwbj477,游离,否
pjwtqxbj971,游离,否
pjxyqxbk224,一般,否
pjxyqwbk698,游离,是
pjxyqxbj676,一般,否
pjxyqxbk382,一般,否
pjxyqwbj038,一般,否
pjxyqxbj066,游离,是
pjxsqxbj800,游离,否
pjxyqxbj512,一般,否
pjxxztfj972,一般,否
pjxyqxbk596,一般,否
pjxyqwbj884,游离,否
pjxyqxbk935,游离,否
pjxyqxbj868,一般,否
pjxyqxbk445,一般,否
pjxsqxbj983,游离,是
pjxyqxbk147,一般,否
pjxuqwbj904,沉浸,否
pjxyqwbk542,游离,是
pjxyqxbl992,游离,是
pjxqqxbj957,沉浸,否
pjxwzxfj992,一般,否
pjxyqwbj732,一般,否
pjxyqxbk549,一般,否
pjxuqwbj618,游离,否
pjxsqxbj811,一般,否
pjxyqwbj853,一般,否
pjxyqxbj470,一般,否
pjxyqwbj331,游离,否
pjxuqwbj678,游离,是
pjxuqwbj955,游离,是
pjxyqxbl793,一般,否
pjxyqxbj724,一般,否
pjxyqxbj896,一般,否
pjwrqxbj949,游离,是
pjxuqwbj643,游离,否
pjxyqwbk652,一般,否
pjxyqwbj744,游离,是
pjxyqwbk845,游离,否
pjxyqwbj662,一般,否
pjxxxxbj937,游离,是
pjxyqxbk898,一般,否
pjxyqwbj300,一般,否
pjxyqwbj361,一般,否
pjxuqwbj665,游离,是
pjxyqxbk950,一般,否
pjxyqwbj154,一般,否
pjxuqwbj799,一般,否
pjxrqxbj894,游离,否
pjxyqwbj977,一般,否
pjxyqxbj228,一般,否
pjxyqxbj419,一般,否
pjxyqwbj108,游离,否
pjxyqxbk911,一般,否
pjxyqwbj622,一般,否
pjxyqwbj673,一般,否
pjxyqwbj428,一般,否
pjxyqwbj205,游离,是
pjxpqxbj918,沉浸,否
pjxyqxbl911,一般,否
pjxyqxbj159,一般,否
pjxyqwbj007,游离,否
pjxyqwbk802,游离,是
pjxyqxbj583,游离,是
pjxyqwbk764,游离,是
pjxyqxbj973,一般,否
pjxyqxbj465,一般,否
pjxyqxbl990,一般,否
pjxyqxbj857,一般,否
pjxyqwbj020,游离,否
pjxyqxbk358,一般,否
pjwtqxbj983,游离,否
pjxyqwbk899,游离,否
pjxyqwbj836,游离,否
pjxyqxbj365,一般,否
pjxsqxbj779,游离,是
pjxyqwbk697,一般,否
pjxsqxbj897,游离,否
pjxyqxbk101,一般,否
pjxyqwbk812,一般,否
pjxyqwbk953,游离,是
pjxyqwbj636,一般,否
pjwtqxbj976,游离,是
pjxyqxbk592,游离,是
pjxyqwbj023,游离,是
pjwrqxbj984,游离,否
pjxyqxbl919,游离,否
pjxyqxbj051,一般,否
pjxyqxbl815,游离,否
pjxuqwbj770,游离,否
pjxqqxbj954,沉浸,否
pjxuqwbj516,游离,是
pjxyqwbj456,一般,否
pjxuqwbj499,游离,否
pjxyqxbj945,一般,否
pjxyqxbk185,游离,是
pjxsqxbj946,游离,是
pjxyqwbj058,游离,否
pjxyqxbk035,一般,否
pjxyqwbj930,一般,否
pjxyqxbj884,一般,否
pjxqzxbj980,游离,否
pjxsqxbj825,一般,否
pjxyqwbk505,一般,否
pjxuqwbj445,游离,否
pjxyqxbj789,一般,否
pjxxzxbj995,一般,否
pjxyqwbj369,一般,否
pjxyqxbk318,一般,否
pjxyqxbj978,一般,否
pjxuqwbj903,游离,否
pjxyqxbl713,一般,否
pjxwzxbj986,一般,否
pjxyqwbj101,游离,否
pjxyqwbj791,游离,是
pjxuqwbj818,游离,是
pjxsqxbj888,游离,否
pjxyqwbj104,一般,否
pjxyqwbk839,游离,否
pjxsqxbj751,游离,否
pjxyqwbj209,一般,否
pjxyqwbj965,游离,否
pjxuqwbj751,沉浸,否
pjxqzxbj967,游离,否
pjxuqwbj568,游离,否
pjxyqxbl980,一般,否
pjxsqxbj894,游离,是
pjxuqwbj826,游离,否
pjxyqxbj625,一般,否
pjxyqxbk032,一般,否
pjxvzxbj996,一般,否
pjxrqxbj961,游离,是
pjxyqwbk935,一般,否
pjxyqxbj984,游离,是
pjxxzxkj998,游离,否
pjxyqwbk838,一般,否
pjxyqwbj461,一般,否
pjxxxxbj975,游离,是
pjxyqxbk064,一般,否
pjxyqxbj692,一般,否
pjxyqxbj225,一般,否
pjxyqxbk731,一般,否
pjxyqxbk764,一般,否
pjxyqxbj103,一般,否
pjxyqxbj726,一般,否
pjxyqxbl993,游离,否
pjxpqxbj994,沉浸,否
pjxuqwbj679,游离,否
pjxyqxbk477,一般,否
pjxyqxbl943,一般,否
pjxyqxbj080,一般,否
pjxuqwbj711,游离,否
pjxyqxbj840,一般,否
pjxyqwbj269,游离,否
pjxyqwbj896,一般,否
pjxyqxbj544,一般,否
pjxyqxbj029,一般,否
pjxuqwbj655,游离,是
pjxyqwbk710,游离,否
pjxuqwbj917,游离,是
pjvyzvfj998,一般,否
pjwtqxbj914,游离,否
pjxyqxbk269,一般,否
pjxyqxbk885,一般,否
pjxyqxbj262,一般,否
pjxyqxbl745,一般,否
pjxyqxbj238,一般,否
pjxyqxbj098,一般,否
pjxwxxbj993,游离,是
pjxyqxbk501,一般,否
pjxyqxbj154,一般,否
pjxyqxbj905,游离,是
pjxxxxbj932,游离,是
pjxyqxbj823,游离,否
pjxyqxbj253,一般,否
pjxsqxbj829,沉浸,否
pjxyqwbj248,游离,否
pjxsqxbj929,游离,是
pjxyqxbj023,一般,否
pjxuqwbj454,游离,是
pjxyqxbk981,游离,是
pjwrqxbj929,游离,否
pjxyqxbj876,一般,否
pjxyqwbj061,游离,否
pjxyqwbj796,一般,否
pjxyqwbj803,一般,否
pjxwzxfj993,一般,否
pjxyqwbj859,一般,否
pjxyqxbj710,一般,否
pjxyqwbk895,游离,是
pjxyqwbj274,一般,否
pjxyqwbk804,游离,是
pjxuqwbj591,一般,否
pjxyqxbj058,一般,否
pjxsqxbj820,游离,否
pjxyqxbj167,游离,是
pjxuqwbj552,游离,否
pjxyqxbl747,一般,否
pjwtqxbj943,游离,是
pjxuqwbj993,游离,否
pjxyqxbj554,游离,是
pjxuqwbj686,沉浸,否
pjxyqxbk024,一般,否
pjxsqxbj899,游离,否
pjxsqxbj976,游离,否
pjxyqwbk575,一般,否
pjxyqwbj487,一般,否
pjxyqxbj121,一般,否
pjwtqxbj920,游离,否
pjxyqxbk613,一般,否
pjxyqwbk521,游离,否
pjxyqwbj925,游离,是
pjxuqwbj918,游离,否
pjxyqwbj379,一般,否
pjxyqwbj016,游离,否
pjxyqxbk370,一般,否
pjxyqxbk452,游离,否
pjxyqxbk934,一般,否
pjxpqxbj954,沉浸,否
pjxyqwbk666,游离,是
pjxxxxbj981,游离,是
pjxyqwbk808,游离,否
pjxyqwbj897,一般,否
pjxyqwbk735,一般,否
pjwrqxbj973,一般,否
pjxvztfj994,一般,否
pjxyqwbj288,一般,否
pjxuqwbj967,沉浸,否
pjxyqxbj301,一般,否
pjxuqwbj647,游离,否
pjxuqwbj953,游离,否
pjxyqwbk727,游离,是
pjxyqxbj174,游离,否
pjxyqxbk481,一般,否
pjxuqwbj634,游离,是
pjxyqwbk925,游离,是
pjxyqxbk065,一般,否
pjxyqxbk411,一般,否
pjxyqwbj485,一般,否
pjxyqwbj869,游离,否
pjxuqwbj622,游离,否
pjxyqwbj367,一般,否
pjxyqwbj312,一般,否
pjxyqxbk905,游离,否
pjxyqwbj251,游离,是
pjxyqwbj611,一般,否
pjxyqxbl804,一般,否
pjxyqxbk743,一般,否
pjxyqwbk872,游离,是
pjxyqwbj041,游离,否
pjxyqxbl780,一般,否
pjxyqxbk336,一般,否
pjxpqxbj926,沉浸,否
pjxuqwbj871,游离,是
pjxyqxbk287,一般,否
pjxyqxbk827,一般,否
pjxyqxbl810,一般,否
pjxyqxbj237,一般,否
pjxyqxbl957,一般,否
pjxyqxbk239,一般,否
pjxuqwbj840,一般,否
pjxuqwbj621,游离,是
pjxyqwbj842,一般,否
pjxyqwbk624,游离,是
pjxuqwbj564,游离,是
pjxuqwbj525,游离,是
pjxyqwbk721,一般,否
pjxyqxbk811,一般,否
pjxuqwbj633,游离,是
pjxsqxbj981,游离,是
pjxqqxbj985,沉浸,否
pjxyqxbk415,游离,是
pjxuzvbj996,一般,否
pjxyqxbk067,一般,否
pjwtqxbj946,游离,否
pjxyqwbj802,一般,否
pjxuqwbj915,游离,否
pjxyqxbj703,一般,否
pjxyqxbk861,一般,否
pjxsqxbj834,游离,是
pjxsqxbj826,游离,是
pjxyqxbj280,一般,否
pjxwzxbj987,一般,否
pjxwzxfj981,一般,否
pjxyqxbj433,游离,否
pjxuqwbj956,游离,否
pjxqzxbj971,游离,否
pjxyqwbj224,一般,否
pjxyqxbj327,游离,是
pjxuqwbj488,游离,否
pjwrqxbj988,游离,否
pjxyqxbk929,游离,否
pjxyqxbk257,游离,是
pjxyqwbk605,一般,否
pjxyqxbk444,一般,否
pjxyqwbj255,游离,是
pjxyqxbk220,一般,否
pjxyqwbj059,一般,否
pjxyqxbj464,一般,否
pjxyqxbk546,一般,否
pjxyqxbk649,一般,否
pjxyqxbl918,一般,否
pjxxzxkj997,游离,否
pjxyqxbj439,一般,否
pjxyqxbl808,一般,否
pjwtqxbj941,游离,否
pjxyqxbk242,一般,否
pjxyqxbk915,游离,是
pjxyqwbj388,一般,否
pjxyqwbj181,一般,否
pjxyqxbk530,一般,否
pjxyqxbj296,游离,是
pjxyqxbj813,游离,是
pjxyqxbj658,一般,否
pjxvzxfj972,一般,否
pjxyqxbk364,游离,是
pjxyqwbj188,一般,否
pjxuqwbj829,游离,否
pjxyqxbl727,一般,否
pjxyqwbj468,一般,否
pjxyqxbj580,一般,否
pjxtztbj996,游离,是
pjxyqxbj230,一般,否
pjxsqxbj844,游离,否
pjxuqwbj916,游离,否
pjxyqxbk951,一般,否
pjxyqwbk504,一般,否
pjxyqwbj985,游离,否
pjxyqxbk746,游离,否
pjxuqwbj857,游离,否
pjxyqxbk798,一般,否
pjxyqxbk995,游离,是
pjxyqxbk737,一般,否
pjxqqxbj970,游离,否
pjxyqxbj271,游离,否
pjxyqwbj605,一般,否
pjxyqxbk454,游离,是
pjxyqxbj018,游离,否
pjxyqwbj139,游离,否
pjxsqxbj985,沉浸,否
pjxsqxbj927,游离,否
pjxrqxbj918,游离,是
pjxyqwbj049,游离,否
pjxyqxbk446,一般,否
pjxyqxbk765,一般,否
pjxyqwbk523,游离,否
pjxyqxbj404,一般,否
pjwtqxbj982,游离,否
pjxyqxbk328,一般,否
pjxyqxbk865,一般,否
pjxuqwbj701,游离,否
pjxyqwbj252,游离,否
pjxuqwbj925,游离,否
pjxuqwbj470,游离,否
pjxyqwbj267,一般,否
pjxuqwbj496,游离,否
pjxyqxbk705,一般,否
pjxyqxbk825,游离,是
pjxyqxbj469,一般,否
pjxyqwbk749,游离,是
pjxyqwbk701,游离,否
pjxyqwbj262,一般,否
pjwrqxbj926,游离,是
pjxwzxkj992,一般,否
pjxyqxbk625,一般,否
pjxyqxbk706,一般,否
pjxuqwbj472,游离,否
pjxyqwbj478,沉浸,否
pjxuqwbj463,游离,是
pjxyqxbj114,一般,否
pjxyqxbk228,一般,否
pjxyqxbk873,一般,否
pjxqzxbj979,游离,是
pjxyqxbj575,一般,否
pjxyqxbj239,一般,否
pjxyqxbl708,游离,是
pjxuqwbj839,游离,否
pjxyqxbk782,一般,否
pjxsqxbj880,游离,否
pjxuqwbj695,游离,否
pjxyqwbj534,游离,否
pjxwzxfj994,一般,否
pjxyqxbk941,游离,是
pjxuqwbj589,游离,是
pjxyqwbk760,游离,否
pjxyqxbk138,一般,否
pjxyqwbk664,一般,否
pjxpqxbj916,沉浸,否
pjxyqxbj505,一般,否
pjxyqxbk491,游离,否
pjxyqxbl939,一般,否
pjxsqxbj954,一般,否
pjxyqwbj407,游离,否
pjxyqxbk775,一般,否
pjxyqwbk810,游离,否
pjxwxxbj918,游离,是
pjxrqxbj947,一般,否
pjxyqwbj080,游离,是
pjxyqxbl900,一般,否
pjxyqxbj798,一般,否
pjxyqxbk021,一般,否
pjxyqxbj717,一般,否
pjxyqxbj546,一般,否
pjxyqwbk513,游离,是
pjxyqwbk859,游离,是
pjxyqwbj092,一般,否
pjxyqwbk971,游离,是
pjxsqxbj936,一般,否
pjxyqxbl889,一般,否
pjxyqwbj856,游离,否
pjxyqxbj851,一般,否
pjxyqxbj164,一般,否
pjxyqxbj961,一般,否
pjxyqxbk908,一般,否
pjxuqwbj654,一般,否
pjxyqxbk317,一般,否
pjxyqxbj119,一般,否
pjxsqxbj758,游离,是
pjxyqwbj053,一般,否
pjxyqwbk679,游离,是
pjxyqwbk661,游离,是
pjxyqxbj044,一般,否
pjxsqxbj986,游离,是
pjxuqwbj574,游离,否
pjxyqxbj484,一般,否
pjxyqxbl712,一般,否
pjxyqwbj100,游离,是
pjxwxxbj943,游离,是
pjxyqxbj399,一般,否
pjxyqxbk472,一般,否
pjxuqwbj774,沉浸,否
pjxyqxbl945,游离,是
pjwrqxbj911,游离,否
pjxyqxbj969,游离,是
pjxpqxbj957,游离,否
pjxyqxbk760,一般,否
pjxyqxbk799,沉浸,否
pjxwzxkj993,一般,否
pjxyqwbk770,一般,否
pjxyqwbj444,游离,否
pjxyqxbk918,游离,否
pjxyqxbk268,一般,否
pjxyqxbj679,一般,否
pjxyqwbj659,一般,否
pjxyqxbj160,一般,否
pjxyqxbj921,游离,否
pjxvzrfj997,一般,否
pjxyqxbk059,一般,否
pjxyqxbk674,游离,是
pjxyqxbj432,一般,否
pjxyqwbj656,游离,是
pjxyqxbk086,一般,否
pjxxzxkj991,游离,否
pjxsqxbj994,游离,否
pjxyqxbj964,游离,是
pjxyqwbj340,一般,否
pjxyqwbk928,一般,否
pjxuqwbj757,一般,否
pjxvzxfj970,一般,否
pjxuzxbj984,游离,是
pjxwxxbj913,游离,是
pjxyqxbk354,一般,否
pjxyqwbj062,游离,否
pjxyqwbj326,一般,否
pjxqqxbj974,沉浸,否
pjxyqxbk958,一般,否
pjxyqxbk582,一般,否
pjxuqwbj788,游离,是
pjxwxxbj944,游离,是
pjxuqwbj734,游离,否
pjxyqwbj923,一般,否
pjxyqwbk529,游离,是
pjxyqxbk953,一般,否
pjxyqwbj563,游离,否
pjxyqwbj598,一般,否
pjxyqwbj651,游离,是
pjwrqxbj938,游离,是
pjxyqwbj034,一般,否
pjxyqwbj086,一般,否
pjxyqxbk869,一般,否
pjxyqwbk638,一般,否
pjxyqxbl934,一般,否
pjxuqwbj811,沉浸,否
pjxyqwbk777,游离,否
pjxuqwbj723,游离,否
pjxxxxbj958,游离,是
pjxwxxbj983,游离,是
pjxyqwbj077,游离,是
pjxyqxbk171,一般,否
pjwtzxbj996,游离,是
pjxyqwbk572,游离,是
pjxyqwbj648,游离,否
pjxyqxbj198,一般,否
pjxyqxbl953,一般,否
pjxyqxbj533,一般,否
pjxyqwbj577,游离,否
pjxyqxbk820,一般,否
pjxyqxbj757,一般,否
pjxyqxbk329,一般,否
pjxyqxbj224,一般,否
pjxyqwbj380,游离,否
pjxyqxbj392,一般,否
pjxyqxbk094,一般,否
pjxyqxbj001,一般,否
pjxsqxbj940,游离,是
pjxvztfj976,一般,否
pjxyqxbk378,一般,否
pjxqzxbj996,游离,否
pjxrqxbj969,游离,是
pjxwxxbj992,游离,是
pjxyqwbj185,游离,否
pjxyqxbj242,一般,否
pjxyqxbj422,一般,否
pjxyqwbj905,游离,否
pjxyqxbj440,一般,否
pjxyqxbl989,游离,是
pjxtzxfj978,游离,是
pjxyqwbj944,沉浸,否
pjxyqxbk489,一般,否
pjxyqxbj124,一般,否
pjxyqxbk552,游离,是
pjxyqwbk549,一般,否
pjxqqxbj951,沉浸,否
pjxwxxbj951,游离,是
pjxyqxbk043,游离,否
pjxsqxbj821,游离,否
pjwtqxbj953,游离,是
pjxyqwbk536,游离,是
pjxyqxbj379,一般,否
pjxyqwbj174,一般,否
pjwrqxbj974,游离,是
pjxyqwbj913,一般,否
pjxyqxbk643,一般,否
pjxyqxbj633,游离,否
pjwrqxbj948,游离,是
pjxyqxbk081,一般,否
pjxyqwbj277,游离,否
pjxyqwbj669,游离,否
pjxyqxbk759,一般,否
pjxyqwbk813,游离,是
pjxyqwbj408,游离,否
pjxyqxbk795,游离,否
pjxrqxbj903,一般,否
pjwtqxbj959,游离,是
pjxyqxbj688,游离,是
pjxyqxbk079,一般,否
pjxvzxfj980,一般,否
pjxyqxbj777,一般,否
pjxyqxbj082,一般,否
pjxuqwbj608,游离,否
pjxyqxbl736,一般,否
pjxyqwbk671,游离,是
pjxyqxbk895,一般,否
pjxyqxbl912,一般,否
pjxuqwbj663,游离,是
pjxwxxbj963,游离,是
pjxyqxbj221,一般,否
pjxyqxbk019,一般,否
pjxyqxbk535,游离,是
pjxyqxbj400,一般,否
pjxyqwbj955,游离,否
pjxyqxbj290,一般,否
pjxyqxbk902,一般,否
pjxyqxbj187,一般,否
pjxyqxbk334,一般,否
pjxqqxbj964,沉浸,否
pjwtqxbj929,游离,否
pjxyqxbk075,一般,否
pjxyqxbj035,游离,是
pjxyqwbj540,游离,是
pjxuqwbj500,游离,否
pjxyqxbj919,游离,是
pjxpqxbj998,沉浸,否
pjxyqxbk525,游离,否
pjxyqxbj879,一般,否
pjxuqwbj666,沉浸,否
pjxyqxbk209,一般,否
pjxyqwbj785,游离,否
pjxyqwbk967,一般,否
pjxyqxbj165,一般,否
pjwrqxbj993,游离,是
pjxtzxfj983,游离,是
pjxuqwbj566,游离,是
pjxyqwbj949,一般,否
pjxuqwbj745,游离,否
pjxyqwbj527,游离,否
pjxyqxbj153,一般,否
pjxvztfj992,一般,否
pjxyqxbj496,一般,否
pjxrqxbj898,沉浸,否
pjxyqwbj358,游离,是
pjxyqwbj552,一般,否
pjxyqxbj740,游离,是
pjxyqxbk222,一般,否
pjxyqxbl996,一般,否
pjxyqxbl753,一般,否
pjxyqwbk559,沉浸,否
pjxyqxbj511,一般,否
pjxyqwbj156,一般,否
pjxyqwbk594,游离,否
pjxyqxbk789,一般,否
pjxwxxbj927,游离,是
pjxyqxbj139,游离,是
pjxyqxbj317,一般,否
pjxyqwbk781,一般,否
pjxuqwbj994,游离,否
pjxuqwbj491,游离,是
pjxxxxbj910,游离,否
pjxyqwbj322,一般,否
pjxyqwbj867,一般,否
pjxyqxbj152,一般,否
pjxyqxbj694,一般,否
pjxyqwbj515,游离,否
pjxyqwbk868,游离,否
pjxyqxbj725,一般,否
pjxyqwbj941,一般,否
pjwrqxbj898,游离,是
pjxyqwbj799,游离,否
pjxyqwbj327,一般,否
pjxqzxbj985,游离,否
pjxsqxbj787,沉浸,否
pjxyqwbj316,一般,否
pjxqqxbj983,沉浸,否
pjxyqwbj758,一般,否
pjxpqxbj962,沉浸,否
pjxyqwbj072,游离,是
pjxqqxbj997,游离,否
pjxyqwbk673,游离,是
pjxyqwbk829,一般,否
pjxuqwbj739,一般,否
pjxwxxbj964,游离,是
pjxyqwbk578,一般,否
pjxuqwbj474,游离,否
pjxyqwbj279,一般,否
pjxyqwbj301,游离,否
pjxyqwbk779,一般,否
pjxqqxbj961,沉浸,否
pjxyqwbj283,游离,是
pjxyqxbk642,一般,否
pjxyqxbj273,一般,否
pjxyqwbj146,沉浸,否
pjxyqwbk893,游离,否
pjxwxxbj924,游离,是
pjxyqwbk871,一般,否
pjxyqxbk339,一般,否
pjxuzxbj986,游离,否
pjxyqxbl931,游离,否
pjxxztfj992,一般,否
pjxyqxbk302,游离,是
pjxyqxbj520,一般,否
200307700011,游离,是
pjxyqxbj145,一般,否
pjxsqxbj777,游离,否
pjxyqxbj451,一般,否
pjxrqxbj992,游离,是
pjxyqxbk070,游离,否
pjxuqwbj952,游离,否
pjxyqxbk792,一般,否
pjxuqwbj761,游离,否
pjxyqxbk005,游离,是
pjxyqxbj682,游离,否
pjxyqxbk916,一般,否
pjxyqxbk748,一般,否
pjxyqwbj907,游离,否
pjxyqxbj397,一般,否
pjxvztfj980,一般,否
pjxyqwbj344,游离,否
pjxyqxbk375,一般,否
pjxtztbj989,游离,是
pjxyqxbj928,游离,是
pjxyqxbk852,一般,否
pjvyzxbj998,一般,否
pjxwxxbj907,游离,否
pjxsqxbj859,游离,是
pjxxztbj990,一般,否
pjxyqxbj828,一般,否
pjxyqxbj491,一般,否
pjxyqxbk140,游离,是
pjxrqxbj955,游离,否
pjxyqwbj776,游离,否
pjwtqxbj957,游离,是
pjxyqwbj431,游离,否
pjxwxxbj908,游离,是
pjxyqwbj276,游离,否
pjxyqxbk290,一般,否
pjxsqxbj957,游离,否
pjxyqxbj352,一般,否
pjxyqxbk464,游离,是
pjxyqxbj182,一般,否
pjxyqxbl913,一般,否
pjxyqxbj548,一般,否
pjxyqxbk543,一般,否
pjxuqwbj637,游离,否
pjvyzvfj977,一般,否
pjxyqxbk533,一般,否
pjxyqxbl905,一般,否
pjxyqxbk414,游离,否
pjxyqwbj621,游离,是
pjxxztfj995,一般,否
pjxwxxbj941,游离,是
pjxuqwbj763,游离,否
pjxyqwbj697,游离,是
pjxuqwbj529,游离,是
pjxwzxkj996,一般,否
pjxyqxbk621,一般,否
pjxyqxbk236,一般,否
pjxyqxbl678,游离,是
pjxyqwbj658,一般,否
pjxyqxbj540,一般,否
pjxyqxbj483,一般,否
pjxwxxbj905,游离,是
pjxyqwbk646,游离,是
pjxuqwbj503,游离,否
pjxyqwbj748,一般,否
pjxpqxbj986,沉浸,否
pjxuqwbj980,一般,否
pjxpqxbj971,沉浸,否
pjxuqwbj715,一般,否
pjxsqxbj851,游离,否
pjxyqxbj412,游离,是
pjxyqxbj588,一般,否
pjxyqxbk304,一般,否
pjxyqwbk828,游离,是
pjxyqwbj634,一般,否
pjxyqxbj812,一般,否
pjwtqxbj944,游离,否
pjxpqxbj963,沉浸,否
pjxuqwbj784,游离,否
pjxuqwbj580,游离,是
pjxyqwbj844,游离,否
pjxyqxbj192,游离,是
pjxyqwbk869,一般,否
pjxyqxbj756,一般,否
pjxyqxbk351,游离,是
pjxxzxkj978,游离,是
pjxyqwbj616,一般,否
pjxyqxbj643,一般,否
pjxyqxbj334,游离,否
pjxyqxbj594,一般,否
pjxyqxbk428,一般,否
pjxyqxbj272,一般,否
pjxsqxbj764,游离,是
pjxyqxbk107,一般,否
pjxyqxbj701,游离,是
pjxyqwbk519,一般,否
pjxyqxbk204,一般,否
pjxyqwbj865,游离,是
pjxyqxbj146,一般,否
pjxuzsfj980,一般,否
pjxyqxbk872,一般,否
pjxyqxbk597,一般,否
pjxyqxbj374,游离,否
pjxyqxbk583,一般,否
pjxuqwbj526,沉浸,否
pjxyqwbj579,游离,否
pjxwxxbj953,游离,是
pjxyqxbl910,一般,否
pjxxxxbj917,游离,是
pjxyqwbj282,一般,否
pjxyqxbk211,一般,否
pjxrqxbj914,游离,是
pjxuqwbj928,游离,否
pjxyqxbk484,游离,是
pjxyqwbj362,一般,否
pjxxxxbj901,游离,是
pjxsqxbj877,游离,否
pjxuqwbj674,沉浸,否
pjxyqxbj096,一般,否
pjxsqxbj920,游离,否
pjxyqxbj762,一般,否
pjxuqwbj708,游离,否
pjxyqxbj131,一般,否
pjxyqwbj617,游离,否
pjxuqwbj572,沉浸,否
pjxyqwbj764,一般,否
pjxyqxbl763,游离,否
pjxyqwbj628,游离,否
pjxyqwbj625,游离,否
pjxwzxfj984,一般,否
pjxyqxbj485,一般,否
pjxyqxbk349,一般,否
pjxuqwbj641,沉浸,否
pjxyqxbk210,一般,否
pjxrqxbj891,游离,是
pjxyqwbj109,一般,否
pjxyqwbk885,一般,否
pjxyqwbk581,游离,否
pjxyqwbj004,游离,否
pjxxxxbj915,游离,是
pjxyqxbj074,一般,否
pjxuzsfj978,一般,否
pjxyqxbk679,一般,否
pjxsqxbj996,游离,是
pjxyqwbk603,一般,否
pjxyqwbj043,一般,否
pjxyqwbk807,游离,否
pjxyqxbk868,游离,是
pjxyqxbk954,一般,否
pjxxxxbj988,游离,是
pjxtzxfj986,一般,否
pjxyqxbk631,游离,否
pjxyqxbj629,一般,否
pjxyqxbk787,一般,否
pjxsqxbj884,游离,否
pjxyqxbl927,游离,否
pjvyzvfj994,一般,否
pjxsqxbj949,游离,是
pjxpqxbj915,沉浸,否
pjxyqwbk656,一般,否
pjxyqxbj648,一般,否
pjxyqxbj867,游离,否
pjxsqxbj780,游离,否
pjxyqxbk516,游离,否
pjxyqxbl904,一般,否
pjxrqxbj919,游离,是
pjxrqxbj988,游离,是
pjxyqxbj585,游离,否
pjwrqxbj920,游离,是
pjxyqxbj093,一般,否
pjxuqwbj914,一般,否
pjxyqwbj642,游离,是
pjxyqxbk230,游离,是
pjwrqxbj945,游离,是
pjxyqxbl817,游离,否
pjxyqwbj630,一般,否
pjxuqwbj638,沉浸,否
pjxyqwbj895,游离,是
pjwtqxbj939,游离,否
pjxuqwbj870,游离,否
pjxyqxbj846,游离,否
pjwtqxbj972,游离,是
pjxyqxbk836,一般,否
pjxyqxbj578,一般,否
pjxyqxbj319,游离,是
pjxyqxbk751,一般,否
pjxyqxbk388,游离,否
pjxwzxfj991,一般,否
pjxyqwbj339,一般,否
pjxyqxbj985,游离,否
pjxyqxbl779,游离,是
pjxuqwbj933,游离,否
pjxyqxbj743,一般,否
pjxyqxbj968,一般,否
pjxyqxbj293,游离,是
pjxyqwbj385,一般,否
pjxyqxbk158,一般,否
pjxyqxbj929,游离,是
pjxyqxbj474,一般,否
pjxsqxbj824,游离,否
pjxyqxbk822,一般,否
pjxyqxbj460,游离,否
pjxyqwbj403,一般,否
pjxyqxbj569,一般,否
pjxwzxkj991,一般,否
pjxyqxbj728,一般,否
pjxyqxbj068,游离,是
pjxyqwbk964,游离,否
pjxyqwbj850,一般,否
pjxyqwbj454,游离,是
pjxyqxbj889,一般,否
pjxsqxbj849,游离,是
pjxuqwbj800,游离,是
pjwrqxbj956,游离,是
pjxyqwbj087,游离,是
pjxyqwbk577,一般,否
pjxuqwbj610,游离,否
pjxqqxbj949,沉浸,否
pjwtqxbj935,游离,否
pjxrqxbj909,游离,是
pjxwzxbj990,一般,否
pjxyqxbk980,一般,否
pjxyqxbl703,一般,否
pjxrqxbj943,沉浸,否
pjxwxxbj916,游离,否
pjxyqxbj089,游离,否
pjxxztbj994,一般,否
pjxyqwbj078,游离,是
pjxyqwbk796,游离,是
pjxyqxbj361,一般,否
pjxyqxbl878,游离,是
pjwrqxbj913,游离,否
pjxyqxbk297,游离,是
pjxsqxbj807,游离,是
pjxyqxbk151,一般,否
pjxyqxbk797,游离,否
pjxyqxbj589,一般,否
pjxyqxbk426,一般,否
pjxyqxbj571,一般,否
pjxyqxbk090,一般,否
pjxyqxbk319,游离,否
pjxyqxbk036,游离,否
pjxyqxbk681,一般,否
pjxyqxbj528,一般,否
pjxyqwbj191,游离,是
pjxyqwbk745,游离,否
pjxyqxbk539,一般,否
pjxyqwbk608,一般,否
pjxyqxbl673,一般,否
pjxyqxbj113,一般,否
pjxsqxbj912,游离,是
pjxqqxbj982,沉浸,否
pjxyqxbj255,一般,否
pjxyqxbj830,游离,否
pjxyqxbk974,一般,否
pjxyqxbj669,一般,否
pjxyqxbk572,游离,否
pjxuzsfj984,一般,否
pjxwxxbj946,游离,否
pjxyqwbj395,一般,否
pjxyqwbj935,一般,否
pjxyqxbk253,游离,是
pjxyqwbj998,一般,否
pjxyqwbj522,游离,是
pjxyqwbj739,一般,否
pjxyqxbk565,一般,否
pjxyqxbk801,一般,否
pjxyqxbl866,一般,否
pjxsqxbj942,游离,否
pjxuqwbj958,游离,否
pjxyqxbj188,一般,否
pjxyqxbl886,一般,否
pjxyqxbl826,游离,否
pjxyqxbj736,一般,否
pjxyqwbk675,游离,否
pjxyqwbk734,一般,否
pjxyqwbj192,一般,否
pjxyqwbj808,一般,否
pjxyqwbj133,一般,否
pjxyqwbk541,游离,是
pjxyqwbj631,一般,否
pjxyqxbk470,一般,否
pjxyqwbj249,游离,是
pjxyqxbk281,一般,否
pjxyqwbj695,游离,否
pjxyqwbj868,一般,否
pjxyqxbj800,一般,否
pjxyqxbk683,一般,否
pjxyqxbj581,一般,否
pjwtqxbj993,游离,否
pjxrqxbj972,游离,否
pjwtqxbj954,游离,否
pjxyqwbj523,游离,否
pjxyqwbj125,一般,否
pjxyqxbj353,一般,否
pjxyqxbj557,游离,是
pjxyqwbj718,游离,否
pjxuqwbj583,沉浸,否
pjxyqwbk632,一般,否
pjxuqwbj694,游离,是
pjxyqxbj574,一般,否
pjxyqxbl982,游离,否
pjxyqxbj872,游离,否
pjxvztfj977,一般,否
pjwtqxbj988,游离,否
pjxyqwbj155,游离,是
pjxyqwbj904,一般,否
pjxyqxbj337,一般,否
pjxsqxbj882,游离,否
pjxyqxbj040,一般,否
pjxyqxbj027,游离,否
pjxyqxbl768,一般,否
pjwrzxbj996,游离,否
pjxuqwbj805,游离,是
pjxyqxbk168,一般,否
pjxuqwbj536,游离,是
pjxyqxbk923,游离,否
pjxsqxbj752,一般,否
pjxyqxbk717,一般,否
pjxuqwbj898,游离,否
pjxyqwbj993,一般,否
pjxyqxbj443,一般,否
pjxuqwbj546,游离,是
pjxyqxbl738,一般,否
pjxyqwbj602,一般,否
pjxyqxbj932,一般,否
pjxyqwbj518,游离,是
pjxyqxbj060,一般,否
pjxyqxbk046,游离,是
pjxuqwbj719,游离,否
pjxuqwbj585,游离,否
pjxxxxbj921,游离,是
pjxyqwbj500,游离,否
pjxuqwbj781,游离,否
pjxyqxbj021,一般,否
pjxxztfj975,一般,否
pjxrqxbj983,游离,是
pjxyqxbj395,一般,否
pjxyqwbj044,游离,是
pjxyqxbj282,一般,否
pjxsqxbj938,游离,否
pjxyqxbj430,游离,否
pjwtqxbj985,游离,否
pjxyqxbk553,一般,否
pjxpqxbj927,游离,是
pjxyqxbj330,一般,否
pjxtztbj985,游离,是
pjxyqxbk867,一般,否
pjxqqxbj947,游离,否
pjxyqxbk755,一般,否
pjxyqxbj418,一般,否
pjxyqxbj729,游离,是
pjxyqwbj445,一般,否
pjxyqwbj469,一般,否
pjxyqwbj839,游离,否
pjxyqxbl999,一般,否
pjxyqxbj584,一般,否
pjxyqxbj734,游离,是
pjxyqxbk053,一般,否
pjxuqwbj714,游离,否
pjxyqwbj677,一般,否
pjxyqwbj939,游离,否
pjxyqwbj360,一般,否
pjwtqxbj932,沉浸,否
pjxyqwbk700,一般,否
pjxyqxbj744,一般,否
pjxyqxbj527,一般,否
pjxsqxbj939,游离,是
pjxyqwbk818,一般,否
pjxwxxbj967,游离,是
pjxsqxbj892,游离,否
pjxrqxbj962,游离,是
pjxuqwbj698,游离,否
pjxyqxbk460,一般,否
pjxyqxbk534,一般,否
pjxvzxbj989,一般,否
pjxyqxbk341,一般,否
pjxyqxbj835,一般,否
pjxyqwbj219,游离,否
pjxyqwbk835,一般,否
pjxuqwbj479,游离,否
pjxwxxbj914,游离,是
pjxpqxbj919,沉浸,否
pjxyqwbj018,一般,否
pjwqzwbj998,游离,是
pjxuzvbj991,游离,否
pjxyqwbk740,一般,否
pjxrqxbj930,游离,是
pjxyqxbj405,一般,否
pjxyqxbj864,一般,否
pjxyqxbk566,游离,是
pjxqqxbj988,游离,否
pjxyqxbk524,一般,否
pjxyqxbj781,一般,否
pjxyqxbj754,游离,是
pjxyqxbl836,一般,否
pjxyqxbk286,一般,否
pjxyqxbl858,一般,否
pjxyqxbj780,一般,否
pjxyqxbj691,一般,否
pjxxxxbj955,游离,是
pjxyqxbk606,一般,否
pjxyqwbj664,游离,是
pjxyqwbj585,游离,否
pjwtqxbj930,游离,否
pjxyqxbk469,一般,否
pjxyqwbj773,游离,否
pjxyqxbj073,一般,否
pjxyqxbj340,一般,否
pjxrqxbj971,游离,否
pjxyqxbk137,游离,否
pjxyqxbk513,一般,否
pjxtzxfj994,游离,是
pjxyqxbk779,游离,是
pjxyqxbj753,一般,否
pjxyqwbj149,游离,否
pjxyqwbj207,游离,是
pjxyqwbj852,一般,否
pjxyqxbk183,一般,否
pjxyqwbj333,游离,否
pjxyqxbk863,游离,是
pjxyqwbj410,游离,否
pjxpqxbj911,沉浸,否
pjxyqxbk626,一般,否
pjxyqwbk931,游离,否
pjxuqwbj992,游离,是
pjwtqxbj977,游离,是
pjxyqwbj734,一般,否
pjxvzrfj975,一般,否
pjxyqxbj261,一般,否
pjxyqxbj683,一般,否
pjxuqwbj831,一般,否
pjxrqxbj996,游离,否
pjxyqxbl929,一般,否
pjxyqxbk611,一般,否
pjwrqxbj905,游离,否
pjxyqxbj195,一般,否
pjxuqwbj950,游离,否
pjxuqwbj758,游离,是
pjxyqwbj171,游离,否
pjxyqxbj935,一般,否
pjxyqxbj967,一般,否
pjxyqxbl794,一般,否
pjxyqwbj153,游离,是
pjxyqwbj463,游离,否
pjxyqxbj709,一般,否
pjxyqwbj841,游离,否
pjxxxxbj912,游离,是
pjxyqwbj873,游离,否
pjxsqxbj874,游离,否
pjxyqwbk647,游离,否
pjxyqwbj453,游离,否
pjxyqxbj940,一般,否
pjxyqxbj147,一般,否
pjxxztfj997,一般,否
pjxyqxbk900,一般,否
pjxyqxbl750,一般,否
pjxxxxbj922,游离,是
pjxyqxbj323,一般,否
pjxpqxbj981,游离,否
pjxyqxbj829,一般,否
pjxwzxkj985,一般,否
pjxyqwbk534,一般,否
pjxuqwbj838,游离,是
pjxyqxbj288,一般,否
pjxyqxbk556,游离,是
pjxyqxbk903,一般,否
pjxyqxbj653,一般,否
pjxyqwbj472,游离,否
pjxyqxbl752,一般,否
pjxyqwbj402,游离,是
pjxyqxbj094,一般,否
pjxyqwbj525,游离,否
pjxuqwbj905,游离,是
pjxyqwbk585,游离,否
pjxyqxbj972,一般,否
pjxuqwbj586,游离,否
pjxyqxbj106,一般,否
pjxyqxbk343,游离,是
pjxtzxfj980,游离,是
pjxyqxbj737,一般,否
pjxyqxbj315,一般,否
pjxuqwbj507,游离,是
pjxyqwbj660,游离,否
pjxyqxbj895,一般,否
pjxyqwbj325,一般,否
pjxyqxbk965,一般,否
pjxyqwbj958,游离,是
pjxyqxbk305,一般,否
pjxyqwbj821,游离,是
pjxuqwbj892,游离,否
pjxyqxbl766,一般,否
pjxyqwbj877,一般,否
pjxyqwbk623,一般,否
pjxyqxbj915,一般,否
pjxyqxbl975,一般,否
pjxyqxbj358,游离,否
pjxuqwbj804,游离,否
pjxuqwbj947,游离,否
pjxyqxbj770,一般,否
pjxyqxbk160,游离,是
pjxyqwbj318,游离,是
pjxyqwbj755,一般,否
pjxsqxbj886,游离,否
pjxvztfj974,一般,否
pjxyqxbk987,一般,否
pjxsqxbj808,游离,否
pjxwxxbj981,游离,是
pjxyqxbl893,一般,否
pjxyqxbk978,一般,否
pjxyqxbk368,一般,否
pjxyqxbk027,一般,否
pjxyqwbj046,游离,否
pjxyqwbj509,一般,否
pjxyqxbl797,游离,是
pjwrqxbj955,游离,是
pjxyqwbj780,一般,否
pjxyqwbj820,游离,否
pjxyqwbj237,游离,是
pjxyqxbk640,一般,否
pjxwxxbj949,游离,是
pjxyqxbl952,一般,否
pjxyqxbk442,游离,是
pjxyqwbk544,一般,否
pjxyqxbj957,一般,否
pjxwxxbj945,游离,是
pjxyqxbk810,一般,否
pjxuqwbj609,游离,否
pjxyqxbl714,一般,否
pjxyqwbj787,游离,是
pjxyqxbj765,一般,否
pjxuzxbj997,游离,是
pjxyqxbj217,一般,否
pjxyqxbk939,一般,否
pjxuqwbj483,游离,是
pjxyqwbj538,游离,否
pjxuqwbj735,游离,否
pjxsqxbj998,沉浸,否
pjxyqwbj418,游离,是
pjxyqwbj216,游离,是
pjxyqxbj605,一般,否
pjxqqxbj977,沉浸,否
pjxyqxbj314,一般,否
pjxsqxbj887,游离,否
pjwrqxbj965,游离,否
pjxuqwbj812,沉浸,否
pjxyqwbj421,游离,否
pjxyqxbj897,一般,否
pjxyqxbk419,一般,否
pjxyqxbk155,一般,否
pjxyqwbj733,一般,否
pjxyqxbl895,一般,否
pjxyqwbk717,游离,是
pjxyqwbj889,游离,否
pjxyqxbj039,一般,否
pjxyqwbj569,游离,是
pjxyqxbj760,一般,否
pjxpqxbj972,沉浸,否
pjxyqxbl723,一般,否
pjxwzxbj997,一般,否
pjxxxxbj911,游离,是
pjxyqxbl988,一般,否
pjxyqxbj608,一般,否
pjwrqxbj925,游离,是
pjxyqwbj085,游离,是
pjxxztfj988,一般,否
pjwtqxbj967,游离,是
pjxyqxbk277,一般,否
pjxyqwbj315,一般,否
pjxuqwbj748,沉浸,否
pjxyqwbk621,一般,否
pjxyqwbk622,游离,否
pjxyqxbj117,一般,否
pjxyqwbj441,一般,否
pjxyqxbj034,一般,否
pjxyqwbj692,游离,否
pjxyqxbj858,一般,否
pjxyqxbk655,一般,否
pjxvzrfj981,一般,否
pjxyqwbk920,游离,否
pjxuqwbj806,游离,否
pjxyqxbj646,一般,否
pjxxxxbj970,游离,是
pjxyqxbk682,一般,否
pjxuqwbj605,游离,是
pjxyqwbk729,游离,是
pjxyqwbj433,游离,否
pjxyqxbj950,一般,否
pjxyqxbl742,游离,是
pjxyqxbk457,一般,否
pjxyqxbk264,一般,否
pjxyqxbl730,一般,否
pjxyqwbj701,一般,否
pjxyqwbj871,一般,否
pjxyqwbj393,游离,是
pjxwzxbj998,一般,否
pjxyqwbj582,一般,否
pjxyqxbl950,一般,否
pjxsqxbj881,一般,否
pjxyqxbl857,一般,否
pjxyqwbj089,游离,是
pjxtztbj997,游离,是
pjxyqxbj888,一般,否
pjxuqwbj492,游离,否
pjxuqwbj508,游离,否
pjxyqxbk243,一般,否
pjxyqxbj817,游离,否
pjxyqwbk902,游离,否
pjxyqxbl847,游离,否
pjxuqwbj593,游离,是
pjxyqwbj356,一般,否
pjxyqwbj437,游离,是
pjxxxxbj997,游离,是
pjwtqxbj921,游离,是
pjxyqwbj627,游离,是
pjxyqxbk272,游离,否
pjxyqxbk665,一般,否
pjxyqxbj791,一般,否
pjxyqxbk011,一般,否
pjxyqxbk166,游离,是
pjxsqxbj815,沉浸,否
pjxyqwbj940,游离,否
pjxyqwbj986,游离,是
pjxyqxbk389,游离,是
pjxyqxbk497,游离,是
pjxuqwbj584,游离,否
pjxyqwbj307,一般,否
pjxyqxbj599,一般,否
pjxyqxbk261,一般,否
pjxsqxbj900,游离,是
pjxyqwbj710,游离,否
pjxyqxbl806,一般,否
pjxyqwbk884,游离,是
pjxuqwbj858,游离,是
pjxuqwbj545,游离,是
pjxyqxbj794,游离,是
pjxuqwbj615,游离,否
pjxvzxfj982,一般,否
pjxyqxbj862,一般,否
pjxyqxbk889,一般,否
pjxyqxbl774,游离,否
pjxpqxbj973,沉浸,否
pjxuqwbj738,游离,是
pjxyqwbj782,一般,否
pjwrqxbj967,游离,是
pjxyqwbj926,游离,否
pjxuqwbj785,游离,否
pjxuqwbj691,游离,是
pjxyqxbj448,一般,否
pjxwzxkj998,一般,否
pjxyqxbj008,一般,否
pjxyqxbk835,一般,否
pjxyqxbj952,游离,否
pjxqqxbj975,游离,否
pjxqzxbj975,游离,否
pjxuqwbj449,游离,否
pjxyqxbk894,一般,否
pjxuqwbj721,一般,否
pjxyqxbj049,一般,否
pjxyqwbk762,游离,是
pjwtqxbj987,游离,否
pjxuqwbj985,游离,是
pjxyqxbj529,一般,否
pjxyqwbj991,一般,否
pjxyqxbj180,一般,否
pjxyqxbj841,一般,否
pjxyqxbj169,游离,否
pjxyqxbj642,一般,否
pjwrqxbj977,游离,否
pjxyqxbj207,一般,否
pjxuqwbj850,游离,否
pjxyqxbl946,一般,否
pjxyqwbj678,一般,否
pjxyqxbj100,游离,否
pjxyqwbj542,游离,是
pjxrqxbj939,游离,是
pjxuqwbj632,游离,是
pjxyqwbj116,游离,是
pjxqzxbj982,游离,否
pjxyqwbj532,游离,否
pjxyqxbj347,游离,是
pjxyqxbk025,一般,否
pjxyqxbj220,一般,否
pjxyqxbl686,游离,是
pjxsqxbj876,游离,是
pjxyqxbj818,一般,否
pjxvztfj991,一般,否
pjxyqxbj006,一般,否
pjxyqxbk182,游离,否
pjxyqwbj033,一般,否
pjxyqwbk741,游离,是
pjxyqxbj722,一般,否
pjxyqxbk031,一般,否
pjxyqwbj590,游离,否
pjxyqxbj948,一般,否
pjxyqxbj718,游离,否
pjxyqxbj987,一般,否
pjxyqwbk754,一般,否
pjxyqwbj706,游离,否
pjxyqxbk521,一般,否
pjxtzxfj981,一般,否
pjxrqxbj911,游离,是
pjxyqwbk972,一般,否
pjxqqxbj986,游离,否
pjxyqwbk531,一般,否
pjxyqxbk772,一般,否
pjxsqxbj788,游离,否
pjxyqxbk947,一般,否
pjxyqwbk620,游离,是
pjxsqxbj908,游离,是
pjxyqxbj577,一般,否
pjxyqxbj129,一般,否
pjxsqxbj768,游离,否
pjxuzxbj987,游离,是
pjxyqwbk943,一般,否
pjxyqwbk706,一般,否
pjxpqxbj945,沉浸,否
pjxuqwbj642,沉浸,否
pjxyqwbj397,一般,否
pjxyqxbk783,一般,否
pjxyqxbk162,一般,否
pjxyqxbl758,一般,否
pjxyqxbj761,游离,是
pjxuqwbj894,游离,否
pjxyqwbk631,一般,否
pjxuqwbj847,游离,否
pjxuqwbj588,游离,是
pjxxzxkj983,游离,否
pjxuqwbj878,游离,是
pjxxxxbj923,游离,是
pjxyqwbj052,游离,是
pjxyqwbj594,游离,是
pjxuqwbj517,游离,否
pjxyqxbk015,游离,是
pjxyqxbk039,游离,否
pjxyqxbk474,一般,否
pjwrqxbj991,游离,是
pjxyqxbk555,游离,是
pjxyqxbk007,一般,否
pjxyqxbj663,一般,否
pjxyqwbj190,游离,是
pjxyqxbj007,游离,否
pjxuqwbj489,游离,否
pjxyqxbj659,一般,否
pjxyqwbj825,一般,否
pjxyqwbj870,一般,否
pjxyqwbk865,游离,是
pjxyqxbk231,游离,是
pjxuqwbj944,一般,否
pjxyqxbl709,一般,否
pjxyqxbk667,游离,否
pjxyqwbk665,游离,否
pjxyqxbk023,一般,否
pjxyqxbl746,一般,否
pjxyqxbk527,一般,否
pjxyqwbk826,游离,是
pjxyqwbj947,游离,否
pjxyqxbk791,一般,否
pjxyqxbk571,一般,否
pjxyqxbj784,一般,否
pjxyqxbj628,游离,否
pjxyqwbj311,游离,否
pjxqzxbj983,游离,否
pjxuqwbj538,游离,否
pjxyqxbj325,一般,否
pjxyqxbk314,一般,否
pjxwxxbj930,游离,是
pjxyqxbk154,一般,否
pjxyqwbj272,游离,是
pjwrqxbj916,游离,否
pjxyqwbj336,一般,否
pjxyqxbj525,一般,否
pjxyqxbk590,游离,否
pjxyqxbl724,游离,是
pjxuqwbj877,游离,是
pjxxxxbj945,游离,是
pjxyqxbj312,一般,否
pjxyqxbk907,一般,否
pjxsqxbj909,游离,否
pjxuqwbj861,游离,否
pjxxxxbj941,游离,是
pjxyqwbj769,游离,是
pjxyqwbk775,一般,否
pjxyqxbj576,游离,是
pjxyqxbl837,一般,否
pjxxxxbj933,游离,是
pjxyqxbk816,游离,否
pjxuqwbj497,一般,否
pjxyqwbj945,一般,否
pjxyqwbk996,游离,是
pjxyqxbj524,一般,否
pjxyqxbk848,一般,否
pjxyqxbj832,一般,否
pjxyqxbj570,一般,否
pjxyqxbk728,一般,否
pjxyqwbj665,一般,否
pjxyqxbl964,一般,否
pjxyqxbj637,一般,否
pjxyqxbl816,一般,否
pjxyqxbl984,一般,否
pjxyqwbj036,游离,是
pjxpqxbj956,游离,是
pjxyqwbk509,游离,否
pjxyqxbk500,一般,否
pjxsqxbj997,游离,否
pjxsqxbj982,游离,否
pjxuqwbj673,游离,否
pjxyqxbj243,一般,否
pjxyqwbk642,游离,是
pjxsqxbj792,游离,否
pjxyqxbj052,游离,否
pjxyqxbk846,一般,否
pjxyqwbk844,游离,否
pjxyqxbk713,一般,否
pjxqqxbj981,沉浸,否
pjxyqxbk042,一般,否
pjxyqxbk579,一般,否
pjxuqwbj837,沉浸,否
pjxyqxbj132,一般,否
pjxuqwbj551,游离,否
pjxyqwbj082,一般,否
pjxyqxbj269,一般,否
pjxsqxbj904,游离,否
pjxyqxbk663,一般,否
pjxyqwbj368,一般,否
pjxyqxbj907,沉浸,否
pjxuqwbj539,游离,是
pjxrqxbj945,游离,是
pjxuqwbj495,游离,否
pjwtqxbj998,游离,否
pjxyqwbj506,游离,否
pjxuqwbj446,游离,否
pjxyqxbk656,一般,否
pjxuqwbj767,一般,否
pjxyqxbl925,一般,否
pjxyqwbj574,一般,否
pjxuqwbj873,游离,是
pjxsqxbj810,游离,否
pjxyqwbj384,一般,否
pjxyqxbj410,一般,否
pjxyqxbk853,一般,否
pjxyqxbk839,一般,否
pjxyqxbj626,游离,是
pjxyqxbl755,游离,是
pjxyqxbj681,一般,否
pjxyqxbl916,一般,否
pjxyqxbj801,游离,是
pjxyqxbk115,一般,否
pjxyqwbj242,游离,否
pjxyqxbk295,游离,是
pjwtqxbj952,游离,否
pjxxxxbj908,游离,是
pjxyqxbj088,一般,否
pjxyqxbj979,一般,否
pjxyqxbl954,一般,否
pjxyqxbj749,游离,是
pjxyqxbj981,一般,否
pjxyqxbj521,一般,否
pjxyqwbj640,一般,否
pjwrqxbj951,游离,是
pjxyqxbk263,一般,否
pjxyqwbj608,游离,否
pjwtqxbj922,游离,是
pjxyqxbk066,一般,否
pjxxzxkj981,游离,否
pjxuzsfj995,一般,否
pjxuqwbj724,游离,是
pjxyqxbl828,一般,否
pjxyqxbl751,一般,否
pjxyqwbj902,游离,否
pjwuzxbj995,一般,否
pjxyqwbj777,一般,否
pjxyqxbl789,游离,是
pjxyqxbk495,一般,否
pjxyqwbk548,一般,否
pjxyqwbk644,一般,否
pjxyqxbj638,游离,是
pjxyqwbk814,游离,是
pjxyqwbj293,游离,否
pjxsqxbj774,游离,否
pjxyqwbk520,游离,否
pjxyqwbj302,游离,否
pjxyqxbk945,一般,否
pjxyqxbk722,一般,否
pjxyqwbj847,游离,否
pjxyqxbk217,游离,是
pjxyqxbj739,游离,否
pjxyqxbj348,一般,否
pjxyqxbk125,一般,否
pjxyqwbj486,一般,否
pjxyqwbj488,一般,否
pjxyqxbj305,一般,否
pjxyqxbk610,一般,否
pjxyqwbk799,一般,否
pjxuqwbj659,游离,否
pjxyqwbj788,游离,否
pjxyqxbj949,一般,否
pjxyqxbk686,一般,否
pjxyqxbj150,一般,否
pjxyqxbk844,一般,否
pjxyqxbl839,一般,否
pjxyqwbj163,游离,否
pjxyqxbj459,一般,否
pjxyqwbj564,游离,否
pjxyqwbk527,一般,否
pjxuqwbj803,游离,否
pjxyqxbj002,游离,是
pjxyqwbj760,游离,否
pjxyqxbj064,游离,是
pjwrqxbj924,游离,是
pjxyqxbk603,一般,否
pjxpqxbj992,一般,否
pjxyqwbk769,一般,否
pjxyqxbl765,游离,是
pjxyqwbj903,游离,否
pjxyqwbj566,一般,否
pjxpqxbj930,沉浸,否
pjxyqxbj250,一般,否
pjxyqxbk048,一般,否
pjxyqwbj476,一般,否
pjxyqxbk116,游离,是
pjxyqwbk713,一般,否
pjxyqxbk503,一般,否
pjxyqxbk807,一般,否
pjxyqxbj861,一般,否
pjxyqxbl796,一般,否
pjxyqxbl710,一般,否
pjxyqxbl921,游离,是
pjxyqxbk910,一般,否
pjxuqwbj485,游离,否
pjxxxxbj963,游离,是
pjxyqxbl987,一般,否
pjxqqxbj989,沉浸,否
pjxrqxbj952,游离,是
pjxyqxbk676,一般,否
pjxsqxbj941,游离,否
pjxyqwbj838,一般,否
pjxyqwbj285,游离,否
pjxxxxbj904,游离,是
pjxyqwbk942,一般,否
pjxrqxbj957,游离,否
pjxuqwbj527,游离,否
pjxxzxkj990,游离,否
pjxuqwbj537,游离,是
pjxyqxbl963,一般,否
pjxyqxbk547,游离,否
pjxuqwbj750,游离,否
pjxtzxfj982,游离,是
pjxyqxbl716,一般,否
pjxyqwbj922,游离,否
pjxyqxbk823,游离,是
pjxyqxbk163,一般,否
pjxqqxbj969,沉浸,否
pjxuqwbj787,游离,否
pjxyqwbj742,游离,否
pjxyqwbk901,一般,否
pjxyqxbj214,一般,否
pjxyqwbk896,游离,否
pjxyqxbj910,一般,否
pjxyqxbk105,一般,否
pjxpqxbj941,沉浸,否
pjxyqxbk718,游离,是
pjxyqwbj671,游离,是
pjxyqxbj779,一般,否
pjxuqwbj954,游离,否
pjxyqxbl701,游离,否
pjxrqxbj973,游离,否
pjxsqxbj840,游离,否
pjxyqxbk632,游离,是
pjxpqxbj976,游离,是
pjxyqwbj809,游离,否
pjxyqxbj898,一般,否
pjxyqxbk298,一般,否
pjxyqxbk680,一般,否
pjxyqwbj006,游离,是
pjxyqwbj910,沉浸,否
pjxuqwbj796,游离,是
pjxxztfj982,一般,否
pjxyqxbl717,一般,否
pjxsqxbj771,游离,否
pjxyqwbj015,游离,否
pjxyqxbk300,游离,否
pjxuqwbj760,游离,否
pjxqqxbj959,沉浸,否
pjxyqwbk756,一般,否
pjxyqxbj667,一般,否
pjxsqxbj965,游离,是
pjxyqxbj815,一般,否
pjvyzxbj993,一般,否
pjxyqxbj015,游离,是
pjxyqxbl821,一般,否
pjxqzxbj997,游离,否
pjxuqwbj558,一般,否
pjxxzxkj979,游离,否
pjxyqxbj559,一般,否
pjxyqxbj102,游离,是
pjxyqxbj947,一般,否
pjxyqxbl969,一般,否
pjxyqxbj490,一般,否
pjxsqxbj893,游离,是
pjwtqxbj969,游离,否
pjxuqwbj848,游离,否
pjwtqxbj960,游离,否
pjxsqxbj843,游离,否
pjxyqxbj084,游离,否
pjxyqxbj687,一般,否
pjxyqxbj630,游离,否
pjxyqwbk954,游离,是
pjxyqxbj955,游离,是
pjxyqxbj332,一般,否
pjwtqxbj947,游离,否
pjxyqxbk098,游离,是
pjxsqxbj962,游离,否
pjxuqwbj443,一般,否
pjxyqwbk543,一般,否
pjxsqxbj944,游离,否
pjxyqwbj876,一般,否
pjxyqwbk991,一般,否
pjxyqxbj933,一般,否
pjxuqwbj778,游离,否
pjxsqxbj809,游离,否
pjxyqwbj348,游离,否
pjxuqwbj930,游离,否
pjxyqwbj632,一般,否
pjxyqxbk468,游离,否
pjxyqxbj662,一般,否
pjxyqwbj088,游离,否
pjxyqwbj988,一般,否
pjxuqwbj571,游离,否
pjxrqxbj994,游离,是
pjxyqxbj501,游离,是
pjxyqxbj645,游离,是
pjxyqwbj971,一般,否
pjxuzsfj983,一般,否
pjxyqwbk686,游离,否
pjxwxxbj915,游离,否
pjxwzxfj977,一般,否
pjxyqxbl962,一般,否
pjxuqwbj511,一般,否
pjxyqwbj888,游离,是
pjxyqxbl966,一般,否
pjxuqwbj879,沉浸,否
pjxsqxbj862,一般,否
pjxyqwbj932,游离,否
pjxyqxbk068,游离,是
pjxyqwbj338,一般,否
pjxyqxbl854,一般,否
pjxyqxbj067,游离,否
pjxyqwbj592,游离,否
pjxpqxbj979,游离,是
pjxyqwbj366,一般,否
pjxuqwbj478,游离,否
pjxyqwbj928,游离,是
pjxqzxbj984,游离,是
pjxyqxbj370,游离,否
pjxyqxbj871,一般,否
pjxsqxbj871,游离,否
pjxuqwbj854,游离,否
pjxxztbj998,一般,否
pjxyqxbj771,一般,否
pjxyqwbk653,游离,是
pjxyqxbj541,游离,是
pjxyqxbj046,一般,否
pjxyqwbj394,游离,否
pjxuqwbj937,一般,否
pjxyqxbk403,游离,是
pjxyqxbk195,游离,否
pjxyqwbj497,游离,否
pjxyqxbj506,一般,否
pjxyqxbk604,游离,是
pjxyqxbk074,游离,否
pjxqqxbj973,游离,否
pjxuqwbj547,沉浸,否
pjwuzxbj992,一般,否
pjxyqwbk755,一般,否
pjxyqxbj853,一般,否
pjxyqxbl872,游离,是
pjxyqxbj750,一般,否
pjxsqxbj922,游离,否
pjxvztfj985,一般,否
pjxyqwbj203,一般,否
pjxqqxbj998,沉浸,否
pjxuqwbj773,一般,否
pjxyqwbk510,一般,否
pjxyqwbk708,一般,否
pjxyqxbk644,一般,否
pjxyqxbk144,一般,否
pjxyqwbj929,一般,否
pjxyqxbk601,一般,否
pjxyqxbj885,一般,否
pjwrqxbj918,游离,否
pjxyqwbj688,一般,否
pjxyqxbk218,游离,否
pjxyqxbk961,一般,否
pjxxxxbj989,游离,是
pjxyqwbj299,一般,否
pjxsqxbj969,一般,否
pjxyqxbj148,游离,是
pjxyqxbj788,游离,是
pjxyqxbj989,一般,否
pjwtqxbj950,游离,否
pjxyqwbj685,一般,否
pjxyqwbk767,游离,否
pjxyqxbj428,游离,是
pjxyqxbj854,一般,否
pjxyqwbj663,一般,否
pjxyqwbk617,游离,是
pjxyqxbk448,游离,否
pjxwxxbj940,游离,是
pjxyqxbj731,一般,否
pjxyqxbk662,一般,否
pjxyqxbl825,一般,否
pjxyqwbj834,游离,是
pjxxzxkj987,游离,否
pjxyqwbj347,一般,否
pjxsqxbj863,游离,是
pjwrqxbj952,游离,否
pjwrqxbj992,游离,是
pjxyqwbj305,一般,否
pjxyqxbk720,游离,否
pjxyqxbl930,游离,否
pjxyqwbj548,游离,否
pjwtqxbj918,游离,否
pjxyqwbj159,游离,否
pjxyqxbk335,一般,否
pjxuqwbj490,游离,是
pjxyqxbk000,一般,否
pjxyqxbl843,游离,是
pjwrqxbj983,游离,是
pjxyqxbk803,一般,否
pjxuqwbj515,游离,否
pjxpqxbj946,沉浸,否
pjxuqwbj705,游离,否
pjxyqwbk910,一般,否
pjxyqxbk506,游离,是
pjwrqxbj994,游离,否
pjxyqxbj616,一般,否
pjxsqxbj784,游离,否
pjxyqxbk505,一般,否
pjxyqxbk330,游离,否
pjxyqxbj640,一般,否
pjxyqwbj872,游离,否
pjxyqxbj893,一般,否
pjxuqwbj687,游离,否
pjxpqxbj937,沉浸,否
pjwrqxbj923,游离,是
pjxyqxbj869,一般,否
pjxpqxbj985,游离,是
pjxrqxbj990,游离,是
pjxsqxbj934,游离,是
pjxyqxbk131,一般,否
pjxyqwbk889,游离,否
pjxyqxbj772,游离,是
pjxyqxbk697,一般,否
pjxuqwbj766,游离,是
pjxyqxbk997,一般,否
pjxyqxbk246,一般,否
pjxpqxbj961,沉浸,否
pjxyqwbj775,一般,否
pjxyqxbl867,一般,否
pjxyqxbj048,一般,否
pjxyqwbk806,一般,否
pjxuqwbj505,游离,否
pjxyqxbk926,游离,否
pjxyqwbj002,一般,否
pjxyqxbj776,一般,否
pjxyqxbk703,游离,是
pjxyqxbj283,游离,是
pjxpqxbj925,游离,否
pjxyqwbk923,一般,否
pjxyqwbj837,游离,否
pjxuqwbj460,游离,否
pjxyqwbj236,游离,是
pjxyqxbk777,游离,是
pjxyqxbk733,游离,是
pjxuqwbj974,游离,是
pjxyqxbk609,游离,否
pjxyqwbk966,游离,否
pjxsqxbj827,游离,否
pjxyqxbk595,一般,否
pjxyqxbj838,一般,否
pjxyqwbj754,游离,否
pjxyqxbj698,一般,否
pjxuqwbj935,一般,否
pjxyqwbk761,一般,否
pjxyqxbk753,一般,否
pjxuqwbj783,沉浸,否
pjxyqxbj953,一般,否
pjxyqwbj069,一般,否
pjxyqxbj120,一般,否
pjxuqwbj713,游离,否
pjxuqwbj833,游离,否
pjxyqxbj277,一般,否
pjxyqxbk232,游离,是
pjxxzxbj998,一般,否
pjxyqxbj391,一般,否
pjxyqwbk678,游离,否
pjxyqxbk695,一般,否
pjxyqxbk402,一般,否
pjwtqxbj965,游离,否
pjxyqxbk813,游离,是
pjxyqxbj240,一般,否
pjxyqwbk955,游离,否
pjxyqwbj243,一般,否
pjxyqxbj478,游离,是
pjxyqxbj714,一般,否
pjxwzxfj975,一般,否
pjxyqxbj954,一般,否
pjxyqxbk757,一般,否
pjxyqwbj464,游离,否
pjxuqwbj797,游离,否
pjxyqwbk855,一般,否
pjxyqxbj733,游离,否
pjxyqwbj412,游离,否
pjxyqxbk767,游离,是
pjxyqwbk993,一般,否
pjxyqwbk746,游离,否
pjxrqxbj892,游离,是
pjxyqwbj811,一般,否
pjxuqwbj498,游离,是
pjxyqwbk900,游离,否
pjxyqwbj278,游离,是
pjxyqxbj595,一般,否
pjxyqwbk788,一般,否
pjxyqxbk458,一般,否
pjxyqxbj223,一般,否
pjxyqxbj537,游离,否
pjxyqxbj769,游离,是
pjxyqwbj555,一般,否
pjxyqxbj384,一般,否
pjxyqwbj027,游离,是
pjxuqwbj594,游离,是
pjxuqwbj986,游离,否
pjxyqxbk346,游离,是
pjxyqxbl688,一般,否
pjxyqxbj417,一般,否
pjxyqwbj726,一般,否
pjxuqwbj661,沉浸,否
pjxyqwbj936,一般,否
pjxyqxbk350,一般,否
pjxyqxbj279,一般,否
pjxsqxbj864,沉浸,否
pjxrqxbj901,一般,否
pjwrqxbj944,游离,否
pjxqzxbj994,游离,否
pjxwzxfj983,一般,否
pjxyqxbk637,一般,否
pjxyqwbk650,游离,是
pjxyqxbj848,一般,否
pjxxxxbj966,游离,是
pjxyqwbj864,游离,否
pjxyqxbl757,一般,否
pjxpqxbj997,沉浸,否
pjxyqxbk629,一般,否
pjxyqwbj409,一般,否
pjxyqxbj993,一般,否
pjxyqxbj158,一般,否
pjxuqwbj581,沉浸,否
pjxuqwbj755,沉浸,否
pjxyqxbj911,一般,否
pjxuqwbj476,游离,是
pjxwzxbj989,一般,否
pjxyqxbj914,一般,否
pjxyqwbj989,一般,否
pjxyqxbk316,一般,否
pjxyqxbk647,一般,否
pjxrqxbj958,游离,是
pjxyqxbj903,一般,否
pjxxxxbj913,游离,是
pjxyqxbk201,一般,否
pjxyqwbj950,一般,否
pjxyqxbk723,游离,否
pjxxxxbj986,游离,是
pjxyqwbj699,游离,是
pjxyqwbj698,一般,否
pjxyqwbk551,一般,否
pjxyqxbk097,一般,否
pjxyqxbk843,游离,是
pjxyqxbj707,一般,否
pjxyqxbk528,一般,否
pjxyqxbl812,一般,否
pjxyqwbk919,游离,否
pjxvzrfj978,一般,否
pjxuqwbj726,一般,否
pjxyqxbj063,一般,否
pjxyqxbj095,一般,否
pjxyqwbj883,游离,是
pjxyqwbk583,一般,否
pjwtqxbj974,游离,是
pjxyqwbk864,游离,是
pjxyqwbj090,一般,否
pjxyqxbk927,一般,否
pjwrqxbj884,游离,是
pjxyqxbk262,一般,否
pjxyqxbj799,游离,是
pjxyqxbk778,一般,否
pjxuqwbj814,沉浸,否
pjxwxxbj928,游离,否
pjxuqwbj692,一般,否
pjwrqxbj935,游离,否
pjxxxxbj968,游离,是
pjxyqwbk791,游离,否
pjxyqxbl769,游离,是
pjxyqwbj912,游离,是
pjxyqxbk013,一般,否
pjxyqxbj647,一般,否
pjxsqxbj905,游离,是
pjxuqwbj600,沉浸,否
pjxyqwbj615,游离,否
pjxvzxfj987,一般,否
pjxyqxbk562,一般,否
pjxuqwbj676,游离,是
pjxyqxbl684,游离,否
pjxyqwbj126,游离,否
pjxyqwbj833,一般,否
pjxyqwbj334,一般,否
pjxyqxbj609,一般,否
pjxrqxbj951,游离,否
pjxyqxbj241,一般,否
pjxyqxbk150,游离,是
pjxyqxbk882,一般,否
pjxyqwbj479,一般,否
pjxyqwbj728,一般,否
pjxyqxbj155,一般,否
pjxyqwbk795,游离,是
pjxuqwbj624,沉浸,否
pjxrqxbj928,游离,是
pjxyqxbk567,一般,否
pjxuqwbj651,游离,是
pjxyqxbk080,一般,否
pjxyqxbk745,游离,是
pjxyqwbk824,游离,是
pjxyqwbk831,一般,否
pjxyqxbk479,一般,否
pjxyqwbk538,游离,是
pjxyqxbj038,一般,否
pjxyqxbj092,一般,否
pjxyqwbk736,游离,否
pjxyqwbk866,游离,是
pjxyqxbj371,一般,否
pjxyqxbj032,一般,否
pjxqzxbj973,游离,是
pjxpqxbj912,沉浸,否
pjxsqxbj968,沉浸,否
pjxxxxbj944,游离,是
pjwrqxbj978,游离,是
pjxyqwbj570,一般,否
pjxyqwbj966,游离,否
pjxyqwbk511,一般,否
pjxyqxbj285,一般,否
pjxuqwbj461,游离,否
pjxyqwbj946,游离,是
pjxyqwbk907,游离,是
pjxuzsfj988,一般,否
pjxyqxbj635,游离,是
pjxyqwbj164,一般,否
pjxyqxbk307,一般,否
pjxyqxbl704,一般,否
pjxyqxbj565,一般,否
pjxyqwbj398,一般,否
pjxyqwbj130,一般,否
pjxsqxbj906,游离,否
pjxyqwbj122,游离,是
pjxyqxbk854,一般,否
pjxyqxbl869,游离,否
pjxuqwbj528,沉浸,否
pjxyqxbj173,一般,否
pjxyqwbk562,一般,否
pjxpqxbj977,沉浸,否
pjxyqwbk604,游离,否
pjxpqxbj975,沉浸,否
pjxyqxbk880,游离,否
pjxyqxbl743,一般,否
pjxyqwbk747,游离,是
pjvyzxbj997,游离,否
pjxyqwbj172,游离,是
pjxpqxbj932,沉浸,否
pjxsqxbj918,一般,否
pjxyqwbj790,游离,是
pjxsqxbj823,游离,否
pjxyqxbk148,一般,否
pjxyqxbj991,游离,否
pjxyqxbj636,一般,否
pjwrqxbj890,游离,是
pjxtztbj990,游离,是
pjxyqxbk537,一般,否
pjxyqxbj403,一般,否
pjxyqwbk787,一般,否
pjxyqwbk782,游离,否
pjxvztfj990,一般,否
pjxuqwbj927,一般,否
pjwtqxbj984,游离,是
pjxyqxbj333,一般,否
pjxyqxbl985,一般,否
pjxyqxbk159,一般,否
pjxyqwbj031,游离,否
pjxyqwbj430,一般,否
pjxyqxbk273,一般,否
pjxpqxbj920,沉浸,否
pjxyqxbk520,一般,否
pjxyqxbj454,一般,否
pjxuqwbj853,游离,否
pjxyqwbk547,游离,是
pjxyqxbk373,一般,否
pjxyqxbj162,一般,否
pjxxxxbj943,游离,是
pjxyqxbk190,一般,否
pjxyqxbk661,游离,否
pjxxxxbj980,游离,是
pjxyqwbj885,一般,否
pjxyqxbk943,一般,否
pjxpqxbj969,沉浸,否
pjxyqxbj492,一般,否
pjxyqxbk052,一般,否
pjxyqxbk677,一般,否
pjxsqxbj796,游离,否
pjxyqwbj169,一般,否
pjxyqxbl699,一般,否
pjxyqwbj158,游离,是
pjxxztfj991,一般,否
pjxyqxbk076,一般,否
pjxyqwbk694,一般,否
pjxyqxbl677,游离,是
pjxyqxbl731,游离,否
pjxyqwbj822,游离,是
pjxwxxbj960,游离,是
pjxyqxbj359,一般,否
pjxxxxbj914,游离,是
pjxuqwbj962,游离,是
pjxyqxbk804,一般,否
pjxyqwbk962,一般,否
pjxvzxbj997,一般,否
pjxyqxbj827,一般,否
pjxyqxbk519,一般,否
pjxsqxbj916,游离,是
pjxyqxbk167,一般,否
pjxyqwbj193,一般,否
pjwrqxbj985,游离,是
pjxsqxbj772,游离,是
pjxyqwbj452,游离,否
pjxxxxbj953,游离,是
pjxyqwbj095,游离,否
pjxyqxbl737,一般,否
pjxpqxbj978,沉浸,否
pjxyqxbk198,一般,否
pjxyqwbj261,一般,否
pjxyqwbk716,一般,否
pjxyqxbk715,一般,否
pjxyqxbl827,游离,是
pjxyqxbj586,一般,否
pjxwxxbj972,游离,否
pjxyqwbj524,游离,是
pjxyqxbj476,一般,否
pjxyqxbj415,游离,否
pjxyqwbk792,游离,是
pjxsqxbj812,游离,否
pjxyqwbj961,游离,是
pjxyqxbj286,一般,否
pjxyqxbj918,一般,否
pjxyqxbl781,一般,否
pjxqzxbj989,沉浸,否
pjxuqwbj631,游离,否
pjxuqwbj606,游离,否
pjxyqwbj927,一般,否
pjxxxxbj942,游离,是
pjxsqxbj980,游离,是
pjxsqxbj831,游离,是
pjxyqwbj613,游离,是
pjxyqwbj417,游离,否
pjxyqxbl896,游离,是
pjxsqxbj816,游离,否
pjxyqwbj713,一般,否
pjxxxxbj916,游离,是
pjvyzvfj989,一般,否
pjxwzxbj985,一般,否
pjxsqxbj872,游离,否
pjxwxxbj910,游离,是
pjxyqwbj309,一般,否
pjxyqxbk847,一般,否
pjxyqwbj422,游离,否
pjxyqxbj105,一般,否
pjxsqxbj789,游离,否
pjxyqxbj031,一般,否
pjxyqxbl687,一般,否
pjxwzxbj993,一般,否
pjwtqxbj968,游离,是
pjwrqxbj901,游离,否
pjxvzxfj998,一般,否
pjxyqwbk815,游离,否
pjxyqxbk700,游离,是
pjxyqwbj003,一般,否
pjxpqxbj967,沉浸,否
pjxuqwbj582,沉浸,否
pjxyqxbl767,一般,否
pjxsqxbj801,游离,否
pjxsqxbj765,游离,否
pjxyqxbk573,一般,否
pjxvzxfj988,一般,否
pjxyqwbk592,游离,是
pjxyqwbj830,游离,是
pjwtqxbj928,游离,否
pjxyqwbj763,一般,否
pjxyqxbk993,一般,否
pjxyqwbk618,一般,否
pjxyqxbj566,游离,否
pjxyqxbj562,游离,是
pjxyqxbk135,一般,否
pjxtztbj986,游离,是
pjxuqwbj786,一般,否
pjxyqxbk899,一般,否
pjxyqwbj646,一般,否
pjxyqxbk634,一般,否
pjxyqxbj355,游离,是
pjxyqwbk636,游离,是
pjxyqwbj129,一般,否
pjxyqxbj125,一般,否
pjxyqwbj557,游离,否
pjxyqxbj686,一般,否
pjxxxxbj957,游离,是
pjxuqwbj559,游离,否
pjxyqwbj054,游离,否
pjxuqwbj535,游离,否
pjxyqxbj054,一般,否
pjxyqxbk630,一般,否
pjxuqwbj512,游离,是
pjxyqwbj535,一般,否
pjxpqxbj955,游离,否
pjxyqxbj545,一般,否
pjxxxxbj930,游离,是
pjxuqwbj845,游离,否
pjxyqxbk615,游离,是
pjxwxxbj899,游离,是
pjxyqxbk072,一般,否
pjxyqxbk788,一般,否
pjxyqxbk828,一般,否
pjxyqxbk391,一般,否
pjxyqwbk731,游离,是
pjxyqwbk584,游离,否
pjxyqwbj375,游离,否
pjxyqxbj670,一般,否
pjxyqwbj396,一般,否
pjxrqxbj937,游离,否
pjxyqxbl955,游离,否
pjxyqwbj674,游离,是
pjxpqxbj987,沉浸,否
pjxyqxbk598,一般,否
pjxyqxbj712,一般,否
pjxyqwbj797,一般,否
pjxrqxbj942,游离,是
pjxwxxbj934,游离,是
pjxyqxbj012,一般,否
pjxyqwbj924,一般,否
pjxuqwbj648,游离,否
pjxyqwbk793,一般,否
pjxyqwbj531,一般,否
pjxyqwbj221,一般,否
pjxuqwbj573,游离,否
pjxyqxbl759,一般,否
pjxyqxbk194,一般,否
pjxyqxbj144,游离,是
pjwrqxbj919,游离,否
pjxyqwbk601,游离,是
pjxyqxbj995,一般,否
pjxyqwbj793,一般,否
pjxuzsfj977,一般,否
pjxyqwbk951,一般,否
pjxyqwbj807,一般,否
pjxyqxbj024,游离,否
pjxyqwbj857,游离,是
pjxyqxbj519,一般,否
pjxyqxbj086,一般,否
pjxyqwbk668,一般,否
pjxyqxbj507,一般,否
pjxtztbj998,游离,是
pjxyqxbk294,游离,是
pjxyqxbl937,一般,否
pjxyqxbk780,一般,否
pjxyqxbk685,一般,否
pjxyqxbk165,一般,否
pjxxxxbj907,游离,是
pjxyqxbk531,游离,否
pjxuqwbj619,游离,否
pjxyqxbk180,一般,否
pjxyqwbj391,游离,否
pjxyqwbk662,游离,是
pjxyqxbj834,一般,否
pjxyqwbj604,一般,否
pjxyqxbj278,一般,否
pjxyqwbj455,一般,否
pjxyqwbj691,一般,否
pjxyqwbj560,一般,否
pjxuqwbj565,游离,否
pjxyqxbj615,一般,否
pjxyqwbk607,一般,否
pjxyqwbk615,游离,是
pjxyqxbl906,游离,否
pjxyqwbj492,一般,否
pjxuqwbj996,游离,否
pjxyqwbk514,游离,否
pjxyqwbj727,游离,否
pjxyqxbk342,游离,否
pjxyqwbj225,一般,否
pjxsqxbj873,游离,否
pjxyqxbk399,一般,否
pjxyqwbk540,游离,是
pjxyqxbj043,游离,是
pjwrqxbj979,游离,否
pjxuzsfj981,一般,否
pjxuqwbj677,游离,是
pjxyqwbk956,游离,否
pjxyqwbj341,一般,否
pjxuqwbj890,游离,否
pjxyqwbj459,游离,否
pjxyqwbj166,游离,否
pjxyqxbj065,一般,否
pjxyqwbk728,一般,否
pjxyqxbk614,一般,否
pjxyqxbk962,一般,否
pjxuqwbj976,游离,是
pjxsqxbj925,游离,否
pjxyqwbj508,游离,否
pjxyqxbk121,一般,否
pjxyqwbj245,游离,是
pjxyqwbj624,游离,是
pjxsqxbj966,游离,否
pjxyqwbj435,游离,否
pjxyqwbk724,游离,否
pjxyqxbj807,一般,否
pjxyqwbj979,游离,否
pjxuqwbj450,游离,是
pjxyqxbk325,一般,否
pjxpqxbj934,沉浸,否
pjxuqwbj562,游离,否
pjxyqxbj831,一般,否
pjxyqxbk401,一般,否
pjxyqxbk936,游离,是
pjxpqxbj914,沉浸,否
pjxyqwbk537,沉浸,否
pjxyqwbj772,一般,否
pjxyqwbj013,一般,否
pjxyqxbj795,一般,否
pjxyqxbj980,一般,否
pjwtqxbj979,游离,否
pjxqqxbj991,沉浸,否
pjvyzxbj995,一般,否
pjxyqwbj737,一般,否
pjxyqxbj251,一般,否
pjxyqxbj927,一般,否
pjxsqxbj971,游离,是
pjxwzxfj987,一般,否
pjxyqxbk971,一般,否
pjxyqxbl879,游离,是
pjxyqxbk633,游离,否
pjxyqwbj321,游离,否
pjxyqwbj937,游离,否
pjxsqxbj885,游离,否
pjxyqxbk657,一般,否
pjxuqwbj468,游离,是
pjxyqxbl970,一般,否
pjxyqwbk879,一般,否
pjwrqxbj998,游离,是
pjxqzxbj995,游离,否
pjxyqwbj150,游离,否
pjxyqxbj922,一般,否
pjxyqwbk595,一般,否
pjxyqxbk208,一般,否
pjxuqwbj658,游离,是
pjxyqxbj345,一般,否
pjxyqwbj591,游离,是
pjxyqxbk742,一般,否
pjxyqwbj050,一般,否
pjxyqxbk909,一般,否
pjxyqxbl807,游离,是
pjxyqxbk095,一般,否
pjxyqwbj084,一般,否
pjxsqxbj995,一般,否
pjxyqxbk991,一般,否
pjxwzxkj989,一般,否
pjxyqxbk581,一般,否
pjxyqxbk022,一般,否
pjxyqxbk331,一般,否
pjxyqwbj117,一般,否
pjxuqwbj988,游离,是
pjxyqxbj522,游离,是
pjxyqxbj075,一般,否
pjxyqwbj589,游离,否
pjxyqxbk855,一般,否
pjxsqxbj932,游离,是
pjxyqwbj890,游离,否
pjxuqwbj699,游离,否
pjxsqxbj953,游离,是
pjxyqwbj584,游离,是
pjxyqxbj452,游离,是
pjxyqwbk999,游离,否
pjxyqwbk862,一般,否
pjxuqwbj883,游离,是
pjxuqwbj519,沉浸,否
pjxxxxbj987,游离,否
pjxrqxbj905,游离,否
pjvyzvfj974,一般,否
pjxyqwbk772,游离,是
pjxqqxbj979,游离,是
pjxyqwbj967,一般,否
pjxyqxbk398,一般,否
pjxrqxbj916,游离,是
pjxtztbj987,游离,是
pjwrqxbj932,游离,是
pjxyqwbj035,游离,是
pjxyqxbk594,游离,是
pjxrqxbj954,游离,是
pjxyqwbk834,游离,否
pjxuqwbj473,游离,否
pjxyqxbj320,游离,是
pjxrqxbj963,游离,是
pjxuqwbj650,游离,否
pjxyqxbl965,游离,是
pjxyqxbk199,一般,否
pjxyqwbj400,游离,否
pjxqqxbj996,游离,否
pjxyqxbk047,一般,否
pjxyqwbj425,游离,否
pjxqqxbj967,游离,否
pjxyqwbj687,游离,是
pjwrqxbj980,游离,否
pjxsqxbj856,游离,是
pjxyqwbj914,游离,否
pjxyqwbj112,一般,否
pjxsqxbj760,游离,是
pjxyqwbk830,一般,否
pjxpqxbj933,沉浸,否
pjxyqwbj328,游离,否
pjxyqxbj607,一般,否
pjxyqwbj709,一般,否
pjxyqxbl830,一般,否
pjxyqxbj284,一般,否
pjxuqwbj772,游离,否
pjxuqwbj906,游离,否
pjxyqxbj151,一般,否
pjxyqxbk338,游离,是
pjxyqxbk812,游离,否
pjxyqxbj610,游离,是
pjxpqxbj924,游离,是
pjxyqwbj098,一般,否
pjxyqxbj909,一般,否
pjxyqxbl876,游离,否
pjxyqxbk684,一般,否
pjxyqxbj866,游离,否
pjxyqxbk957,一般,否
pjxuqwbj712,游离,否
pjxyqwbj201,游离,是
pjxsqxbj921,沉浸,否
pjxyqxbl884,游离,是
pjxyqwbj828,游离,是
pjxyqwbk856,一般,否
pjxxzxkj995,游离,否
pjwtqxbj925,沉浸,否
pjxyqxbk937,一般,否
pjxyqxbk149,游离,是
pjxyqwbk922,游离,否
pjxyqwbj232,一般,否
pjxsqxbj790,游离,否
pjxyqxbk377,游离,是
pjwtqxbj933,游离,否
pjxyqxbk522,一般,否
pjxyqwbk720,一般,否
pjxyqxbk434,游离,是
pjxrqxbj981,游离,是
pjxyqwbj588,游离,否
pjxyqxbl739,游离,否
pjxxztfj986,一般,否
pjxyqwbj933,一般,否
pjxyqxbj455,一般,否
pjxyqxbk627,一般,否
pjxyqxbk826,一般,否
pjxyqxbk992,一般,否
pjxyqwbk870,一般,否
pjxyqwbj223,一般,否
pjxuqwbj540,游离,否
pjxxztbj995,一般,否
pjxyqxbk710,一般,否
pjxsqxbj867,游离,是
pjxyqxbk794,一般,否
pjwtqxbj913,游离,否
pjxuqwbj830,游离,否
pjxyqxbk429,一般,否
pjxrqxbj944,游离,是
pjxuqwbj639,游离,是
pjxyqwbj022,游离,否
pjxyqwbj917,一般,否
pjxyqxbk369,一般,否
pjxyqwbj849,游离,是
pjxyqxbk669,游离,是
pjxyqxbk486,一般,否
pjwrqxbj882,游离,是
pjxyqwbj351,游离,否
pjxyqxbk840,一般,否
pjxxxxbj995,游离,是
pjxrqxbj978,游离,是
pjxsqxbj984,游离,是
pjxyqxbl735,一般,否
pjxyqxbk551,一般,否
pjxyqxbk732,游离,否
pjxyqxbl991,一般,否
pjxyqwbj530,一般,否
pjxwxxbj970,游离,是
pjxsqxbj786,游离,否
pjxpqxbj944,沉浸,否
pjxyqxbk437,一般,否
pjxyqxbj294,游离,是
pjwtqxbj942,游离,否
pjxuqwbj733,游离,是
pjxyqwbj789,游离,否
pjxsqxbj989,一般,否
pjxyqxbk878,一般,否
pjxwxxbj938,游离,是
pjxyqwbj886,游离,是
pjxyqwbj197,一般,否
pjxyqwbj047,游离,是
pjxyqxbj657,一般,否
pjxuqwbj876,游离,否
pjxuqwbj717,游离,是
pjxyqwbk949,一般,否
pjwtqxbj931,游离,否
pjxyqxbl891,一般,否
pjxyqwbj073,游离,否
pjxyqwbj741,一般,否
pjxyqxbj257,一般,否
pjxyqwbj401,一般,否
pjxyqwbj554,一般,否
pjxwzxbj988,一般,否
pjxuqwbj644,游离,否
pjxyqxbk578,一般,否
pjxuqwbj731,游离,否
pjxsqxbj778,游离,是
pjxyqxbl907,一般,否
pjxyqxbk276,一般,否
pjxrqxbj908,游离,否
pjxyqxbk969,一般,否
pjxwxxbj995,游离,是
pjxyqwbj253,游离,是
pjxwzxbj996,一般,否
pjxtzxbj997,游离,是
pjxyqxbk841,一般,否
pjxyqxbk063,一般,否
pjxyqxbl874,游离,是
