XH,锻炼习惯,体型,锻炼稳定性,意志力梯队
pjvyzxbj993,运动达人,偏瘦体型,较稳定,白银意志
pjvyzxbj995,运动达人,标准体型,较稳定,钻石意志
pjvyzxbj997,运动达人,标准体型,较稳定,钻石意志
pjvyzxbj998,运动达人,标准体型,较稳定,铂金意志
pjwqzwbj998,运动达人,标准体型,较稳定,铂金意志
pjwrqxbj882,运动达人,标准体型,较稳定,铂金意志
pjwrqxbj884,运动达人,标准体型,较稳定,钻石意志
pjwrqxbj890,运动达人,标准体型,较稳定,铂金意志
pjwrqxbj898,运动达人,标准体型,较稳定,白银意志
pjwrqxbj901,运动达人,超重体型,较稳定,青铜意志
pjwrqxbj905,运动达人,超重体型,较稳定,青铜意志
pjwrqxbj911,运动达人,超重体型,一般,青铜意志
pjwrqxbj913,运动达人,标准体型,较稳定,黄金意志
pjwrqxbj916,运动达人,偏瘦体型,较稳定,青铜意志
pjwrqxbj918,运动达人,肥胖体型,一般,待提升
pjwrqxbj919,运动达人,肥胖体型,较稳定,待提升
pjwrqxbj920,运动达人,标准体型,较稳定,铂金意志
pjwrqxbj923,运动达人,超重体型,较稳定,白银意志
pjwrqxbj924,运动达人,肥胖体型,较稳定,待提升
pjwrqxbj925,运动达人,标准体型,较稳定,黄金意志
pjwrqxbj926,运动达人,超重体型,较稳定,白银意志
pjwrqxbj929,运动达人,标准体型,较稳定,铂金意志
pjwrqxbj932,运动达人,标准体型,较稳定,黄金意志
pjwrqxbj935,运动达人,超重体型,较稳定,白银意志
pjwrqxbj938,运动达人,超重体型,较稳定,青铜意志
pjwrqxbj944,运动达人,超重体型,较稳定,黄金意志
pjwrqxbj945,运动达人,标准体型,较稳定,黄金意志
pjwrqxbj948,运动达人,偏瘦体型,较稳定,白银意志
pjwrqxbj949,运动达人,标准体型,较稳定,铂金意志
pjwrqxbj951,运动达人,标准体型,较稳定,黄金意志
pjwrqxbj952,运动达人,标准体型,较稳定,铂金意志
pjwrqxbj955,运动达人,肥胖体型,较稳定,待提升
pjwrqxbj956,运动达人,标准体型,较稳定,铂金意志
pjwrqxbj965,运动达人,标准体型,较稳定,钻石意志
pjwrqxbj967,运动达人,标准体型,较稳定,铂金意志
pjwrqxbj973,运动达人,标准体型,较稳定,黄金意志
pjwrqxbj974,运动达人,标准体型,较稳定,黄金意志
pjwrqxbj977,运动达人,标准体型,较稳定,黄金意志
pjwrqxbj978,运动达人,标准体型,较稳定,铂金意志
pjwrqxbj979,运动达人,标准体型,较稳定,铂金意志
pjwrqxbj980,运动达人,超重体型,较稳定,青铜意志
pjwrqxbj983,运动达人,偏瘦体型,较稳定,青铜意志
pjwrqxbj984,运动达人,标准体型,较稳定,铂金意志
pjwrqxbj985,运动达人,标准体型,较稳定,黄金意志
pjwrqxbj988,运动达人,超重体型,较稳定,白银意志
pjwrqxbj991,运动达人,超重体型,较稳定,待提升
pjwrqxbj992,运动达人,超重体型,较稳定,青铜意志
pjwrqxbj993,运动达人,标准体型,较稳定,铂金意志
pjwrqxbj994,运动达人,标准体型,较稳定,铂金意志
pjwrqxbj998,运动达人,偏瘦体型,较稳定,待提升
pjwrzxbj996,运动达人,标准体型,较稳定,黄金意志
pjwtqxbj913,运动达人,标准体型,较稳定,黄金意志
pjwtqxbj914,运动达人,超重体型,较稳定,白银意志
pjwtqxbj918,运动达人,偏瘦体型,较稳定,青铜意志
pjwtqxbj920,运动达人,偏瘦体型,较稳定,待提升
pjwtqxbj921,运动达人,肥胖体型,一般,待提升
pjwtqxbj922,运动达人,标准体型,较稳定,钻石意志
pjwtqxbj925,运动达人,偏瘦体型,较稳定,白银意志
pjwtqxbj928,运动达人,超重体型,一般,待提升
pjwtqxbj929,运动达人,标准体型,较稳定,白银意志
pjwtqxbj930,运动达人,超重体型,较稳定,青铜意志
pjwtqxbj931,运动达人,标准体型,较稳定,钻石意志
pjwtqxbj932,运动达人,标准体型,较稳定,白银意志
pjwtqxbj933,运动达人,超重体型,较稳定,青铜意志
pjwtqxbj935,运动达人,标准体型,较稳定,白银意志
pjwtqxbj939,运动达人,超重体型,较稳定,白银意志
pjwtqxbj941,运动达人,标准体型,较稳定,黄金意志
pjwtqxbj942,运动达人,标准体型,较稳定,铂金意志
pjwtqxbj943,运动达人,标准体型,较稳定,钻石意志
pjwtqxbj944,运动达人,标准体型,较稳定,黄金意志
pjwtqxbj946,运动达人,标准体型,较稳定,钻石意志
pjwtqxbj947,运动达人,标准体型,较稳定,青铜意志
pjwtqxbj950,运动达人,标准体型,较稳定,黄金意志
pjwtqxbj952,运动达人,标准体型,较稳定,黄金意志
pjwtqxbj953,运动达人,标准体型,较稳定,青铜意志
pjwtqxbj954,运动达人,超重体型,较稳定,青铜意志
pjwtqxbj957,运动达人,标准体型,一般,待提升
pjwtqxbj959,运动达人,标准体型,较稳定,铂金意志
pjwtqxbj960,运动达人,标准体型,较稳定,铂金意志
pjwtqxbj965,运动达人,标准体型,较稳定,黄金意志
pjwtqxbj967,运动达人,标准体型,较稳定,黄金意志
pjwtqxbj968,运动达人,标准体型,较稳定,黄金意志
pjwtqxbj969,运动达人,标准体型,较稳定,白银意志
pjwtqxbj971,运动达人,超重体型,较稳定,白银意志
pjwtqxbj972,运动达人,标准体型,较稳定,钻石意志
pjwtqxbj974,运动达人,标准体型,较稳定,铂金意志
pjwtqxbj976,运动达人,标准体型,较稳定,青铜意志
pjwtqxbj977,运动达人,标准体型,一般,白银意志
pjwtqxbj979,运动达人,标准体型,较稳定,铂金意志
pjwtqxbj982,运动达人,标准体型,较稳定,钻石意志
pjwtqxbj983,运动达人,标准体型,较稳定,钻石意志
pjwtqxbj984,运动达人,标准体型,较稳定,青铜意志
pjwtqxbj985,运动达人,标准体型,较稳定,青铜意志
pjwtqxbj987,运动达人,标准体型,较稳定,黄金意志
pjwtqxbj988,运动达人,标准体型,较稳定,黄金意志
pjwtqxbj993,运动达人,标准体型,较稳定,青铜意志
pjwtqxbj998,运动达人,标准体型,较稳定,黄金意志
pjwtzxbj996,运动达人,标准体型,较稳定,黄金意志
pjwuzxbj992,运动达人,标准体型,较稳定,铂金意志
pjwuzxbj995,运动达人,标准体型,较稳定,钻石意志
pjxpqxbj911,运动达人,标准体型,较稳定,黄金意志
pjxpqxbj912,运动达人,标准体型,较稳定,黄金意志
pjxpqxbj914,运动达人,标准体型,较稳定,铂金意志
pjxpqxbj915,运动达人,标准体型,较稳定,黄金意志
pjxpqxbj916,运动达人,标准体型,较稳定,铂金意志
pjxpqxbj918,运动达人,标准体型,一般,铂金意志
pjxpqxbj919,运动达人,标准体型,较稳定,黄金意志
pjxpqxbj920,运动达人,标准体型,较稳定,钻石意志
pjxpqxbj924,运动达人,标准体型,一般,铂金意志
pjxpqxbj925,运动达人,标准体型,较稳定,青铜意志
pjxpqxbj926,运动达人,标准体型,一般,黄金意志
pjxpqxbj927,运动达人,偏瘦体型,较稳定,待提升
pjxpqxbj930,运动达人,标准体型,较稳定,白银意志
pjxpqxbj932,运动达人,标准体型,较稳定,黄金意志
pjxpqxbj933,运动达人,标准体型,较稳定,铂金意志
pjxpqxbj934,运动达人,标准体型,较稳定,铂金意志
pjxpqxbj937,运动达人,标准体型,较稳定,白银意志
pjxpqxbj941,运动达人,标准体型,较稳定,钻石意志
pjxpqxbj944,运动达人,标准体型,较稳定,钻石意志
pjxpqxbj945,运动达人,标准体型,较稳定,铂金意志
pjxpqxbj946,运动达人,标准体型,较稳定,黄金意志
pjxpqxbj954,运动达人,标准体型,较稳定,黄金意志
pjxpqxbj955,运动达人,超重体型,较稳定,青铜意志
pjxpqxbj956,运动达人,标准体型,较稳定,钻石意志
pjxpqxbj957,运动达人,标准体型,较稳定,黄金意志
pjxpqxbj961,运动达人,标准体型,较稳定,黄金意志
pjxpqxbj962,运动达人,标准体型,较稳定,钻石意志
pjxpqxbj963,运动达人,超重体型,较稳定,白银意志
pjxpqxbj967,运动达人,标准体型,较稳定,钻石意志
pjxpqxbj969,运动达人,标准体型,较稳定,铂金意志
pjxpqxbj971,运动达人,标准体型,较稳定,黄金意志
pjxpqxbj972,运动达人,标准体型,较稳定,钻石意志
pjxpqxbj973,运动达人,标准体型,较稳定,钻石意志
pjxpqxbj975,运动达人,标准体型,较稳定,铂金意志
pjxpqxbj976,运动达人,标准体型,较稳定,铂金意志
pjxpqxbj977,运动达人,标准体型,较稳定,铂金意志
pjxpqxbj978,运动达人,标准体型,较稳定,白银意志
pjxpqxbj979,运动达人,标准体型,较稳定,黄金意志
pjxpqxbj981,运动达人,超重体型,较稳定,白银意志
pjxpqxbj985,运动达人,偏瘦体型,较稳定,白银意志
pjxpqxbj986,运动达人,超重体型,较稳定,白银意志
pjxpqxbj987,运动达人,标准体型,较稳定,铂金意志
pjxpqxbj992,运动达人,标准体型,较稳定,黄金意志
pjxpqxbj994,运动达人,标准体型,较稳定,铂金意志
pjxpqxbj997,运动达人,标准体型,较稳定,黄金意志
pjxpqxbj998,运动达人,标准体型,较稳定,黄金意志
pjxqqxbj947,运动达人,标准体型,较稳定,青铜意志
pjxqqxbj949,运动达人,标准体型,较稳定,铂金意志
pjxqqxbj951,运动达人,超重体型,较稳定,待提升
pjxqqxbj954,运动达人,标准体型,较稳定,铂金意志
pjxqqxbj957,运动达人,标准体型,较稳定,钻石意志
pjxqqxbj959,运动达人,标准体型,较稳定,白银意志
pjxqqxbj961,运动达人,肥胖体型,较稳定,待提升
pjxqqxbj964,运动达人,标准体型,较稳定,白银意志
pjxqqxbj967,运动达人,偏瘦体型,较稳定,待提升
pjxqqxbj969,运动达人,标准体型,较稳定,黄金意志
pjxqqxbj970,运动达人,标准体型,一般,黄金意志
pjxqqxbj973,运动达人,标准体型,较稳定,白银意志
pjxqqxbj974,运动达人,标准体型,较稳定,黄金意志
pjxqqxbj975,运动达人,标准体型,较稳定,铂金意志
pjxqqxbj977,运动达人,肥胖体型,较稳定,待提升
pjxqqxbj979,运动达人,标准体型,较稳定,黄金意志
pjxqqxbj981,运动达人,超重体型,较稳定,青铜意志
pjxqqxbj982,运动达人,标准体型,较稳定,钻石意志
pjxqqxbj983,运动达人,标准体型,较稳定,黄金意志
pjxqqxbj985,运动达人,标准体型,较稳定,黄金意志
pjxqqxbj986,运动达人,标准体型,较稳定,白银意志
pjxqqxbj988,运动达人,标准体型,较稳定,白银意志
pjxqqxbj989,运动达人,超重体型,较稳定,青铜意志
pjxqqxbj991,运动达人,标准体型,较稳定,黄金意志
pjxqqxbj996,运动达人,超重体型,较稳定,待提升
pjxqqxbj997,运动达人,标准体型,较稳定,青铜意志
pjxqqxbj998,运动达人,标准体型,较稳定,黄金意志
pjxqzxbj967,运动达人,标准体型,一般,白银意志
pjxqzxbj971,运动达人,偏瘦体型,较稳定,黄金意志
pjxqzxbj973,运动达人,标准体型,较稳定,钻石意志
pjxqzxbj975,运动达人,标准体型,较稳定,钻石意志
pjxqzxbj979,运动达人,肥胖体型,一般,待提升
pjxqzxbj980,运动达人,肥胖体型,较稳定,待提升
pjxqzxbj982,运动达人,标准体型,较稳定,钻石意志
pjxqzxbj983,运动达人,肥胖体型,较稳定,待提升
pjxqzxbj984,运动达人,标准体型,一般,白银意志
pjxqzxbj985,运动达人,超重体型,较稳定,白银意志
pjxqzxbj989,运动达人,标准体型,较稳定,钻石意志
pjxqzxbj994,运动达人,标准体型,较稳定,铂金意志
pjxqzxbj995,运动达人,肥胖体型,不稳定,待提升
pjxqzxbj996,运动达人,标准体型,较稳定,白银意志
pjxqzxbj997,运动达人,标准体型,较稳定,白银意志
pjxrqxbj891,运动达人,标准体型,较稳定,铂金意志
pjxrqxbj892,运动达人,标准体型,较稳定,黄金意志
pjxrqxbj894,运动达人,偏瘦体型,较稳定,青铜意志
pjxrqxbj898,运动达人,标准体型,较稳定,黄金意志
pjxrqxbj901,运动达人,标准体型,较稳定,黄金意志
pjxrqxbj903,运动达人,偏瘦体型,较稳定,白银意志
pjxrqxbj905,运动达人,肥胖体型,较稳定,待提升
pjxrqxbj908,运动达人,标准体型,较稳定,铂金意志
pjxrqxbj909,运动达人,标准体型,较稳定,钻石意志
pjxrqxbj911,运动达人,标准体型,较稳定,白银意志
pjxrqxbj914,运动达人,标准体型,较稳定,黄金意志
pjxrqxbj916,运动达人,超重体型,一般,白银意志
pjxrqxbj918,运动达人,标准体型,较稳定,黄金意志
pjxrqxbj919,运动达人,标准体型,较稳定,白银意志
pjxrqxbj928,运动达人,超重体型,较稳定,青铜意志
pjxrqxbj930,运动达人,标准体型,较稳定,钻石意志
pjxrqxbj937,运动达人,标准体型,较稳定,黄金意志
pjxrqxbj939,运动达人,标准体型,较稳定,黄金意志
pjxrqxbj942,运动达人,超重体型,较稳定,青铜意志
pjxrqxbj943,运动达人,标准体型,较稳定,钻石意志
pjxrqxbj944,运动达人,超重体型,较稳定,白银意志
pjxrqxbj945,运动达人,超重体型,较稳定,青铜意志
pjxrqxbj947,运动达人,超重体型,较稳定,白银意志
pjxrqxbj951,运动达人,标准体型,较稳定,白银意志
pjxrqxbj952,运动达人,标准体型,较稳定,白银意志
pjxrqxbj954,运动达人,超重体型,较稳定,白银意志
pjxrqxbj955,运动达人,超重体型,较稳定,黄金意志
pjxrqxbj957,运动达人,偏瘦体型,较稳定,白银意志
pjxrqxbj958,运动达人,标准体型,较稳定,黄金意志
pjxrqxbj961,运动达人,标准体型,较稳定,铂金意志
pjxrqxbj962,运动达人,超重体型,较稳定,青铜意志
pjxrqxbj963,运动达人,肥胖体型,一般,待提升
pjxrqxbj969,运动达人,超重体型,较稳定,待提升
pjxrqxbj971,运动达人,超重体型,较稳定,待提升
pjxrqxbj972,运动达人,标准体型,较稳定,钻石意志
pjxrqxbj973,运动达人,标准体型,较稳定,黄金意志
pjxrqxbj978,运动达人,超重体型,较稳定,白银意志
pjxrqxbj981,运动达人,超重体型,较稳定,白银意志
pjxrqxbj983,运动达人,超重体型,较稳定,白银意志
pjxrqxbj988,运动达人,标准体型,较稳定,铂金意志
pjxrqxbj990,运动达人,标准体型,一般,黄金意志
pjxrqxbj992,运动达人,标准体型,较稳定,白银意志
pjxrqxbj994,运动达人,标准体型,较稳定,钻石意志
pjxrqxbj996,运动达人,标准体型,较稳定,黄金意志
pjxsqxbj751,运动达人,超重体型,较稳定,白银意志
pjxsqxbj752,运动达人,标准体型,一般,黄金意志
pjxsqxbj758,运动达人,标准体型,一般,钻石意志
pjxsqxbj760,运动达人,标准体型,不稳定,钻石意志
pjxsqxbj764,运动达人,标准体型,较稳定,青铜意志
pjxsqxbj765,运动达人,标准体型,较稳定,黄金意志
pjxsqxbj768,运动达人,标准体型,较稳定,钻石意志
pjxsqxbj771,运动达人,标准体型,较稳定,铂金意志
pjxsqxbj772,运动达人,标准体型,较稳定,黄金意志
pjxsqxbj774,运动达人,标准体型,较稳定,青铜意志
pjxsqxbj777,运动达人,标准体型,较稳定,黄金意志
pjxsqxbj778,运动达人,标准体型,较稳定,黄金意志
pjxsqxbj779,运动达人,标准体型,较稳定,铂金意志
pjxsqxbj780,运动达人,标准体型,较稳定,黄金意志
pjxsqxbj784,运动达人,标准体型,较稳定,铂金意志
pjxsqxbj786,运动达人,标准体型,较稳定,白银意志
pjxsqxbj787,运动达人,超重体型,较稳定,青铜意志
pjxsqxbj788,运动达人,标准体型,较稳定,黄金意志
pjxsqxbj789,运动达人,标准体型,较稳定,黄金意志
pjxsqxbj790,运动达人,标准体型,较稳定,白银意志
pjxsqxbj792,运动达人,偏瘦体型,较稳定,待提升
pjxsqxbj796,运动达人,标准体型,较稳定,黄金意志
pjxsqxbj800,运动达人,标准体型,较稳定,黄金意志
pjxsqxbj801,运动达人,标准体型,较稳定,白银意志
pjxsqxbj807,运动达人,标准体型,较稳定,钻石意志
pjxsqxbj808,运动达人,标准体型,较稳定,黄金意志
pjxsqxbj809,运动达人,超重体型,较稳定,白银意志
pjxsqxbj810,运动达人,偏瘦体型,一般,青铜意志
pjxsqxbj811,运动达人,标准体型,较稳定,黄金意志
pjxsqxbj812,偶尔锻炼,肥胖体型,较稳定,待提升
pjxsqxbj815,运动达人,标准体型,较稳定,黄金意志
pjxsqxbj816,运动达人,标准体型,较稳定,黄金意志
pjxsqxbj820,运动达人,肥胖体型,较稳定,待提升
pjxsqxbj821,运动达人,肥胖体型,一般,青铜意志
pjxsqxbj823,运动达人,偏瘦体型,较稳定,青铜意志
pjxsqxbj824,运动达人,标准体型,较稳定,钻石意志
pjxsqxbj825,运动达人,超重体型,较稳定,白银意志
pjxsqxbj826,运动达人,标准体型,较稳定,黄金意志
pjxsqxbj827,运动达人,标准体型,较稳定,黄金意志
pjxsqxbj829,运动达人,偏瘦体型,较稳定,白银意志
pjxsqxbj831,运动达人,超重体型,较稳定,青铜意志
pjxsqxbj834,运动达人,标准体型,一般,白银意志
pjxsqxbj840,运动达人,标准体型,一般,黄金意志
pjxsqxbj843,运动达人,标准体型,较稳定,铂金意志
pjxsqxbj844,运动达人,偏瘦体型,较稳定,青铜意志
pjxsqxbj849,运动达人,标准体型,较稳定,白银意志
pjxsqxbj851,运动达人,标准体型,较稳定,铂金意志
pjxsqxbj856,运动达人,标准体型,较稳定,铂金意志
pjxsqxbj857,运动达人,肥胖体型,较稳定,待提升
pjxsqxbj859,运动达人,标准体型,较稳定,白银意志
pjxsqxbj862,运动达人,超重体型,一般,待提升
pjxsqxbj863,运动达人,标准体型,较稳定,黄金意志
pjxsqxbj864,运动达人,标准体型,一般,黄金意志
pjxsqxbj867,运动达人,超重体型,较稳定,白银意志
pjxsqxbj871,运动达人,偏瘦体型,较稳定,白银意志
pjxsqxbj872,运动达人,偏瘦体型,较稳定,青铜意志
pjxsqxbj873,运动达人,标准体型,较稳定,钻石意志
pjxsqxbj874,运动达人,超重体型,较稳定,白银意志
pjxsqxbj876,运动达人,标准体型,较稳定,铂金意志
pjxsqxbj877,运动达人,标准体型,一般,黄金意志
pjxsqxbj880,运动达人,标准体型,较稳定,铂金意志
pjxsqxbj881,运动达人,标准体型,较稳定,黄金意志
pjxsqxbj882,运动达人,超重体型,较稳定,青铜意志
pjxsqxbj884,运动达人,标准体型,非常稳定,黄金意志
pjxsqxbj885,运动达人,标准体型,较稳定,铂金意志
pjxsqxbj886,运动达人,标准体型,一般,白银意志
pjxsqxbj887,运动达人,标准体型,较稳定,铂金意志
pjxsqxbj888,运动达人,肥胖体型,较稳定,待提升
pjxsqxbj892,运动达人,标准体型,一般,黄金意志
pjxsqxbj893,运动达人,标准体型,较稳定,黄金意志
pjxsqxbj894,运动达人,标准体型,较稳定,白银意志
pjxsqxbj897,运动达人,标准体型,较稳定,黄金意志
pjxsqxbj899,运动达人,超重体型,较稳定,青铜意志
pjxsqxbj900,运动达人,标准体型,较稳定,黄金意志
pjxsqxbj904,运动达人,偏瘦体型,较稳定,白银意志
pjxsqxbj905,运动达人,标准体型,较稳定,钻石意志
pjxsqxbj906,运动达人,标准体型,较稳定,白银意志
pjxsqxbj908,运动达人,标准体型,较稳定,白银意志
pjxsqxbj909,运动达人,标准体型,较稳定,黄金意志
pjxsqxbj912,运动达人,标准体型,较稳定,铂金意志
pjxsqxbj916,运动达人,偏瘦体型,较稳定,青铜意志
pjxsqxbj918,运动达人,标准体型,较稳定,白银意志
pjxsqxbj920,运动达人,偏瘦体型,较稳定,白银意志
pjxsqxbj921,运动达人,超重体型,较稳定,青铜意志
pjxsqxbj922,运动达人,超重体型,较稳定,青铜意志
pjxsqxbj925,运动达人,肥胖体型,一般,待提升
pjxsqxbj927,运动达人,超重体型,较稳定,黄金意志
pjxsqxbj929,运动达人,标准体型,较稳定,黄金意志
pjxsqxbj932,运动达人,标准体型,较稳定,铂金意志
pjxsqxbj934,运动达人,标准体型,较稳定,钻石意志
pjxsqxbj936,运动达人,标准体型,较稳定,白银意志
pjxsqxbj938,运动达人,标准体型,较稳定,黄金意志
pjxsqxbj940,运动达人,超重体型,较稳定,青铜意志
pjxsqxbj941,运动达人,标准体型,较稳定,黄金意志
pjxsqxbj942,运动达人,超重体型,较稳定,青铜意志
pjxsqxbj944,运动达人,标准体型,较稳定,白银意志
pjxsqxbj946,运动达人,标准体型,较稳定,白银意志
pjxsqxbj949,运动达人,超重体型,较稳定,青铜意志
pjxsqxbj953,运动达人,偏瘦体型,较稳定,青铜意志
pjxsqxbj954,运动达人,标准体型,较稳定,钻石意志
pjxsqxbj957,运动达人,标准体型,较稳定,黄金意志
pjxsqxbj962,运动达人,标准体型,一般,青铜意志
pjxsqxbj965,运动达人,标准体型,较稳定,白银意志
pjxsqxbj966,运动达人,超重体型,较稳定,白银意志
pjxsqxbj968,运动达人,标准体型,较稳定,铂金意志
pjxsqxbj969,运动达人,超重体型,一般,白银意志
pjxsqxbj970,运动达人,标准体型,较稳定,黄金意志
pjxsqxbj971,运动达人,标准体型,较稳定,铂金意志
pjxsqxbj976,运动达人,偏瘦体型,一般,青铜意志
pjxsqxbj980,运动达人,偏瘦体型,一般,待提升
pjxsqxbj981,运动达人,标准体型,较稳定,白银意志
pjxsqxbj982,运动达人,标准体型,较稳定,黄金意志
pjxsqxbj983,运动达人,标准体型,较稳定,钻石意志
pjxsqxbj984,运动达人,标准体型,较稳定,黄金意志
pjxsqxbj985,运动达人,肥胖体型,较稳定,待提升
pjxsqxbj986,运动达人,标准体型,较稳定,铂金意志
pjxsqxbj989,运动达人,标准体型,较稳定,铂金意志
pjxsqxbj994,运动达人,标准体型,较稳定,黄金意志
pjxsqxbj995,运动达人,标准体型,较稳定,铂金意志
pjxsqxbj996,运动达人,标准体型,较稳定,白银意志
pjxsqxbj997,运动达人,标准体型,较稳定,白银意志
pjxsqxbj998,运动达人,标准体型,较稳定,铂金意志
pjxtztbj985,运动达人,标准体型,较稳定,铂金意志
pjxtztbj986,运动达人,标准体型,较稳定,铂金意志
pjxtztbj987,运动达人,肥胖体型,较稳定,待提升
pjxtztbj989,运动达人,超重体型,一般,青铜意志
pjxtztbj990,运动达人,标准体型,较稳定,铂金意志
pjxtztbj996,运动达人,标准体型,较稳定,钻石意志
pjxtztbj997,运动达人,标准体型,较稳定,黄金意志
pjxtztbj998,运动达人,肥胖体型,较稳定,待提升
pjxtzxbj997,运动达人,标准体型,较稳定,黄金意志
pjxuqwbj443,运动达人,超重体型,较稳定,白银意志
pjxuqwbj445,运动达人,标准体型,较稳定,铂金意志
pjxuqwbj446,运动达人,偏瘦体型,较稳定,白银意志
pjxuqwbj449,运动达人,标准体型,较稳定,钻石意志
pjxuqwbj450,运动达人,偏瘦体型,较稳定,青铜意志
pjxuqwbj454,运动达人,标准体型,较稳定,黄金意志
pjxuqwbj460,运动达人,肥胖体型,较稳定,待提升
pjxuqwbj461,运动达人,标准体型,较稳定,铂金意志
pjxuqwbj463,运动达人,超重体型,较稳定,白银意志
pjxuqwbj468,运动达人,超重体型,较稳定,白银意志
pjxuqwbj470,运动达人,标准体型,较稳定,铂金意志
pjxuqwbj472,运动达人,标准体型,较稳定,黄金意志
pjxuqwbj473,运动达人,标准体型,较稳定,黄金意志
pjxuqwbj474,运动达人,标准体型,较稳定,白银意志
pjxuqwbj476,运动达人,超重体型,较稳定,青铜意志
pjxuqwbj477,运动达人,标准体型,一般,青铜意志
pjxuqwbj478,运动达人,标准体型,较稳定,黄金意志
pjxuqwbj479,运动达人,标准体型,较稳定,白银意志
pjxuqwbj483,运动达人,标准体型,较稳定,黄金意志
pjxuqwbj485,运动达人,偏瘦体型,较稳定,黄金意志
pjxuqwbj488,运动达人,标准体型,较稳定,黄金意志
pjxuqwbj489,运动达人,标准体型,较稳定,黄金意志
pjxuqwbj490,运动达人,标准体型,较稳定,黄金意志
pjxuqwbj491,运动达人,肥胖体型,较稳定,待提升
pjxuqwbj492,运动达人,超重体型,较稳定,青铜意志
pjxuqwbj495,运动达人,标准体型,较稳定,钻石意志
pjxuqwbj496,运动达人,肥胖体型,较稳定,待提升
pjxuqwbj497,运动达人,肥胖体型,较稳定,待提升
pjxuqwbj498,运动达人,标准体型,较稳定,白银意志
pjxuqwbj499,运动达人,标准体型,较稳定,黄金意志
pjxuqwbj500,运动达人,标准体型,较稳定,黄金意志
pjxuqwbj503,运动达人,肥胖体型,较稳定,待提升
pjxuqwbj505,运动达人,标准体型,一般,黄金意志
pjxuqwbj507,运动达人,标准体型,较稳定,钻石意志
pjxuqwbj508,运动达人,标准体型,较稳定,钻石意志
pjxuqwbj511,运动达人,标准体型,较稳定,铂金意志
pjxuqwbj512,运动达人,标准体型,较稳定,铂金意志
pjxuqwbj515,运动达人,标准体型,较稳定,钻石意志
pjxuqwbj516,运动达人,标准体型,较稳定,铂金意志
pjxuqwbj517,运动达人,标准体型,较稳定,青铜意志
pjxuqwbj519,运动达人,标准体型,较稳定,青铜意志
pjxuqwbj525,运动达人,偏瘦体型,较稳定,白银意志
pjxuqwbj526,运动达人,标准体型,一般,黄金意志
pjxuqwbj527,运动达人,标准体型,较稳定,黄金意志
pjxuqwbj528,运动达人,标准体型,较稳定,铂金意志
pjxuqwbj529,运动达人,超重体型,较稳定,白银意志
pjxuqwbj535,运动达人,标准体型,较稳定,白银意志
pjxuqwbj536,运动达人,标准体型,较稳定,黄金意志
pjxuqwbj537,运动达人,标准体型,较稳定,白银意志
pjxuqwbj538,运动达人,标准体型,较稳定,白银意志
pjxuqwbj539,运动达人,标准体型,较稳定,黄金意志
pjxuqwbj540,运动达人,标准体型,较稳定,青铜意志
pjxuqwbj545,运动达人,标准体型,较稳定,铂金意志
pjxuqwbj546,运动达人,标准体型,较稳定,铂金意志
pjxuqwbj547,运动达人,标准体型,较稳定,白银意志
pjxuqwbj551,运动达人,标准体型,较稳定,钻石意志
pjxuqwbj552,运动达人,超重体型,较稳定,白银意志
pjxuqwbj558,运动达人,超重体型,较稳定,待提升
pjxuqwbj559,运动达人,标准体型,较稳定,铂金意志
pjxuqwbj562,运动达人,标准体型,较稳定,黄金意志
pjxuqwbj564,运动达人,超重体型,较稳定,白银意志
pjxuqwbj565,运动达人,超重体型,较稳定,白银意志
pjxuqwbj566,运动达人,超重体型,较稳定,白银意志
pjxuqwbj568,运动达人,标准体型,较稳定,铂金意志
pjxuqwbj571,运动达人,标准体型,较稳定,钻石意志
pjxuqwbj572,运动达人,标准体型,较稳定,黄金意志
pjxuqwbj573,运动达人,标准体型,较稳定,黄金意志
pjxuqwbj574,运动达人,标准体型,较稳定,铂金意志
pjxuqwbj580,运动达人,标准体型,较稳定,黄金意志
pjxuqwbj581,运动达人,超重体型,较稳定,白银意志
pjxuqwbj582,运动达人,标准体型,较稳定,白银意志
pjxuqwbj583,运动达人,标准体型,较稳定,铂金意志
pjxuqwbj584,运动达人,标准体型,较稳定,铂金意志
pjxuqwbj585,运动达人,标准体型,较稳定,钻石意志
pjxuqwbj586,运动达人,肥胖体型,较稳定,待提升
pjxuqwbj588,运动达人,标准体型,较稳定,钻石意志
pjxuqwbj589,运动达人,超重体型,较稳定,白银意志
pjxuqwbj591,运动达人,标准体型,较稳定,钻石意志
pjxuqwbj593,运动达人,标准体型,一般,青铜意志
pjxuqwbj594,运动达人,超重体型,较稳定,白银意志
pjxuqwbj600,运动达人,标准体型,较稳定,黄金意志
pjxuqwbj605,运动达人,标准体型,较稳定,铂金意志
pjxuqwbj606,运动达人,偏瘦体型,较稳定,白银意志
pjxuqwbj608,运动达人,超重体型,较稳定,白银意志
pjxuqwbj609,运动达人,标准体型,较稳定,黄金意志
pjxuqwbj610,运动达人,标准体型,较稳定,钻石意志
pjxuqwbj615,运动达人,超重体型,一般,青铜意志
pjxuqwbj618,运动达人,偏瘦体型,较稳定,待提升
pjxuqwbj619,运动达人,标准体型,较稳定,黄金意志
pjxuqwbj621,运动达人,偏瘦体型,一般,青铜意志
pjxuqwbj622,运动达人,标准体型,较稳定,白银意志
pjxuqwbj624,运动达人,标准体型,较稳定,铂金意志
pjxuqwbj631,运动达人,标准体型,一般,黄金意志
pjxuqwbj632,运动达人,标准体型,较稳定,黄金意志
pjxuqwbj633,运动达人,标准体型,较稳定,青铜意志
pjxuqwbj634,运动达人,偏瘦体型,较稳定,青铜意志
pjxuqwbj637,运动达人,标准体型,一般,黄金意志
pjxuqwbj638,运动达人,标准体型,较稳定,铂金意志
pjxuqwbj639,运动达人,肥胖体型,较稳定,待提升
pjxuqwbj641,运动达人,标准体型,较稳定,铂金意志
pjxuqwbj642,运动达人,标准体型,较稳定,铂金意志
pjxuqwbj643,运动达人,偏瘦体型,较稳定,青铜意志
pjxuqwbj644,运动达人,标准体型,较稳定,钻石意志
pjxuqwbj647,运动达人,标准体型,较稳定,白银意志
pjxuqwbj648,运动达人,标准体型,较稳定,黄金意志
pjxuqwbj650,运动达人,标准体型,较稳定,铂金意志
pjxuqwbj651,运动达人,偏瘦体型,一般,青铜意志
pjxuqwbj654,运动达人,标准体型,较稳定,白银意志
pjxuqwbj655,运动达人,标准体型,较稳定,黄金意志
pjxuqwbj658,运动达人,标准体型,较稳定,黄金意志
pjxuqwbj659,运动达人,标准体型,较稳定,铂金意志
pjxuqwbj661,运动达人,标准体型,较稳定,黄金意志
pjxuqwbj663,运动达人,标准体型,较稳定,黄金意志
pjxuqwbj665,运动达人,标准体型,较稳定,白银意志
pjxuqwbj666,运动达人,标准体型,一般,铂金意志
pjxuqwbj673,运动达人,标准体型,较稳定,铂金意志
pjxuqwbj674,运动达人,标准体型,较稳定,铂金意志
pjxuqwbj676,运动达人,标准体型,较稳定,白银意志
pjxuqwbj677,运动达人,超重体型,较稳定,白银意志
pjxuqwbj678,运动达人,肥胖体型,一般,待提升
pjxuqwbj679,运动达人,超重体型,较稳定,青铜意志
pjxuqwbj686,运动达人,超重体型,较稳定,白银意志
pjxuqwbj687,运动达人,标准体型,较稳定,钻石意志
pjxuqwbj691,运动达人,超重体型,较稳定,青铜意志
pjxuqwbj692,运动达人,标准体型,较稳定,白银意志
pjxuqwbj694,运动达人,超重体型,较稳定,白银意志
pjxuqwbj695,运动达人,标准体型,较稳定,钻石意志
pjxuqwbj698,运动达人,偏瘦体型,较稳定,白银意志
pjxuqwbj699,运动达人,超重体型,较稳定,白银意志
pjxuqwbj701,运动达人,标准体型,较稳定,钻石意志
pjxuqwbj705,运动达人,肥胖体型,较稳定,待提升
pjxuqwbj708,运动达人,超重体型,非常稳定,白银意志
pjxuqwbj711,运动达人,超重体型,较稳定,白银意志
pjxuqwbj712,运动达人,标准体型,较稳定,钻石意志
pjxuqwbj713,运动达人,标准体型,一般,白银意志
pjxuqwbj714,运动达人,标准体型,较稳定,铂金意志
pjxuqwbj715,运动达人,标准体型,较稳定,铂金意志
pjxuqwbj717,运动达人,标准体型,较稳定,钻石意志
pjxuqwbj719,运动达人,标准体型,较稳定,钻石意志
pjxuqwbj721,运动达人,标准体型,较稳定,白银意志
pjxuqwbj723,运动达人,偏瘦体型,较稳定,青铜意志
pjxuqwbj724,运动达人,标准体型,较稳定,钻石意志
pjxuqwbj726,运动达人,偏瘦体型,一般,待提升
pjxuqwbj731,运动达人,标准体型,较稳定,铂金意志
pjxuqwbj733,运动达人,标准体型,较稳定,钻石意志
pjxuqwbj734,运动达人,偏瘦体型,较稳定,白银意志
pjxuqwbj735,运动达人,标准体型,较稳定,黄金意志
pjxuqwbj738,运动达人,偏瘦体型,一般,青铜意志
pjxuqwbj739,运动达人,标准体型,较稳定,白银意志
pjxuqwbj745,运动达人,标准体型,较稳定,白银意志
pjxuqwbj748,运动达人,偏瘦体型,较稳定,青铜意志
pjxuqwbj750,运动达人,偏瘦体型,较稳定,青铜意志
pjxuqwbj751,运动达人,标准体型,一般,青铜意志
pjxuqwbj755,运动达人,超重体型,较稳定,白银意志
pjxuqwbj757,运动达人,标准体型,较稳定,黄金意志
pjxuqwbj758,运动达人,标准体型,一般,黄金意志
pjxuqwbj760,运动达人,超重体型,较稳定,黄金意志
pjxuqwbj761,运动达人,标准体型,较稳定,黄金意志
pjxuqwbj763,运动达人,肥胖体型,较稳定,青铜意志
pjxuqwbj766,运动达人,标准体型,较稳定,黄金意志
pjxuqwbj767,运动达人,标准体型,较稳定,铂金意志
pjxuqwbj770,运动达人,标准体型,较稳定,铂金意志
pjxuqwbj772,运动达人,标准体型,一般,白银意志
pjxuqwbj773,运动达人,标准体型,较稳定,白银意志
pjxuqwbj774,运动达人,标准体型,较稳定,白银意志
pjxuqwbj778,运动达人,标准体型,较稳定,黄金意志
pjxuqwbj781,运动达人,肥胖体型,一般,待提升
pjxuqwbj783,运动达人,肥胖体型,较稳定,待提升
pjxuqwbj784,运动达人,标准体型,较稳定,钻石意志
pjxuqwbj785,运动达人,标准体型,较稳定,铂金意志
pjxuqwbj786,运动达人,标准体型,较稳定,铂金意志
pjxuqwbj787,运动达人,肥胖体型,较稳定,待提升
pjxuqwbj788,运动达人,标准体型,较稳定,钻石意志
pjxuqwbj796,运动达人,超重体型,较稳定,青铜意志
pjxuqwbj797,运动达人,标准体型,较稳定,黄金意志
pjxuqwbj799,运动达人,超重体型,较稳定,青铜意志
pjxuqwbj800,运动达人,标准体型,较稳定,铂金意志
pjxuqwbj803,运动达人,超重体型,较稳定,白银意志
pjxuqwbj804,运动达人,肥胖体型,一般,待提升
pjxuqwbj805,运动达人,超重体型,较稳定,白银意志
pjxuqwbj806,运动达人,超重体型,一般,待提升
pjxuqwbj811,运动达人,超重体型,较稳定,白银意志
pjxuqwbj812,运动达人,超重体型,较稳定,白银意志
pjxuqwbj814,运动达人,标准体型,较稳定,黄金意志
pjxuqwbj818,运动达人,标准体型,较稳定,钻石意志
pjxuqwbj826,运动达人,标准体型,较稳定,钻石意志
pjxuqwbj829,运动达人,标准体型,较稳定,钻石意志
pjxuqwbj830,运动达人,偏瘦体型,一般,待提升
pjxuqwbj831,运动达人,标准体型,较稳定,铂金意志
pjxuqwbj833,运动达人,标准体型,较稳定,铂金意志
pjxuqwbj837,运动达人,肥胖体型,较稳定,待提升
pjxuqwbj838,运动达人,标准体型,较稳定,白银意志
pjxuqwbj839,运动达人,标准体型,较稳定,黄金意志
pjxuqwbj840,运动达人,超重体型,较稳定,白银意志
pjxuqwbj845,运动达人,肥胖体型,一般,待提升
pjxuqwbj847,运动达人,标准体型,较稳定,白银意志
pjxuqwbj848,运动达人,标准体型,较稳定,黄金意志
pjxuqwbj850,运动达人,标准体型,较稳定,黄金意志
pjxuqwbj853,运动达人,标准体型,较稳定,黄金意志
pjxuqwbj854,运动达人,标准体型,较稳定,钻石意志
pjxuqwbj857,运动达人,标准体型,较稳定,铂金意志
pjxuqwbj858,运动达人,标准体型,较稳定,铂金意志
pjxuqwbj861,运动达人,超重体型,较稳定,青铜意志
pjxuqwbj870,运动达人,标准体型,较稳定,黄金意志
pjxuqwbj871,运动达人,标准体型,较稳定,铂金意志
pjxuqwbj873,运动达人,超重体型,较稳定,青铜意志
pjxuqwbj876,运动达人,标准体型,较稳定,青铜意志
pjxuqwbj877,运动达人,偏瘦体型,一般,白银意志
pjxuqwbj878,运动达人,标准体型,较稳定,黄金意志
pjxuqwbj879,运动达人,标准体型,较稳定,铂金意志
pjxuqwbj881,运动达人,标准体型,较稳定,钻石意志
pjxuqwbj883,运动达人,偏瘦体型,较稳定,青铜意志
pjxuqwbj890,运动达人,肥胖体型,较稳定,待提升
pjxuqwbj892,运动达人,偏瘦体型,较稳定,白银意志
pjxuqwbj894,运动达人,肥胖体型,较稳定,待提升
pjxuqwbj898,运动达人,标准体型,较稳定,黄金意志
pjxuqwbj903,运动达人,肥胖体型,一般,待提升
pjxuqwbj904,运动达人,标准体型,较稳定,黄金意志
pjxuqwbj905,偶尔锻炼,标准体型,较稳定,待提升
pjxuqwbj906,运动达人,标准体型,较稳定,铂金意志
pjxuqwbj914,运动达人,标准体型,较稳定,铂金意志
pjxuqwbj915,运动达人,标准体型,较稳定,钻石意志
pjxuqwbj916,运动达人,标准体型,较稳定,铂金意志
pjxuqwbj917,运动达人,超重体型,较稳定,白银意志
pjxuqwbj918,运动达人,超重体型,较稳定,青铜意志
pjxuqwbj925,运动达人,肥胖体型,一般,待提升
pjxuqwbj927,运动达人,偏瘦体型,较稳定,青铜意志
pjxuqwbj928,运动达人,标准体型,较稳定,黄金意志
pjxuqwbj930,运动达人,标准体型,较稳定,黄金意志
pjxuqwbj933,运动达人,标准体型,较稳定,青铜意志
pjxuqwbj935,运动达人,标准体型,一般,钻石意志
pjxuqwbj937,运动达人,超重体型,较稳定,青铜意志
pjxuqwbj944,运动达人,标准体型,较稳定,黄金意志
pjxuqwbj947,运动达人,标准体型,较稳定,黄金意志
pjxuqwbj950,运动达人,标准体型,较稳定,黄金意志
pjxuqwbj952,运动达人,超重体型,较稳定,青铜意志
pjxuqwbj953,运动达人,偏瘦体型,较稳定,白银意志
pjxuqwbj954,运动达人,标准体型,一般,白银意志
pjxuqwbj955,运动达人,标准体型,一般,铂金意志
pjxuqwbj956,运动达人,标准体型,较稳定,铂金意志
pjxuqwbj958,运动达人,标准体型,一般,白银意志
pjxuqwbj962,运动达人,标准体型,较稳定,黄金意志
pjxuqwbj967,运动达人,标准体型,非常稳定,铂金意志
pjxuqwbj974,运动达人,标准体型,较稳定,白银意志
pjxuqwbj976,运动达人,标准体型,较稳定,黄金意志
pjxuqwbj980,运动达人,偏瘦体型,较稳定,待提升
pjxuqwbj985,运动达人,标准体型,较稳定,青铜意志
pjxuqwbj986,运动达人,标准体型,较稳定,钻石意志
pjxuqwbj988,运动达人,标准体型,较稳定,黄金意志
pjxuqwbj992,运动达人,标准体型,较稳定,白银意志
pjxuqwbj993,运动达人,标准体型,较稳定,铂金意志
pjxuqwbj994,运动达人,标准体型,较稳定,铂金意志
pjxuqwbj996,运动达人,标准体型,较稳定,黄金意志
pjxuzvbj991,运动达人,超重体型,较稳定,白银意志
pjxuzvbj996,运动达人,标准体型,较稳定,白银意志
pjxuzxbj984,运动达人,标准体型,较稳定,黄金意志
pjxuzxbj986,运动达人,标准体型,较稳定,铂金意志
pjxuzxbj987,运动达人,肥胖体型,较稳定,待提升
pjxuzxbj997,运动达人,肥胖体型,较稳定,待提升
pjxvzxbj989,运动达人,标准体型,一般,黄金意志
pjxvzxbj996,运动达人,标准体型,较稳定,铂金意志
pjxvzxbj997,运动达人,标准体型,较稳定,白银意志
pjxwxxbj899,运动达人,标准体型,较稳定,白银意志
pjxwxxbj905,运动达人,标准体型,较稳定,钻石意志
pjxwxxbj907,运动达人,标准体型,较稳定,钻石意志
pjxwxxbj908,运动达人,偏瘦体型,较稳定,待提升
pjxwxxbj910,运动达人,超重体型,较稳定,白银意志
pjxwxxbj913,运动达人,标准体型,较稳定,青铜意志
pjxwxxbj914,运动达人,标准体型,较稳定,白银意志
pjxwxxbj915,运动达人,标准体型,较稳定,钻石意志
pjxwxxbj916,运动达人,标准体型,较稳定,钻石意志
pjxwxxbj918,运动达人,标准体型,较稳定,铂金意志
pjxwxxbj924,运动达人,标准体型,较稳定,铂金意志
pjxwxxbj927,运动达人,标准体型,较稳定,钻石意志
pjxwxxbj928,运动达人,超重体型,较稳定,青铜意志
pjxwxxbj930,运动达人,超重体型,较稳定,白银意志
pjxwxxbj934,运动达人,标准体型,较稳定,白银意志
pjxwxxbj938,运动达人,标准体型,较稳定,铂金意志
pjxwxxbj940,运动达人,标准体型,较稳定,黄金意志
pjxwxxbj941,运动达人,超重体型,较稳定,青铜意志
pjxwxxbj943,运动达人,标准体型,较稳定,铂金意志
pjxwxxbj944,运动达人,标准体型,较稳定,黄金意志
pjxwxxbj945,运动达人,肥胖体型,较稳定,待提升
pjxwxxbj946,运动达人,标准体型,较稳定,钻石意志
pjxwxxbj949,运动达人,标准体型,较稳定,铂金意志
pjxwxxbj951,运动达人,标准体型,较稳定,白银意志
pjxwxxbj953,运动达人,标准体型,较稳定,钻石意志
pjxwxxbj960,运动达人,标准体型,较稳定,白银意志
pjxwxxbj963,运动达人,偏瘦体型,一般,待提升
pjxwxxbj964,运动达人,标准体型,较稳定,黄金意志
pjxwxxbj967,运动达人,标准体型,较稳定,铂金意志
pjxwxxbj970,运动达人,标准体型,较稳定,钻石意志
pjxwxxbj972,运动达人,超重体型,较稳定,青铜意志
pjxwxxbj981,运动达人,标准体型,较稳定,黄金意志
pjxwxxbj983,运动达人,标准体型,较稳定,铂金意志
pjxwxxbj992,运动达人,标准体型,较稳定,钻石意志
pjxwxxbj993,运动达人,标准体型,较稳定,白银意志
pjxwxxbj995,运动达人,标准体型,较稳定,黄金意志
pjxwzxbj985,运动达人,标准体型,较稳定,黄金意志
pjxwzxbj986,运动达人,标准体型,较稳定,黄金意志
pjxwzxbj987,运动达人,偏瘦体型,较稳定,白银意志
pjxwzxbj988,运动达人,超重体型,较稳定,青铜意志
pjxwzxbj989,运动达人,标准体型,较稳定,白银意志
pjxwzxbj990,运动达人,标准体型,较稳定,黄金意志
pjxwzxbj993,运动达人,标准体型,一般,黄金意志
pjxwzxbj996,运动达人,超重体型,较稳定,白银意志
pjxwzxbj997,运动达人,标准体型,较稳定,白银意志
pjxwzxbj998,运动达人,偏瘦体型,较稳定,白银意志
pjxwzxkj985,运动达人,标准体型,较稳定,黄金意志
pjxwzxkj989,运动达人,超重体型,较稳定,青铜意志
pjxwzxkj991,运动达人,标准体型,较稳定,铂金意志
pjxwzxkj992,运动达人,标准体型,较稳定,钻石意志
pjxwzxkj993,运动达人,标准体型,较稳定,白银意志
pjxwzxkj996,运动达人,标准体型,一般,铂金意志
pjxwzxkj998,运动达人,标准体型,较稳定,铂金意志
pjxxxxbj901,运动达人,标准体型,较稳定,黄金意志
pjxxxxbj904,运动达人,标准体型,较稳定,铂金意志
pjxxxxbj907,运动达人,标准体型,一般,钻石意志
pjxxxxbj908,运动达人,标准体型,较稳定,钻石意志
pjxxxxbj910,运动达人,肥胖体型,较稳定,待提升
pjxxxxbj911,运动达人,标准体型,较稳定,铂金意志
pjxxxxbj912,运动达人,超重体型,较稳定,白银意志
pjxxxxbj913,规律锻炼,标准体型,一般,黄金意志
pjxxxxbj914,运动达人,标准体型,较稳定,钻石意志
pjxxxxbj915,运动达人,偏瘦体型,较稳定,白银意志
pjxxxxbj916,运动达人,偏瘦体型,较稳定,白银意志
pjxxxxbj917,运动达人,标准体型,一般,钻石意志
pjxxxxbj921,运动达人,标准体型,较稳定,铂金意志
pjxxxxbj922,运动达人,标准体型,较稳定,铂金意志
pjxxxxbj923,运动达人,超重体型,一般,黄金意志
pjxxxxbj930,运动达人,标准体型,较稳定,铂金意志
pjxxxxbj932,运动达人,超重体型,较稳定,白银意志
pjxxxxbj933,运动达人,标准体型,较稳定,铂金意志
pjxxxxbj937,运动达人,标准体型,较稳定,黄金意志
pjxxxxbj942,运动达人,标准体型,较稳定,铂金意志
pjxxxxbj943,运动达人,标准体型,较稳定,铂金意志
pjxxxxbj944,运动达人,标准体型,较稳定,黄金意志
pjxxxxbj945,运动达人,标准体型,较稳定,钻石意志
pjxxxxbj953,运动达人,超重体型,较稳定,黄金意志
pjxxxxbj955,运动达人,标准体型,较稳定,钻石意志
pjxxxxbj957,运动达人,标准体型,较稳定,钻石意志
pjxxxxbj958,运动达人,肥胖体型,一般,待提升
pjxxxxbj963,运动达人,标准体型,一般,铂金意志
pjxxxxbj966,运动达人,标准体型,较稳定,铂金意志
pjxxxxbj968,运动达人,标准体型,一般,钻石意志
pjxxxxbj970,运动达人,肥胖体型,较稳定,青铜意志
pjxxxxbj975,运动达人,标准体型,一般,黄金意志
pjxxxxbj980,运动达人,超重体型,较稳定,白银意志
pjxxxxbj981,运动达人,标准体型,较稳定,黄金意志
pjxxxxbj986,运动达人,超重体型,较稳定,白银意志
pjxxxxbj987,运动达人,标准体型,较稳定,铂金意志
pjxxxxbj988,运动达人,标准体型,一般,钻石意志
pjxxxxbj989,运动达人,标准体型,较稳定,钻石意志
pjxxxxbj995,运动达人,标准体型,较稳定,钻石意志
pjxxxxbj997,运动达人,标准体型,较稳定,钻石意志
pjxxztbj990,运动达人,超重体型,较稳定,白银意志
pjxxztbj994,运动达人,标准体型,一般,白银意志
pjxxztbj995,运动达人,标准体型,较稳定,铂金意志
pjxxztbj998,运动达人,标准体型,较稳定,白银意志
pjxxzxbj995,运动达人,标准体型,一般,黄金意志
pjxxzxbj998,运动达人,超重体型,较稳定,青铜意志
pjxxzxkj978,运动达人,肥胖体型,较稳定,待提升
pjxxzxkj979,运动达人,肥胖体型,较稳定,待提升
pjxxzxkj981,运动达人,标准体型,较稳定,铂金意志
pjxxzxkj983,运动达人,标准体型,较稳定,青铜意志
pjxxzxkj987,运动达人,肥胖体型,较稳定,待提升
pjxxzxkj990,运动达人,标准体型,较稳定,钻石意志
pjxxzxkj991,运动达人,标准体型,较稳定,黄金意志
pjxxzxkj995,运动达人,超重体型,较稳定,青铜意志
pjxxzxkj997,运动达人,超重体型,较稳定,青铜意志
pjxxzxkj998,运动达人,标准体型,较稳定,白银意志
pjxyqwbj001,运动达人,肥胖体型,较稳定,待提升
pjxyqwbj002,运动达人,标准体型,较稳定,铂金意志
pjxyqwbj003,运动达人,超重体型,较稳定,青铜意志
pjxyqwbj004,运动达人,肥胖体型,一般,待提升
pjxyqwbj006,运动达人,标准体型,较稳定,铂金意志
pjxyqwbj007,运动达人,超重体型,较稳定,待提升
pjxyqwbj013,运动达人,标准体型,较稳定,白银意志
pjxyqwbj015,运动达人,标准体型,较稳定,白银意志
pjxyqwbj016,运动达人,肥胖体型,较稳定,待提升
pjxyqwbj018,运动达人,标准体型,较稳定,黄金意志
pjxyqwbj020,运动达人,标准体型,较稳定,钻石意志
pjxyqwbj022,运动达人,标准体型,较稳定,黄金意志
pjxyqwbj023,运动达人,标准体型,较稳定,黄金意志
pjxyqwbj027,运动达人,超重体型,较稳定,青铜意志
pjxyqwbj031,运动达人,超重体型,较稳定,青铜意志
pjxyqwbj033,运动达人,标准体型,一般,白银意志
pjxyqwbj034,运动达人,标准体型,较稳定,钻石意志
pjxyqwbj035,运动达人,标准体型,较稳定,白银意志
pjxyqwbj036,运动达人,标准体型,较稳定,白银意志
pjxyqwbj038,运动达人,偏瘦体型,较稳定,待提升
pjxyqwbj041,运动达人,标准体型,较稳定,青铜意志
pjxyqwbj043,运动达人,肥胖体型,较稳定,待提升
pjxyqwbj044,运动达人,超重体型,较稳定,白银意志
pjxyqwbj046,运动达人,超重体型,较稳定,待提升
pjxyqwbj047,运动达人,标准体型,较稳定,黄金意志
pjxyqwbj049,运动达人,标准体型,较稳定,白银意志
pjxyqwbj050,运动达人,超重体型,一般,白银意志
pjxyqwbj052,运动达人,标准体型,较稳定,黄金意志
pjxyqwbj053,运动达人,标准体型,较稳定,钻石意志
pjxyqwbj054,运动达人,标准体型,较稳定,铂金意志
pjxyqwbj058,运动达人,标准体型,较稳定,钻石意志
pjxyqwbj059,运动达人,偏瘦体型,一般,青铜意志
pjxyqwbj061,运动达人,标准体型,较稳定,白银意志
pjxyqwbj062,运动达人,超重体型,较稳定,白银意志
pjxyqwbj069,运动达人,偏瘦体型,较稳定,待提升
pjxyqwbj072,运动达人,超重体型,较稳定,白银意志
pjxyqwbj073,运动达人,超重体型,较稳定,白银意志
pjxyqwbj077,运动达人,超重体型,较稳定,青铜意志
pjxyqwbj080,运动达人,标准体型,较稳定,黄金意志
pjxyqwbj082,运动达人,超重体型,较稳定,青铜意志
pjxyqwbj084,运动达人,标准体型,较稳定,白银意志
pjxyqwbj085,运动达人,超重体型,一般,青铜意志
pjxyqwbj086,运动达人,标准体型,较稳定,钻石意志
pjxyqwbj087,运动达人,标准体型,较稳定,白银意志
pjxyqwbj088,运动达人,标准体型,较稳定,钻石意志
pjxyqwbj089,运动达人,超重体型,较稳定,白银意志
pjxyqwbj090,运动达人,标准体型,较稳定,黄金意志
pjxyqwbj092,运动达人,标准体型,较稳定,钻石意志
pjxyqwbj095,运动达人,标准体型,较稳定,铂金意志
pjxyqwbj098,运动达人,标准体型,较稳定,黄金意志
pjxyqwbj100,运动达人,标准体型,较稳定,黄金意志
pjxyqwbj101,运动达人,超重体型,较稳定,待提升
pjxyqwbj104,运动达人,超重体型,较稳定,青铜意志
pjxyqwbj108,运动达人,标准体型,较稳定,白银意志
pjxyqwbj109,运动达人,标准体型,较稳定,白银意志
pjxyqwbj112,运动达人,标准体型,较稳定,白银意志
pjxyqwbj116,运动达人,标准体型,较稳定,白银意志
pjxyqwbj117,运动达人,标准体型,较稳定,铂金意志
pjxyqwbj122,运动达人,标准体型,较稳定,白银意志
pjxyqwbj125,运动达人,标准体型,较稳定,黄金意志
pjxyqwbj126,运动达人,超重体型,较稳定,青铜意志
pjxyqwbj129,运动达人,标准体型,较稳定,铂金意志
pjxyqwbj130,运动达人,标准体型,较稳定,钻石意志
pjxyqwbj133,运动达人,标准体型,一般,白银意志
pjxyqwbj139,运动达人,标准体型,较稳定,青铜意志
pjxyqwbj146,运动达人,标准体型,较稳定,黄金意志
pjxyqwbj149,运动达人,标准体型,较稳定,黄金意志
pjxyqwbj150,运动达人,标准体型,较稳定,青铜意志
pjxyqwbj153,规律锻炼,标准体型,较稳定,钻石意志
pjxyqwbj154,运动达人,标准体型,较稳定,铂金意志
pjxyqwbj155,运动达人,超重体型,非常稳定,黄金意志
pjxyqwbj156,运动达人,标准体型,较稳定,铂金意志
pjxyqwbj158,运动达人,标准体型,一般,青铜意志
pjxyqwbj159,运动达人,超重体型,一般,待提升
pjxyqwbj163,运动达人,标准体型,较稳定,黄金意志
pjxyqwbj164,运动达人,标准体型,较稳定,铂金意志
pjxyqwbj166,运动达人,超重体型,较稳定,黄金意志
pjxyqwbj169,运动达人,标准体型,较稳定,白银意志
pjxyqwbj171,运动达人,偏瘦体型,较稳定,黄金意志
pjxyqwbj172,运动达人,标准体型,较稳定,白银意志
pjxyqwbj174,规律锻炼,标准体型,较稳定,白银意志
pjxyqwbj181,运动达人,标准体型,较稳定,黄金意志
pjxyqwbj185,运动达人,标准体型,较稳定,青铜意志
pjxyqwbj188,运动达人,标准体型,较稳定,黄金意志
pjxyqwbj190,运动达人,标准体型,较稳定,钻石意志
pjxyqwbj191,运动达人,标准体型,较稳定,黄金意志
pjxyqwbj192,运动达人,标准体型,较稳定,白银意志
pjxyqwbj193,运动达人,标准体型,较稳定,白银意志
pjxyqwbj197,运动达人,超重体型,较稳定,青铜意志
pjxyqwbj201,运动达人,标准体型,较稳定,黄金意志
pjxyqwbj203,运动达人,超重体型,较稳定,白银意志
pjxyqwbj205,运动达人,标准体型,较稳定,钻石意志
pjxyqwbj207,运动达人,超重体型,较稳定,青铜意志
pjxyqwbj209,运动达人,标准体型,较稳定,白银意志
pjxyqwbj216,运动达人,标准体型,较稳定,白银意志
pjxyqwbj219,运动达人,标准体型,较稳定,铂金意志
pjxyqwbj221,运动达人,超重体型,较稳定,待提升
pjxyqwbj223,运动达人,标准体型,较稳定,白银意志
pjxyqwbj224,运动达人,超重体型,一般,青铜意志
pjxyqwbj225,运动达人,标准体型,较稳定,钻石意志
pjxyqwbj232,运动达人,标准体型,较稳定,黄金意志
pjxyqwbj236,运动达人,标准体型,较稳定,黄金意志
pjxyqwbj237,运动达人,标准体型,较稳定,黄金意志
pjxyqwbj242,运动达人,标准体型,较稳定,白银意志
pjxyqwbj243,运动达人,偏瘦体型,较稳定,白银意志
pjxyqwbj245,运动达人,标准体型,较稳定,铂金意志
pjxyqwbj248,运动达人,标准体型,一般,黄金意志
pjxyqwbj249,运动达人,标准体型,较稳定,白银意志
pjxyqwbj251,运动达人,标准体型,一般,黄金意志
pjxyqwbj252,运动达人,标准体型,一般,白银意志
pjxyqwbj253,运动达人,标准体型,较稳定,黄金意志
pjxyqwbj255,运动达人,标准体型,较稳定,钻石意志
pjxyqwbj261,运动达人,标准体型,较稳定,黄金意志
pjxyqwbj262,运动达人,超重体型,较稳定,青铜意志
pjxyqwbj266,运动达人,超重体型,较稳定,黄金意志
pjxyqwbj267,运动达人,超重体型,较稳定,青铜意志
pjxyqwbj269,运动达人,标准体型,较稳定,黄金意志
pjxyqwbj272,运动达人,超重体型,较稳定,青铜意志
pjxyqwbj274,运动达人,标准体型,较稳定,黄金意志
pjxyqwbj276,运动达人,超重体型,较稳定,白银意志
pjxyqwbj277,运动达人,标准体型,较稳定,白银意志
pjxyqwbj278,运动达人,标准体型,较稳定,白银意志
pjxyqwbj279,运动达人,偏瘦体型,一般,青铜意志
pjxyqwbj282,运动达人,标准体型,较稳定,铂金意志
pjxyqwbj283,运动达人,标准体型,较稳定,黄金意志
pjxyqwbj285,运动达人,标准体型,较稳定,青铜意志
pjxyqwbj288,运动达人,肥胖体型,一般,待提升
pjxyqwbj293,运动达人,标准体型,较稳定,铂金意志
pjxyqwbj299,运动达人,标准体型,较稳定,黄金意志
pjxyqwbj300,运动达人,标准体型,较稳定,黄金意志
pjxyqwbj301,运动达人,标准体型,较稳定,黄金意志
pjxyqwbj302,运动达人,标准体型,较稳定,白银意志
pjxyqwbj305,运动达人,标准体型,较稳定,白银意志
pjxyqwbj307,运动达人,偏瘦体型,较稳定,黄金意志
pjxyqwbj309,运动达人,标准体型,较稳定,铂金意志
pjxyqwbj311,运动达人,标准体型,较稳定,黄金意志
pjxyqwbj312,运动达人,偏瘦体型,较稳定,待提升
pjxyqwbj315,运动达人,偏瘦体型,较稳定,待提升
pjxyqwbj316,运动达人,标准体型,较稳定,白银意志
pjxyqwbj318,运动达人,标准体型,较稳定,黄金意志
pjxyqwbj321,运动达人,标准体型,较稳定,白银意志
pjxyqwbj322,运动达人,超重体型,较稳定,待提升
pjxyqwbj325,运动达人,标准体型,较稳定,铂金意志
pjxyqwbj326,运动达人,标准体型,一般,黄金意志
pjxyqwbj327,运动达人,标准体型,较稳定,黄金意志
pjxyqwbj328,运动达人,偏瘦体型,较稳定,青铜意志
pjxyqwbj331,运动达人,标准体型,较稳定,铂金意志
pjxyqwbj333,运动达人,标准体型,较稳定,黄金意志
pjxyqwbj334,运动达人,标准体型,较稳定,白银意志
pjxyqwbj336,运动达人,标准体型,较稳定,铂金意志
pjxyqwbj338,运动达人,标准体型,较稳定,铂金意志
pjxyqwbj339,运动达人,标准体型,较稳定,黄金意志
pjxyqwbj340,运动达人,标准体型,较稳定,黄金意志
pjxyqwbj341,运动达人,标准体型,较稳定,钻石意志
pjxyqwbj344,运动达人,超重体型,一般,青铜意志
pjxyqwbj347,运动达人,标准体型,较稳定,钻石意志
pjxyqwbj348,运动达人,标准体型,较稳定,白银意志
pjxyqwbj351,运动达人,肥胖体型,较稳定,待提升
pjxyqwbj356,运动达人,标准体型,一般,黄金意志
pjxyqwbj358,运动达人,标准体型,较稳定,铂金意志
pjxyqwbj360,运动达人,标准体型,较稳定,钻石意志
pjxyqwbj361,运动达人,超重体型,较稳定,白银意志
pjxyqwbj362,运动达人,偏瘦体型,较稳定,青铜意志
pjxyqwbj366,运动达人,标准体型,较稳定,黄金意志
pjxyqwbj367,运动达人,标准体型,较稳定,白银意志
pjxyqwbj368,运动达人,标准体型,较稳定,白银意志
pjxyqwbj369,运动达人,标准体型,较稳定,黄金意志
pjxyqwbj375,运动达人,标准体型,较稳定,白银意志
pjxyqwbj379,运动达人,标准体型,较稳定,黄金意志
pjxyqwbj380,运动达人,超重体型,较稳定,青铜意志
pjxyqwbj384,运动达人,标准体型,一般,黄金意志
pjxyqwbj385,运动达人,标准体型,较稳定,铂金意志
pjxyqwbj388,运动达人,标准体型,较稳定,铂金意志
pjxyqwbj391,运动达人,标准体型,较稳定,白银意志
pjxyqwbj393,运动达人,偏瘦体型,一般,黄金意志
pjxyqwbj394,运动达人,标准体型,较稳定,黄金意志
pjxyqwbj395,运动达人,标准体型,较稳定,铂金意志
pjxyqwbj396,运动达人,超重体型,较稳定,青铜意志
pjxyqwbj397,规律锻炼,标准体型,较稳定,青铜意志
pjxyqwbj398,运动达人,偏瘦体型,较稳定,白银意志
pjxyqwbj400,运动达人,标准体型,较稳定,黄金意志
pjxyqwbj401,运动达人,标准体型,较稳定,黄金意志
pjxyqwbj402,运动达人,标准体型,较稳定,黄金意志
pjxyqwbj403,运动达人,标准体型,较稳定,白银意志
pjxyqwbj407,运动达人,偏瘦体型,较稳定,铂金意志
pjxyqwbj408,运动达人,标准体型,较稳定,黄金意志
pjxyqwbj409,运动达人,标准体型,较稳定,白银意志
pjxyqwbj410,运动达人,标准体型,较稳定,铂金意志
pjxyqwbj412,运动达人,标准体型,较稳定,青铜意志
pjxyqwbj417,运动达人,标准体型,较稳定,铂金意志
pjxyqwbj418,运动达人,标准体型,一般,白银意志
pjxyqwbj421,运动达人,标准体型,较稳定,铂金意志
pjxyqwbj422,运动达人,标准体型,较稳定,白银意志
pjxyqwbj425,运动达人,标准体型,较稳定,黄金意志
pjxyqwbj428,运动达人,标准体型,较稳定,黄金意志
pjxyqwbj430,运动达人,超重体型,较稳定,白银意志
pjxyqwbj431,运动达人,标准体型,较稳定,黄金意志
pjxyqwbj433,运动达人,超重体型,较稳定,白银意志
pjxyqwbj435,运动达人,偏瘦体型,较稳定,青铜意志
pjxyqwbj437,运动达人,标准体型,较稳定,钻石意志
pjxyqwbj441,运动达人,偏瘦体型,较稳定,青铜意志
pjxyqwbj444,运动达人,超重体型,较稳定,待提升
pjxyqwbj445,运动达人,肥胖体型,较稳定,待提升
pjxyqwbj452,运动达人,超重体型,一般,青铜意志
pjxyqwbj453,运动达人,标准体型,较稳定,黄金意志
pjxyqwbj454,运动达人,超重体型,较稳定,青铜意志
pjxyqwbj455,运动达人,标准体型,较稳定,黄金意志
pjxyqwbj456,运动达人,标准体型,较稳定,铂金意志
pjxyqwbj459,运动达人,标准体型,较稳定,铂金意志
pjxyqwbj461,运动达人,标准体型,较稳定,黄金意志
pjxyqwbj463,运动达人,标准体型,较稳定,黄金意志
pjxyqwbj464,运动达人,超重体型,较稳定,青铜意志
pjxyqwbj468,运动达人,标准体型,较稳定,铂金意志
pjxyqwbj469,运动达人,标准体型,较稳定,白银意志
pjxyqwbj472,运动达人,偏瘦体型,一般,白银意志
pjxyqwbj476,运动达人,标准体型,较稳定,白银意志
pjxyqwbj478,运动达人,超重体型,较稳定,青铜意志
pjxyqwbj479,运动达人,标准体型,较稳定,黄金意志
pjxyqwbj485,运动达人,标准体型,较稳定,白银意志
pjxyqwbj486,运动达人,标准体型,较稳定,黄金意志
pjxyqwbj487,运动达人,偏瘦体型,较稳定,青铜意志
pjxyqwbj488,运动达人,偏瘦体型,较稳定,青铜意志
pjxyqwbj492,运动达人,超重体型,较稳定,青铜意志
pjxyqwbj497,运动达人,超重体型,一般,青铜意志
pjxyqwbj500,运动达人,标准体型,较稳定,黄金意志
pjxyqwbj506,运动达人,超重体型,较稳定,青铜意志
pjxyqwbj508,运动达人,肥胖体型,一般,待提升
pjxyqwbj509,运动达人,标准体型,较稳定,白银意志
pjxyqwbj515,运动达人,标准体型,较稳定,青铜意志
pjxyqwbj518,运动达人,偏瘦体型,较稳定,青铜意志
pjxyqwbj522,运动达人,超重体型,较稳定,待提升
pjxyqwbj523,运动达人,标准体型,较稳定,黄金意志
pjxyqwbj524,运动达人,标准体型,较稳定,钻石意志
pjxyqwbj525,运动达人,标准体型,较稳定,青铜意志
pjxyqwbj527,运动达人,标准体型,较稳定,黄金意志
pjxyqwbj530,运动达人,标准体型,较稳定,黄金意志
pjxyqwbj531,运动达人,标准体型,较稳定,黄金意志
pjxyqwbj532,运动达人,标准体型,较稳定,白银意志
pjxyqwbj534,运动达人,标准体型,较稳定,钻石意志
pjxyqwbj535,运动达人,标准体型,较稳定,黄金意志
pjxyqwbj538,运动达人,标准体型,较稳定,钻石意志
pjxyqwbj540,运动达人,标准体型,较稳定,白银意志
pjxyqwbj542,运动达人,标准体型,一般,白银意志
pjxyqwbj548,运动达人,标准体型,较稳定,黄金意志
pjxyqwbj552,运动达人,标准体型,较稳定,青铜意志
pjxyqwbj554,运动达人,标准体型,较稳定,白银意志
pjxyqwbj555,运动达人,标准体型,较稳定,钻石意志
pjxyqwbj557,运动达人,标准体型,较稳定,钻石意志
pjxyqwbj560,运动达人,超重体型,较稳定,青铜意志
pjxyqwbj563,运动达人,标准体型,较稳定,钻石意志
pjxyqwbj564,运动达人,标准体型,较稳定,黄金意志
pjxyqwbj566,运动达人,标准体型,较稳定,青铜意志
pjxyqwbj569,运动达人,标准体型,较稳定,铂金意志
pjxyqwbj570,运动达人,偏瘦体型,较稳定,待提升
pjxyqwbj574,运动达人,标准体型,较稳定,铂金意志
pjxyqwbj577,运动达人,标准体型,较稳定,黄金意志
pjxyqwbj579,运动达人,标准体型,较稳定,铂金意志
pjxyqwbj582,运动达人,偏瘦体型,较稳定,青铜意志
pjxyqwbj584,运动达人,标准体型,较稳定,白银意志
pjxyqwbj585,运动达人,标准体型,较稳定,白银意志
pjxyqwbj588,运动达人,标准体型,较稳定,黄金意志
pjxyqwbj589,运动达人,标准体型,一般,白银意志
pjxyqwbj590,运动达人,超重体型,一般,青铜意志
pjxyqwbj591,运动达人,标准体型,较稳定,待提升
pjxyqwbj592,运动达人,超重体型,一般,青铜意志
pjxyqwbj594,运动达人,标准体型,较稳定,钻石意志
pjxyqwbj598,运动达人,标准体型,较稳定,白银意志
pjxyqwbj602,运动达人,标准体型,较稳定,白银意志
pjxyqwbj604,运动达人,标准体型,较稳定,铂金意志
pjxyqwbj605,运动达人,标准体型,较稳定,白银意志
pjxyqwbj608,运动达人,标准体型,较稳定,铂金意志
pjxyqwbj611,运动达人,标准体型,较稳定,黄金意志
pjxyqwbj613,运动达人,标准体型,较稳定,白银意志
pjxyqwbj615,运动达人,标准体型,较稳定,黄金意志
pjxyqwbj616,运动达人,标准体型,较稳定,黄金意志
pjxyqwbj617,运动达人,肥胖体型,较稳定,待提升
pjxyqwbj621,运动达人,标准体型,较稳定,黄金意志
pjxyqwbj622,运动达人,超重体型,较稳定,白银意志
pjxyqwbj624,运动达人,标准体型,较稳定,黄金意志
pjxyqwbj625,运动达人,偏瘦体型,较稳定,白银意志
pjxyqwbj627,运动达人,标准体型,一般,待提升
pjxyqwbj628,运动达人,标准体型,较稳定,钻石意志
pjxyqwbj630,运动达人,标准体型,较稳定,黄金意志
pjxyqwbj631,运动达人,超重体型,较稳定,白银意志
pjxyqwbj632,运动达人,标准体型,较稳定,青铜意志
pjxyqwbj634,运动达人,标准体型,较稳定,铂金意志
pjxyqwbj636,运动达人,肥胖体型,较稳定,待提升
pjxyqwbj640,运动达人,标准体型,一般,铂金意志
pjxyqwbj642,运动达人,标准体型,较稳定,钻石意志
pjxyqwbj646,运动达人,标准体型,较稳定,铂金意志
pjxyqwbj648,运动达人,肥胖体型,较稳定,待提升
pjxyqwbj651,运动达人,标准体型,较稳定,青铜意志
pjxyqwbj656,运动达人,肥胖体型,一般,待提升
pjxyqwbj658,运动达人,肥胖体型,较稳定,待提升
pjxyqwbj659,运动达人,超重体型,一般,青铜意志
pjxyqwbj660,运动达人,标准体型,较稳定,黄金意志
pjxyqwbj662,运动达人,超重体型,较稳定,青铜意志
pjxyqwbj663,运动达人,标准体型,较稳定,黄金意志
pjxyqwbj664,运动达人,肥胖体型,一般,待提升
pjxyqwbj665,运动达人,标准体型,较稳定,钻石意志
pjxyqwbj669,运动达人,标准体型,较稳定,铂金意志
pjxyqwbj671,运动达人,肥胖体型,较稳定,待提升
pjxyqwbj673,运动达人,标准体型,较稳定,白银意志
pjxyqwbj674,运动达人,标准体型,较稳定,黄金意志
pjxyqwbj677,运动达人,超重体型,较稳定,白银意志
pjxyqwbj678,运动达人,标准体型,较稳定,白银意志
pjxyqwbj685,运动达人,肥胖体型,一般,待提升
pjxyqwbj687,运动达人,标准体型,较稳定,黄金意志
pjxyqwbj688,运动达人,超重体型,较稳定,青铜意志
pjxyqwbj691,运动达人,标准体型,较稳定,钻石意志
pjxyqwbj692,运动达人,肥胖体型,较稳定,待提升
pjxyqwbj695,运动达人,标准体型,较稳定,黄金意志
pjxyqwbj697,运动达人,偏瘦体型,较稳定,待提升
pjxyqwbj698,运动达人,标准体型,较稳定,黄金意志
pjxyqwbj699,运动达人,标准体型,较稳定,白银意志
pjxyqwbj701,运动达人,标准体型,较稳定,黄金意志
pjxyqwbj706,运动达人,标准体型,较稳定,钻石意志
pjxyqwbj709,运动达人,标准体型,较稳定,铂金意志
pjxyqwbj710,运动达人,超重体型,较稳定,青铜意志
pjxyqwbj713,运动达人,超重体型,较稳定,白银意志
pjxyqwbj718,运动达人,标准体型,较稳定,白银意志
pjxyqwbj726,运动达人,标准体型,较稳定,黄金意志
pjxyqwbj727,运动达人,超重体型,较稳定,白银意志
pjxyqwbj728,运动达人,标准体型,较稳定,黄金意志
pjxyqwbj732,运动达人,偏瘦体型,较稳定,白银意志
pjxyqwbj733,运动达人,标准体型,较稳定,黄金意志
pjxyqwbj734,运动达人,标准体型,较稳定,铂金意志
pjxyqwbj737,运动达人,肥胖体型,较稳定,待提升
pjxyqwbj739,运动达人,标准体型,较稳定,黄金意志
pjxyqwbj741,运动达人,偏瘦体型,较稳定,青铜意志
pjxyqwbj742,运动达人,超重体型,较稳定,待提升
pjxyqwbj744,运动达人,标准体型,较稳定,黄金意志
pjxyqwbj748,运动达人,标准体型,较稳定,黄金意志
pjxyqwbj754,运动达人,标准体型,较稳定,青铜意志
pjxyqwbj755,运动达人,标准体型,较稳定,铂金意志
pjxyqwbj758,运动达人,标准体型,一般,黄金意志
pjxyqwbj760,运动达人,超重体型,较稳定,青铜意志
pjxyqwbj763,运动达人,超重体型,一般,待提升
pjxyqwbj764,运动达人,标准体型,较稳定,青铜意志
pjxyqwbj769,运动达人,标准体型,较稳定,白银意志
pjxyqwbj772,运动达人,超重体型,较稳定,白银意志
pjxyqwbj773,运动达人,偏瘦体型,较稳定,待提升
pjxyqwbj775,运动达人,标准体型,较稳定,铂金意志
pjxyqwbj776,运动达人,标准体型,较稳定,铂金意志
pjxyqwbj777,运动达人,标准体型,较稳定,黄金意志
pjxyqwbj780,运动达人,肥胖体型,较稳定,待提升
pjxyqwbj782,运动达人,标准体型,较稳定,黄金意志
pjxyqwbj785,运动达人,超重体型,较稳定,青铜意志
pjxyqwbj787,运动达人,标准体型,较稳定,黄金意志
pjxyqwbj788,运动达人,标准体型,较稳定,铂金意志
pjxyqwbj789,运动达人,肥胖体型,较稳定,待提升
pjxyqwbj790,运动达人,标准体型,较稳定,铂金意志
pjxyqwbj791,运动达人,标准体型,较稳定,铂金意志
pjxyqwbj793,运动达人,标准体型,较稳定,黄金意志
pjxyqwbj796,运动达人,标准体型,较稳定,钻石意志
pjxyqwbj797,运动达人,标准体型,一般,黄金意志
pjxyqwbj799,运动达人,超重体型,一般,待提升
pjxyqwbj802,运动达人,标准体型,较稳定,白银意志
pjxyqwbj803,规律锻炼,标准体型,较稳定,白银意志
pjxyqwbj807,运动达人,标准体型,较稳定,黄金意志
pjxyqwbj808,运动达人,标准体型,较稳定,黄金意志
pjxyqwbj809,运动达人,标准体型,较稳定,黄金意志
pjxyqwbj811,运动达人,标准体型,较稳定,白银意志
pjxyqwbj820,运动达人,标准体型,较稳定,黄金意志
pjxyqwbj821,运动达人,偏瘦体型,较稳定,青铜意志
pjxyqwbj822,运动达人,标准体型,较稳定,青铜意志
pjxyqwbj825,运动达人,超重体型,一般,待提升
pjxyqwbj828,运动达人,标准体型,较稳定,钻石意志
pjxyqwbj830,运动达人,超重体型,较稳定,青铜意志
pjxyqwbj833,运动达人,超重体型,较稳定,青铜意志
pjxyqwbj834,运动达人,标准体型,较稳定,黄金意志
pjxyqwbj836,运动达人,超重体型,较稳定,待提升
pjxyqwbj837,运动达人,肥胖体型,较稳定,待提升
pjxyqwbj838,运动达人,标准体型,较稳定,黄金意志
pjxyqwbj839,运动达人,标准体型,较稳定,黄金意志
pjxyqwbj841,运动达人,超重体型,较稳定,青铜意志
pjxyqwbj842,运动达人,标准体型,一般,黄金意志
pjxyqwbj844,运动达人,标准体型,较稳定,钻石意志
pjxyqwbj847,运动达人,标准体型,一般,钻石意志
pjxyqwbj849,运动达人,标准体型,较稳定,白银意志
pjxyqwbj850,运动达人,标准体型,较稳定,钻石意志
pjxyqwbj852,运动达人,标准体型,较稳定,白银意志
pjxyqwbj853,运动达人,标准体型,较稳定,铂金意志
pjxyqwbj856,运动达人,标准体型,一般,青铜意志
pjxyqwbj857,运动达人,肥胖体型,一般,待提升
pjxyqwbj859,运动达人,标准体型,较稳定,钻石意志
pjxyqwbj864,运动达人,标准体型,一般,黄金意志
pjxyqwbj865,运动达人,标准体型,较稳定,钻石意志
pjxyqwbj867,运动达人,标准体型,较稳定,钻石意志
pjxyqwbj868,运动达人,超重体型,较稳定,青铜意志
pjxyqwbj869,运动达人,标准体型,较稳定,黄金意志
pjxyqwbj870,运动达人,标准体型,较稳定,铂金意志
pjxyqwbj871,运动达人,标准体型,较稳定,白银意志
pjxyqwbj872,运动达人,标准体型,较稳定,铂金意志
pjxyqwbj873,运动达人,超重体型,较稳定,待提升
pjxyqwbj876,运动达人,标准体型,较稳定,黄金意志
pjxyqwbj877,运动达人,标准体型,较稳定,铂金意志
pjxyqwbj883,运动达人,标准体型,较稳定,黄金意志
pjxyqwbj884,运动达人,标准体型,较稳定,黄金意志
pjxyqwbj885,运动达人,标准体型,较稳定,铂金意志
pjxyqwbj886,运动达人,标准体型,较稳定,黄金意志
pjxyqwbj888,运动达人,标准体型,较稳定,黄金意志
pjxyqwbj889,运动达人,超重体型,较稳定,白银意志
pjxyqwbj890,运动达人,标准体型,较稳定,钻石意志
pjxyqwbj895,运动达人,超重体型,较稳定,青铜意志
pjxyqwbj896,运动达人,标准体型,较稳定,黄金意志
pjxyqwbj897,运动达人,标准体型,较稳定,钻石意志
pjxyqwbj902,运动达人,标准体型,较稳定,黄金意志
pjxyqwbj903,运动达人,标准体型,较稳定,白银意志
pjxyqwbj904,运动达人,标准体型,较稳定,铂金意志
pjxyqwbj905,运动达人,标准体型,较稳定,白银意志
pjxyqwbj907,运动达人,标准体型,较稳定,白银意志
pjxyqwbj910,运动达人,标准体型,较稳定,黄金意志
pjxyqwbj912,运动达人,标准体型,较稳定,黄金意志
pjxyqwbj913,运动达人,标准体型,较稳定,铂金意志
pjxyqwbj914,运动达人,偏瘦体型,一般,青铜意志
pjxyqwbj917,运动达人,标准体型,较稳定,黄金意志
pjxyqwbj922,运动达人,标准体型,较稳定,铂金意志
pjxyqwbj923,运动达人,标准体型,较稳定,黄金意志
pjxyqwbj924,运动达人,超重体型,较稳定,待提升
pjxyqwbj925,运动达人,标准体型,较稳定,铂金意志
pjxyqwbj926,运动达人,标准体型,一般,青铜意志
pjxyqwbj927,运动达人,标准体型,较稳定,钻石意志
pjxyqwbj928,运动达人,超重体型,较稳定,青铜意志
pjxyqwbj929,运动达人,标准体型,较稳定,白银意志
pjxyqwbj930,运动达人,标准体型,较稳定,铂金意志
pjxyqwbj932,运动达人,标准体型,较稳定,黄金意志
pjxyqwbj933,运动达人,标准体型,较稳定,白银意志
pjxyqwbj935,运动达人,标准体型,较稳定,白银意志
pjxyqwbj936,运动达人,标准体型,较稳定,白银意志
pjxyqwbj937,运动达人,标准体型,较稳定,铂金意志
pjxyqwbj939,运动达人,标准体型,较稳定,白银意志
pjxyqwbj940,运动达人,标准体型,较稳定,黄金意志
pjxyqwbj941,运动达人,标准体型,较稳定,黄金意志
pjxyqwbj944,运动达人,超重体型,较稳定,待提升
pjxyqwbj945,运动达人,标准体型,较稳定,黄金意志
pjxyqwbj946,运动达人,标准体型,较稳定,钻石意志
pjxyqwbj947,运动达人,标准体型,较稳定,白银意志
pjxyqwbj949,运动达人,超重体型,一般,待提升
pjxyqwbj950,运动达人,偏瘦体型,较稳定,白银意志
pjxyqwbj955,运动达人,超重体型,较稳定,待提升
pjxyqwbj958,运动达人,肥胖体型,一般,待提升
pjxyqwbj961,运动达人,标准体型,较稳定,黄金意志
pjxyqwbj965,运动达人,超重体型,较稳定,青铜意志
pjxyqwbj966,运动达人,标准体型,较稳定,铂金意志
pjxyqwbj967,运动达人,标准体型,较稳定,黄金意志
pjxyqwbj971,运动达人,标准体型,较稳定,黄金意志
pjxyqwbj977,运动达人,超重体型,较稳定,白银意志
pjxyqwbj979,运动达人,标准体型,较稳定,青铜意志
pjxyqwbj985,运动达人,标准体型,较稳定,黄金意志
pjxyqwbj986,运动达人,标准体型,较稳定,黄金意志
pjxyqwbj988,运动达人,超重体型,较稳定,待提升
pjxyqwbj989,运动达人,标准体型,较稳定,铂金意志
pjxyqwbj991,运动达人,标准体型,较稳定,青铜意志
pjxyqwbj993,运动达人,标准体型,较稳定,铂金意志
pjxyqwbj998,运动达人,超重体型,较稳定,白银意志
pjxyqwbk504,运动达人,标准体型,较稳定,铂金意志
pjxyqwbk505,运动达人,标准体型,较稳定,青铜意志
pjxyqwbk509,运动达人,偏瘦体型,一般,待提升
pjxyqwbk510,运动达人,超重体型,较稳定,白银意志
pjxyqwbk511,运动达人,肥胖体型,较稳定,待提升
pjxyqwbk513,运动达人,标准体型,较稳定,白银意志
pjxyqwbk514,运动达人,超重体型,较稳定,白银意志
pjxyqwbk519,运动达人,标准体型,较稳定,白银意志
pjxyqwbk520,运动达人,偏瘦体型,较稳定,青铜意志
pjxyqwbk521,运动达人,超重体型,较稳定,青铜意志
pjxyqwbk523,运动达人,标准体型,较稳定,钻石意志
pjxyqwbk527,运动达人,超重体型,较稳定,青铜意志
pjxyqwbk529,运动达人,标准体型,较稳定,黄金意志
pjxyqwbk531,运动达人,标准体型,较稳定,铂金意志
pjxyqwbk534,运动达人,超重体型,较稳定,白银意志
pjxyqwbk536,规律锻炼,超重体型,一般,待提升
pjxyqwbk537,运动达人,标准体型,较稳定,白银意志
pjxyqwbk538,运动达人,标准体型,较稳定,黄金意志
pjxyqwbk540,运动达人,标准体型,一般,白银意志
pjxyqwbk541,运动达人,超重体型,较稳定,白银意志
pjxyqwbk542,运动达人,标准体型,较稳定,黄金意志
pjxyqwbk543,运动达人,超重体型,较稳定,白银意志
pjxyqwbk544,运动达人,标准体型,较稳定,黄金意志
pjxyqwbk547,运动达人,超重体型,较稳定,白银意志
pjxyqwbk548,运动达人,标准体型,较稳定,铂金意志
pjxyqwbk549,运动达人,标准体型,较稳定,黄金意志
pjxyqwbk551,运动达人,标准体型,较稳定,黄金意志
pjxyqwbk559,运动达人,标准体型,较稳定,铂金意志
pjxyqwbk562,运动达人,肥胖体型,较稳定,待提升
pjxyqwbk572,运动达人,标准体型,较稳定,钻石意志
pjxyqwbk575,运动达人,偏瘦体型,较稳定,白银意志
pjxyqwbk577,运动达人,超重体型,较稳定,白银意志
pjxyqwbk578,运动达人,标准体型,一般,白银意志
pjxyqwbk581,运动达人,偏瘦体型,较稳定,待提升
pjxyqwbk583,运动达人,肥胖体型,较稳定,待提升
pjxyqwbk584,运动达人,标准体型,较稳定,白银意志
pjxyqwbk585,运动达人,标准体型,较稳定,白银意志
pjxyqwbk592,运动达人,肥胖体型,较稳定,待提升
pjxyqwbk594,运动达人,标准体型,较稳定,白银意志
pjxyqwbk595,运动达人,标准体型,较稳定,黄金意志
pjxyqwbk601,运动达人,标准体型,较稳定,白银意志
pjxyqwbk603,运动达人,标准体型,较稳定,白银意志
pjxyqwbk604,运动达人,超重体型,较稳定,青铜意志
pjxyqwbk605,运动达人,标准体型,较稳定,铂金意志
pjxyqwbk607,运动达人,偏瘦体型,较稳定,待提升
pjxyqwbk608,运动达人,标准体型,较稳定,黄金意志
pjxyqwbk615,运动达人,标准体型,较稳定,铂金意志
pjxyqwbk617,运动达人,标准体型,较稳定,黄金意志
pjxyqwbk618,运动达人,标准体型,较稳定,白银意志
pjxyqwbk620,运动达人,超重体型,较稳定,待提升
pjxyqwbk621,运动达人,超重体型,较稳定,待提升
pjxyqwbk622,运动达人,超重体型,较稳定,待提升
pjxyqwbk623,运动达人,标准体型,较稳定,黄金意志
pjxyqwbk624,运动达人,超重体型,较稳定,青铜意志
pjxyqwbk631,运动达人,标准体型,较稳定,黄金意志
pjxyqwbk632,运动达人,标准体型,较稳定,黄金意志
pjxyqwbk636,运动达人,标准体型,较稳定,黄金意志
pjxyqwbk638,运动达人,标准体型,较稳定,白银意志
pjxyqwbk642,运动达人,超重体型,较稳定,白银意志
pjxyqwbk644,运动达人,标准体型,较稳定,铂金意志
pjxyqwbk646,运动达人,标准体型,较稳定,钻石意志
pjxyqwbk647,运动达人,标准体型,较稳定,黄金意志
pjxyqwbk650,运动达人,偏瘦体型,较稳定,白银意志
pjxyqwbk652,运动达人,标准体型,较稳定,黄金意志
pjxyqwbk653,运动达人,标准体型,较稳定,白银意志
pjxyqwbk656,运动达人,标准体型,较稳定,黄金意志
pjxyqwbk661,规律锻炼,标准体型,较稳定,待提升
pjxyqwbk662,运动达人,标准体型,较稳定,黄金意志
pjxyqwbk664,运动达人,标准体型,较稳定,黄金意志
pjxyqwbk665,运动达人,标准体型,一般,青铜意志
pjxyqwbk666,运动达人,标准体型,较稳定,白银意志
pjxyqwbk668,运动达人,标准体型,较稳定,白银意志
pjxyqwbk671,运动达人,标准体型,一般,黄金意志
pjxyqwbk673,运动达人,偏瘦体型,较稳定,青铜意志
pjxyqwbk675,运动达人,标准体型,较稳定,黄金意志
pjxyqwbk678,运动达人,标准体型,较稳定,钻石意志
pjxyqwbk679,运动达人,超重体型,较稳定,白银意志
pjxyqwbk686,运动达人,标准体型,一般,白银意志
pjxyqwbk694,运动达人,标准体型,较稳定,铂金意志
pjxyqwbk697,运动达人,标准体型,较稳定,黄金意志
pjxyqwbk698,运动达人,标准体型,较稳定,白银意志
pjxyqwbk700,运动达人,超重体型,较稳定,青铜意志
pjxyqwbk701,运动达人,肥胖体型,一般,待提升
pjxyqwbk706,运动达人,标准体型,较稳定,钻石意志
pjxyqwbk708,运动达人,标准体型,较稳定,黄金意志
pjxyqwbk710,运动达人,标准体型,较稳定,白银意志
pjxyqwbk713,运动达人,标准体型,较稳定,白银意志
pjxyqwbk716,运动达人,标准体型,较稳定,白银意志
pjxyqwbk717,运动达人,标准体型,较稳定,铂金意志
pjxyqwbk720,运动达人,标准体型,较稳定,白银意志
pjxyqwbk721,运动达人,标准体型,较稳定,铂金意志
pjxyqwbk724,运动达人,标准体型,较稳定,黄金意志
pjxyqwbk727,运动达人,超重体型,较稳定,白银意志
pjxyqwbk728,运动达人,偏瘦体型,较稳定,青铜意志
pjxyqwbk729,运动达人,标准体型,较稳定,黄金意志
pjxyqwbk731,运动达人,标准体型,较稳定,铂金意志
pjxyqwbk734,运动达人,标准体型,较稳定,铂金意志
pjxyqwbk735,运动达人,标准体型,较稳定,白银意志
pjxyqwbk736,运动达人,偏瘦体型,较稳定,黄金意志
pjxyqwbk740,运动达人,标准体型,较稳定,钻石意志
pjxyqwbk741,运动达人,标准体型,一般,白银意志
pjxyqwbk745,运动达人,肥胖体型,较稳定,待提升
pjxyqwbk746,运动达人,标准体型,较稳定,黄金意志
pjxyqwbk747,运动达人,偏瘦体型,较稳定,待提升
pjxyqwbk749,运动达人,标准体型,较稳定,钻石意志
pjxyqwbk754,运动达人,标准体型,较稳定,钻石意志
pjxyqwbk755,运动达人,标准体型,较稳定,白银意志
pjxyqwbk756,运动达人,标准体型,较稳定,黄金意志
pjxyqwbk760,运动达人,超重体型,较稳定,白银意志
pjxyqwbk761,运动达人,标准体型,较稳定,钻石意志
pjxyqwbk762,运动达人,肥胖体型,较稳定,待提升
pjxyqwbk764,运动达人,标准体型,较稳定,铂金意志
pjxyqwbk767,运动达人,超重体型,较稳定,青铜意志
pjxyqwbk769,运动达人,标准体型,较稳定,白银意志
pjxyqwbk770,运动达人,偏瘦体型,较稳定,白银意志
pjxyqwbk772,运动达人,肥胖体型,较稳定,待提升
pjxyqwbk775,运动达人,偏瘦体型,较稳定,白银意志
pjxyqwbk777,运动达人,标准体型,较稳定,青铜意志
pjxyqwbk779,运动达人,偏瘦体型,较稳定,青铜意志
pjxyqwbk781,运动达人,标准体型,较稳定,白银意志
pjxyqwbk782,运动达人,偏瘦体型,一般,待提升
pjxyqwbk787,运动达人,标准体型,较稳定,钻石意志
pjxyqwbk788,运动达人,标准体型,较稳定,钻石意志
pjxyqwbk791,运动达人,超重体型,较稳定,待提升
pjxyqwbk792,运动达人,标准体型,较稳定,黄金意志
pjxyqwbk793,运动达人,肥胖体型,一般,青铜意志
pjxyqwbk795,运动达人,标准体型,较稳定,黄金意志
pjxyqwbk796,运动达人,标准体型,较稳定,黄金意志
pjxyqwbk799,运动达人,标准体型,较稳定,黄金意志
pjxyqwbk802,运动达人,偏瘦体型,较稳定,青铜意志
pjxyqwbk804,运动达人,偏瘦体型,一般,待提升
pjxyqwbk806,运动达人,标准体型,较稳定,白银意志
pjxyqwbk807,运动达人,肥胖体型,较稳定,待提升
pjxyqwbk808,运动达人,超重体型,较稳定,白银意志
pjxyqwbk810,运动达人,超重体型,较稳定,青铜意志
pjxyqwbk812,运动达人,标准体型,较稳定,黄金意志
pjxyqwbk813,运动达人,标准体型,较稳定,白银意志
pjxyqwbk814,运动达人,标准体型,较稳定,黄金意志
pjxyqwbk815,运动达人,标准体型,较稳定,黄金意志
pjxyqwbk818,运动达人,超重体型,较稳定,白银意志
pjxyqwbk824,运动达人,超重体型,较稳定,青铜意志
pjxyqwbk826,运动达人,标准体型,较稳定,黄金意志
pjxyqwbk828,运动达人,超重体型,较稳定,白银意志
pjxyqwbk829,运动达人,标准体型,较稳定,铂金意志
pjxyqwbk830,运动达人,超重体型,较稳定,待提升
pjxyqwbk831,运动达人,超重体型,较稳定,青铜意志
pjxyqwbk834,运动达人,标准体型,较稳定,铂金意志
pjxyqwbk835,运动达人,超重体型,一般,白银意志
pjxyqwbk838,运动达人,标准体型,较稳定,钻石意志
pjxyqwbk839,运动达人,标准体型,较稳定,青铜意志
pjxyqwbk844,运动达人,标准体型,较稳定,白银意志
pjxyqwbk845,运动达人,肥胖体型,较稳定,待提升
pjxyqwbk855,运动达人,超重体型,较稳定,青铜意志
pjxyqwbk856,运动达人,超重体型,较稳定,待提升
pjxyqwbk859,运动达人,标准体型,较稳定,白银意志
pjxyqwbk862,运动达人,偏瘦体型,一般,青铜意志
pjxyqwbk864,运动达人,标准体型,较稳定,黄金意志
pjxyqwbk865,运动达人,标准体型,较稳定,白银意志
pjxyqwbk866,运动达人,标准体型,较稳定,铂金意志
pjxyqwbk868,运动达人,标准体型,较稳定,白银意志
pjxyqwbk869,运动达人,标准体型,较稳定,铂金意志
pjxyqwbk870,运动达人,偏瘦体型,较稳定,白银意志
pjxyqwbk871,运动达人,标准体型,较稳定,青铜意志
pjxyqwbk872,运动达人,标准体型,较稳定,铂金意志
pjxyqwbk879,运动达人,标准体型,较稳定,黄金意志
pjxyqwbk884,运动达人,标准体型,较稳定,青铜意志
pjxyqwbk885,运动达人,标准体型,较稳定,黄金意志
pjxyqwbk889,运动达人,超重体型,较稳定,青铜意志
pjxyqwbk893,运动达人,标准体型,较稳定,白银意志
pjxyqwbk895,运动达人,超重体型,较稳定,青铜意志
pjxyqwbk896,运动达人,标准体型,较稳定,钻石意志
pjxyqwbk899,运动达人,标准体型,较稳定,铂金意志
pjxyqwbk900,运动达人,标准体型,较稳定,白银意志
pjxyqwbk901,运动达人,超重体型,较稳定,黄金意志
pjxyqwbk902,运动达人,超重体型,较稳定,白银意志
pjxyqwbk907,运动达人,标准体型,较稳定,黄金意志
pjxyqwbk910,运动达人,标准体型,较稳定,白银意志
pjxyqwbk919,运动达人,标准体型,较稳定,白银意志
pjxyqwbk920,运动达人,超重体型,较稳定,青铜意志
pjxyqwbk922,运动达人,超重体型,较稳定,青铜意志
pjxyqwbk923,运动达人,超重体型,较稳定,青铜意志
pjxyqwbk925,运动达人,标准体型,一般,黄金意志
pjxyqwbk928,运动达人,标准体型,较稳定,钻石意志
pjxyqwbk931,运动达人,标准体型,较稳定,铂金意志
pjxyqwbk935,运动达人,标准体型,较稳定,铂金意志
pjxyqwbk942,运动达人,标准体型,较稳定,钻石意志
pjxyqwbk943,运动达人,偏瘦体型,较稳定,待提升
pjxyqwbk949,运动达人,肥胖体型,较稳定,待提升
pjxyqwbk951,运动达人,标准体型,较稳定,青铜意志
pjxyqwbk953,运动达人,标准体型,较稳定,铂金意志
pjxyqwbk954,运动达人,标准体型,较稳定,黄金意志
pjxyqwbk955,运动达人,标准体型,较稳定,铂金意志
pjxyqwbk956,运动达人,标准体型,较稳定,钻石意志
pjxyqwbk962,运动达人,标准体型,较稳定,白银意志
pjxyqwbk964,运动达人,超重体型,较稳定,青铜意志
pjxyqwbk966,运动达人,标准体型,较稳定,黄金意志
pjxyqwbk967,运动达人,超重体型,较稳定,待提升
pjxyqwbk971,运动达人,标准体型,较稳定,黄金意志
pjxyqwbk972,运动达人,标准体型,较稳定,黄金意志
pjxyqwbk991,运动达人,超重体型,一般,待提升
pjxyqwbk993,运动达人,偏瘦体型,较稳定,白银意志
pjxyqwbk996,运动达人,标准体型,一般,白银意志
pjxyqwbk999,运动达人,标准体型,较稳定,铂金意志
pjxyqxbj001,运动达人,标准体型,较稳定,钻石意志
pjxyqxbj002,运动达人,标准体型,较稳定,铂金意志
pjxyqxbj006,运动达人,标准体型,较稳定,黄金意志
pjxyqxbj007,运动达人,超重体型,较稳定,青铜意志
pjxyqxbj008,运动达人,标准体型,较稳定,钻石意志
pjxyqxbj012,运动达人,偏瘦体型,较稳定,白银意志
pjxyqxbj015,运动达人,标准体型,较稳定,青铜意志
pjxyqxbj018,运动达人,标准体型,较稳定,白银意志
pjxyqxbj021,运动达人,标准体型,较稳定,白银意志
pjxyqxbj023,运动达人,标准体型,较稳定,白银意志
pjxyqxbj024,运动达人,标准体型,较稳定,黄金意志
pjxyqxbj027,运动达人,偏瘦体型,较稳定,待提升
pjxyqxbj029,运动达人,肥胖体型,较稳定,青铜意志
pjxyqxbj031,运动达人,标准体型,较稳定,黄金意志
pjxyqxbj032,运动达人,偏瘦体型,较稳定,白银意志
pjxyqxbj034,运动达人,标准体型,较稳定,黄金意志
pjxyqxbj035,运动达人,标准体型,较稳定,黄金意志
pjxyqxbj038,运动达人,标准体型,较稳定,铂金意志
pjxyqxbj039,运动达人,超重体型,一般,青铜意志
pjxyqxbj040,运动达人,标准体型,较稳定,黄金意志
pjxyqxbj043,运动达人,超重体型,较稳定,青铜意志
pjxyqxbj044,运动达人,标准体型,较稳定,钻石意志
pjxyqxbj046,运动达人,标准体型,较稳定,白银意志
pjxyqxbj048,运动达人,标准体型,较稳定,白银意志
pjxyqxbj049,运动达人,标准体型,较稳定,黄金意志
pjxyqxbj051,运动达人,标准体型,较稳定,铂金意志
pjxyqxbj052,运动达人,超重体型,较稳定,青铜意志
pjxyqxbj054,运动达人,标准体型,较稳定,白银意志
pjxyqxbj058,运动达人,标准体型,较稳定,钻石意志
pjxyqxbj060,运动达人,标准体型,较稳定,黄金意志
pjxyqxbj063,运动达人,超重体型,较稳定,青铜意志
pjxyqxbj064,运动达人,超重体型,较稳定,青铜意志
pjxyqxbj065,运动达人,标准体型,较稳定,黄金意志
pjxyqxbj066,运动达人,标准体型,一般,白银意志
pjxyqxbj067,运动达人,标准体型,较稳定,黄金意志
pjxyqxbj068,运动达人,超重体型,较稳定,青铜意志
pjxyqxbj073,运动达人,超重体型,较稳定,白银意志
pjxyqxbj074,运动达人,标准体型,较稳定,铂金意志
pjxyqxbj075,运动达人,标准体型,较稳定,铂金意志
pjxyqxbj080,运动达人,标准体型,较稳定,白银意志
pjxyqxbj082,运动达人,标准体型,一般,白银意志
pjxyqxbj084,运动达人,标准体型,较稳定,钻石意志
pjxyqxbj086,运动达人,标准体型,较稳定,铂金意志
pjxyqxbj088,运动达人,肥胖体型,较稳定,待提升
pjxyqxbj089,运动达人,标准体型,较稳定,黄金意志
pjxyqxbj092,运动达人,超重体型,一般,青铜意志
pjxyqxbj093,运动达人,超重体型,较稳定,白银意志
pjxyqxbj094,运动达人,标准体型,较稳定,铂金意志
pjxyqxbj095,运动达人,标准体型,较稳定,铂金意志
pjxyqxbj096,运动达人,标准体型,较稳定,白银意志
pjxyqxbj098,运动达人,超重体型,较稳定,青铜意志
pjxyqxbj100,规律锻炼,肥胖体型,一般,待提升
pjxyqxbj102,运动达人,标准体型,较稳定,黄金意志
pjxyqxbj103,运动达人,标准体型,较稳定,钻石意志
pjxyqxbj105,运动达人,标准体型,较稳定,白银意志
pjxyqxbj106,运动达人,标准体型,较稳定,黄金意志
pjxyqxbj113,运动达人,标准体型,较稳定,铂金意志
pjxyqxbj114,运动达人,标准体型,较稳定,白银意志
pjxyqxbj117,运动达人,标准体型,较稳定,钻石意志
pjxyqxbj119,运动达人,超重体型,一般,待提升
pjxyqxbj120,运动达人,标准体型,较稳定,黄金意志
pjxyqxbj121,运动达人,肥胖体型,较稳定,青铜意志
pjxyqxbj124,运动达人,标准体型,较稳定,白银意志
pjxyqxbj125,运动达人,超重体型,较稳定,青铜意志
pjxyqxbj129,运动达人,标准体型,较稳定,黄金意志
pjxyqxbj131,运动达人,标准体型,较稳定,铂金意志
pjxyqxbj132,运动达人,标准体型,一般,白银意志
pjxyqxbj139,运动达人,标准体型,较稳定,铂金意志
pjxyqxbj144,运动达人,偏瘦体型,较稳定,待提升
pjxyqxbj145,运动达人,标准体型,一般,白银意志
pjxyqxbj146,运动达人,标准体型,较稳定,铂金意志
pjxyqxbj147,运动达人,偏瘦体型,较稳定,青铜意志
pjxyqxbj148,运动达人,标准体型,一般,白银意志
pjxyqxbj150,运动达人,标准体型,较稳定,黄金意志
pjxyqxbj151,运动达人,标准体型,较稳定,铂金意志
pjxyqxbj152,运动达人,超重体型,较稳定,青铜意志
pjxyqxbj153,运动达人,标准体型,较稳定,黄金意志
pjxyqxbj154,运动达人,标准体型,较稳定,钻石意志
pjxyqxbj155,运动达人,标准体型,较稳定,白银意志
pjxyqxbj158,运动达人,标准体型,较稳定,白银意志
pjxyqxbj159,运动达人,标准体型,较稳定,钻石意志
pjxyqxbj160,运动达人,标准体型,较稳定,白银意志
pjxyqxbj162,运动达人,超重体型,较稳定,待提升
pjxyqxbj164,运动达人,偏瘦体型,较稳定,白银意志
pjxyqxbj165,运动达人,标准体型,较稳定,铂金意志
pjxyqxbj167,运动达人,标准体型,较稳定,钻石意志
pjxyqxbj169,运动达人,标准体型,较稳定,黄金意志
pjxyqxbj173,运动达人,偏瘦体型,较稳定,白银意志
pjxyqxbj174,运动达人,标准体型,较稳定,铂金意志
pjxyqxbj180,运动达人,标准体型,一般,黄金意志
pjxyqxbj182,运动达人,偏瘦体型,较稳定,待提升
pjxyqxbj187,运动达人,标准体型,较稳定,黄金意志
pjxyqxbj188,运动达人,标准体型,较稳定,黄金意志
pjxyqxbj192,运动达人,标准体型,较稳定,白银意志
pjxyqxbj195,运动达人,超重体型,较稳定,白银意志
pjxyqxbj198,运动达人,标准体型,较稳定,钻石意志
pjxyqxbj207,运动达人,标准体型,一般,黄金意志
pjxyqxbj214,运动达人,偏瘦体型,较稳定,黄金意志
pjxyqxbj217,运动达人,超重体型,较稳定,青铜意志
pjxyqxbj220,运动达人,标准体型,较稳定,钻石意志
pjxyqxbj221,运动达人,超重体型,一般,青铜意志
pjxyqxbj223,运动达人,标准体型,较稳定,白银意志
pjxyqxbj224,运动达人,标准体型,较稳定,黄金意志
pjxyqxbj225,运动达人,标准体型,较稳定,黄金意志
pjxyqxbj228,运动达人,标准体型,较稳定,白银意志
pjxyqxbj230,运动达人,标准体型,一般,白银意志
pjxyqxbj237,运动达人,标准体型,较稳定,钻石意志
pjxyqxbj238,运动达人,标准体型,较稳定,黄金意志
pjxyqxbj239,运动达人,标准体型,较稳定,铂金意志
pjxyqxbj240,运动达人,标准体型,较稳定,钻石意志
pjxyqxbj241,运动达人,标准体型,较稳定,铂金意志
pjxyqxbj242,运动达人,标准体型,一般,黄金意志
pjxyqxbj243,运动达人,标准体型,较稳定,钻石意志
pjxyqxbj250,运动达人,标准体型,较稳定,黄金意志
pjxyqxbj251,运动达人,标准体型,较稳定,白银意志
pjxyqxbj253,运动达人,标准体型,较稳定,黄金意志
pjxyqxbj255,运动达人,标准体型,一般,黄金意志
pjxyqxbj257,运动达人,偏瘦体型,较稳定,青铜意志
pjxyqxbj261,运动达人,标准体型,较稳定,黄金意志
pjxyqxbj262,运动达人,标准体型,较稳定,黄金意志
pjxyqxbj269,运动达人,超重体型,较稳定,青铜意志
pjxyqxbj271,运动达人,肥胖体型,较稳定,待提升
pjxyqxbj272,运动达人,标准体型,较稳定,白银意志
pjxyqxbj273,运动达人,标准体型,较稳定,黄金意志
pjxyqxbj277,运动达人,超重体型,较稳定,白银意志
pjxyqxbj278,运动达人,偏瘦体型,较稳定,白银意志
pjxyqxbj279,运动达人,肥胖体型,较稳定,待提升
pjxyqxbj280,运动达人,标准体型,较稳定,白银意志
pjxyqxbj282,运动达人,标准体型,较稳定,黄金意志
pjxyqxbj283,运动达人,超重体型,较稳定,青铜意志
pjxyqxbj284,运动达人,标准体型,较稳定,铂金意志
pjxyqxbj285,运动达人,偏瘦体型,较稳定,白银意志
pjxyqxbj286,运动达人,标准体型,较稳定,铂金意志
pjxyqxbj288,运动达人,标准体型,较稳定,铂金意志
pjxyqxbj290,运动达人,标准体型,较稳定,铂金意志
pjxyqxbj293,运动达人,标准体型,较稳定,青铜意志
pjxyqxbj294,运动达人,肥胖体型,较稳定,待提升
pjxyqxbj296,运动达人,标准体型,较稳定,黄金意志
pjxyqxbj301,运动达人,标准体型,较稳定,铂金意志
pjxyqxbj305,运动达人,超重体型,较稳定,青铜意志
pjxyqxbj312,运动达人,标准体型,较稳定,黄金意志
pjxyqxbj314,运动达人,标准体型,一般,黄金意志
pjxyqxbj315,运动达人,标准体型,一般,黄金意志
pjxyqxbj317,运动达人,标准体型,一般,铂金意志
pjxyqxbj319,运动达人,标准体型,较稳定,白银意志
pjxyqxbj320,运动达人,标准体型,较稳定,黄金意志
pjxyqxbj323,运动达人,标准体型,一般,白银意志
pjxyqxbj325,运动达人,标准体型,较稳定,黄金意志
pjxyqxbj327,运动达人,超重体型,较稳定,青铜意志
pjxyqxbj330,运动达人,标准体型,较稳定,钻石意志
pjxyqxbj332,运动达人,标准体型,较稳定,白银意志
pjxyqxbj333,运动达人,超重体型,较稳定,青铜意志
pjxyqxbj334,运动达人,超重体型,较稳定,白银意志
pjxyqxbj337,运动达人,超重体型,较稳定,青铜意志
pjxyqxbj340,运动达人,标准体型,较稳定,白银意志
pjxyqxbj345,运动达人,标准体型,较稳定,白银意志
pjxyqxbj347,运动达人,肥胖体型,较稳定,待提升
pjxyqxbj348,运动达人,超重体型,较稳定,待提升
pjxyqxbj352,运动达人,标准体型,较稳定,铂金意志
pjxyqxbj353,运动达人,标准体型,较稳定,黄金意志
pjxyqxbj355,运动达人,标准体型,较稳定,黄金意志
pjxyqxbj358,运动达人,标准体型,一般,白银意志
pjxyqxbj359,运动达人,标准体型,较稳定,铂金意志
pjxyqxbj361,运动达人,标准体型,较稳定,铂金意志
pjxyqxbj365,运动达人,超重体型,较稳定,青铜意志
pjxyqxbj370,运动达人,超重体型,较稳定,青铜意志
pjxyqxbj371,运动达人,标准体型,较稳定,钻石意志
pjxyqxbj374,偶尔锻炼,超重体型,较稳定,待提升
pjxyqxbj379,运动达人,标准体型,较稳定,铂金意志
pjxyqxbj384,运动达人,超重体型,较稳定,白银意志
pjxyqxbj391,运动达人,标准体型,较稳定,白银意志
pjxyqxbj392,运动达人,偏瘦体型,一般,白银意志
pjxyqxbj395,运动达人,标准体型,较稳定,铂金意志
pjxyqxbj397,运动达人,超重体型,较稳定,待提升
pjxyqxbj399,运动达人,标准体型,较稳定,黄金意志
pjxyqxbj400,运动达人,标准体型,较稳定,黄金意志
pjxyqxbj403,运动达人,超重体型,较稳定,白银意志
pjxyqxbj404,运动达人,标准体型,较稳定,铂金意志
pjxyqxbj405,运动达人,标准体型,较稳定,白银意志
pjxyqxbj410,运动达人,超重体型,较稳定,白银意志
pjxyqxbj412,运动达人,超重体型,较稳定,白银意志
pjxyqxbj415,运动达人,超重体型,较稳定,青铜意志
pjxyqxbj417,运动达人,肥胖体型,较稳定,待提升
pjxyqxbj418,运动达人,标准体型,较稳定,青铜意志
pjxyqxbj419,运动达人,标准体型,较稳定,钻石意志
pjxyqxbj422,运动达人,标准体型,较稳定,黄金意志
pjxyqxbj428,运动达人,超重体型,较稳定,白银意志
pjxyqxbj430,运动达人,标准体型,较稳定,铂金意志
pjxyqxbj432,运动达人,标准体型,较稳定,青铜意志
pjxyqxbj433,运动达人,标准体型,较稳定,黄金意志
pjxyqxbj439,运动达人,超重体型,较稳定,待提升
pjxyqxbj440,运动达人,超重体型,较稳定,待提升
pjxyqxbj443,运动达人,标准体型,较稳定,黄金意志
pjxyqxbj451,运动达人,标准体型,较稳定,黄金意志
pjxyqxbj452,运动达人,标准体型,较稳定,钻石意志
pjxyqxbj454,运动达人,标准体型,较稳定,铂金意志
pjxyqxbj455,运动达人,肥胖体型,较稳定,待提升
pjxyqxbj459,运动达人,偏瘦体型,较稳定,青铜意志
pjxyqxbj460,运动达人,标准体型,较稳定,铂金意志
pjxyqxbj464,运动达人,标准体型,较稳定,铂金意志
pjxyqxbj465,运动达人,标准体型,较稳定,铂金意志
pjxyqxbj469,运动达人,标准体型,一般,白银意志
pjxyqxbj470,运动达人,标准体型,较稳定,黄金意志
pjxyqxbj474,运动达人,标准体型,较稳定,黄金意志
pjxyqxbj476,运动达人,标准体型,较稳定,黄金意志
pjxyqxbj478,运动达人,标准体型,较稳定,黄金意志
pjxyqxbj483,运动达人,标准体型,较稳定,铂金意志
pjxyqxbj484,运动达人,标准体型,较稳定,白银意志
pjxyqxbj485,运动达人,超重体型,较稳定,黄金意志
pjxyqxbj490,运动达人,肥胖体型,较稳定,待提升
pjxyqxbj491,运动达人,肥胖体型,较稳定,待提升
pjxyqxbj492,运动达人,标准体型,较稳定,铂金意志
pjxyqxbj496,运动达人,标准体型,较稳定,铂金意志
pjxyqxbj501,运动达人,超重体型,较稳定,青铜意志
pjxyqxbj505,运动达人,标准体型,较稳定,黄金意志
pjxyqxbj506,运动达人,标准体型,较稳定,白银意志
pjxyqxbj507,运动达人,标准体型,较稳定,铂金意志
pjxyqxbj511,运动达人,超重体型,较稳定,青铜意志
pjxyqxbj512,运动达人,标准体型,较稳定,铂金意志
pjxyqxbj519,运动达人,标准体型,较稳定,白银意志
pjxyqxbj520,运动达人,标准体型,较稳定,黄金意志
pjxyqxbj521,运动达人,超重体型,较稳定,白银意志
pjxyqxbj522,运动达人,标准体型,较稳定,钻石意志
pjxyqxbj524,运动达人,标准体型,较稳定,白银意志
pjxyqxbj525,运动达人,超重体型,较稳定,青铜意志
pjxyqxbj527,运动达人,标准体型,较稳定,黄金意志
pjxyqxbj528,运动达人,超重体型,较稳定,白银意志
pjxyqxbj529,运动达人,标准体型,较稳定,黄金意志
pjxyqxbj533,运动达人,标准体型,较稳定,白银意志
pjxyqxbj537,运动达人,标准体型,较稳定,黄金意志
pjxyqxbj540,运动达人,标准体型,较稳定,青铜意志
pjxyqxbj541,运动达人,超重体型,较稳定,白银意志
pjxyqxbj544,运动达人,标准体型,较稳定,白银意志
pjxyqxbj545,运动达人,超重体型,较稳定,白银意志
pjxyqxbj546,运动达人,标准体型,较稳定,铂金意志
pjxyqxbj548,运动达人,标准体型,较稳定,黄金意志
pjxyqxbj554,运动达人,标准体型,较稳定,铂金意志
pjxyqxbj557,运动达人,标准体型,较稳定,钻石意志
pjxyqxbj559,运动达人,标准体型,较稳定,黄金意志
pjxyqxbj562,运动达人,偏瘦体型,较稳定,青铜意志
pjxyqxbj565,运动达人,超重体型,较稳定,白银意志
pjxyqxbj566,运动达人,标准体型,较稳定,钻石意志
pjxyqxbj569,运动达人,标准体型,较稳定,白银意志
pjxyqxbj570,运动达人,标准体型,较稳定,白银意志
pjxyqxbj571,运动达人,标准体型,非常稳定,钻石意志
pjxyqxbj574,运动达人,标准体型,较稳定,白银意志
pjxyqxbj575,运动达人,标准体型,较稳定,黄金意志
pjxyqxbj576,运动达人,标准体型,一般,黄金意志
pjxyqxbj577,运动达人,超重体型,较稳定,青铜意志
pjxyqxbj578,运动达人,标准体型,较稳定,黄金意志
pjxyqxbj580,运动达人,标准体型,较稳定,黄金意志
pjxyqxbj581,运动达人,偏瘦体型,较稳定,青铜意志
pjxyqxbj583,运动达人,标准体型,较稳定,黄金意志
pjxyqxbj584,运动达人,标准体型,一般,白银意志
pjxyqxbj585,运动达人,偏瘦体型,较稳定,待提升
pjxyqxbj586,运动达人,标准体型,较稳定,白银意志
pjxyqxbj588,运动达人,标准体型,较稳定,黄金意志
pjxyqxbj589,运动达人,偏瘦体型,较稳定,青铜意志
pjxyqxbj594,运动达人,标准体型,较稳定,铂金意志
pjxyqxbj595,运动达人,标准体型,较稳定,铂金意志
pjxyqxbj599,运动达人,标准体型,较稳定,铂金意志
pjxyqxbj605,运动达人,超重体型,较稳定,青铜意志
pjxyqxbj607,运动达人,标准体型,较稳定,黄金意志
pjxyqxbj608,运动达人,标准体型,较稳定,白银意志
pjxyqxbj609,运动达人,标准体型,较稳定,钻石意志
pjxyqxbj610,运动达人,偏瘦体型,较稳定,青铜意志
pjxyqxbj615,运动达人,偏瘦体型,较稳定,白银意志
pjxyqxbj616,运动达人,标准体型,较稳定,钻石意志
pjxyqxbj625,运动达人,标准体型,较稳定,铂金意志
pjxyqxbj626,运动达人,标准体型,较稳定,白银意志
pjxyqxbj628,运动达人,标准体型,较稳定,白银意志
pjxyqxbj629,运动达人,超重体型,较稳定,白银意志
pjxyqxbj630,运动达人,超重体型,较稳定,青铜意志
pjxyqxbj633,运动达人,标准体型,较稳定,白银意志
pjxyqxbj635,运动达人,标准体型,较稳定,白银意志
pjxyqxbj636,运动达人,标准体型,较稳定,白银意志
pjxyqxbj637,运动达人,标准体型,较稳定,白银意志
pjxyqxbj638,运动达人,标准体型,较稳定,黄金意志
pjxyqxbj640,运动达人,标准体型,较稳定,黄金意志
pjxyqxbj642,运动达人,标准体型,较稳定,白银意志
pjxyqxbj643,运动达人,超重体型,较稳定,青铜意志
pjxyqxbj645,运动达人,标准体型,较稳定,白银意志
pjxyqxbj646,运动达人,标准体型,较稳定,黄金意志
pjxyqxbj647,运动达人,标准体型,较稳定,黄金意志
pjxyqxbj648,运动达人,标准体型,较稳定,黄金意志
pjxyqxbj653,运动达人,标准体型,较稳定,黄金意志
pjxyqxbj657,运动达人,标准体型,较稳定,黄金意志
pjxyqxbj658,运动达人,标准体型,较稳定,黄金意志
pjxyqxbj659,运动达人,偏瘦体型,较稳定,白银意志
pjxyqxbj662,运动达人,偏瘦体型,较稳定,白银意志
pjxyqxbj663,运动达人,标准体型,较稳定,白银意志
pjxyqxbj667,运动达人,标准体型,较稳定,铂金意志
pjxyqxbj669,运动达人,标准体型,较稳定,铂金意志
pjxyqxbj670,运动达人,标准体型,一般,黄金意志
pjxyqxbj676,运动达人,标准体型,较稳定,黄金意志
pjxyqxbj679,运动达人,标准体型,较稳定,黄金意志
pjxyqxbj681,运动达人,标准体型,较稳定,钻石意志
pjxyqxbj682,运动达人,超重体型,较稳定,青铜意志
pjxyqxbj683,运动达人,偏瘦体型,较稳定,青铜意志
pjxyqxbj686,运动达人,标准体型,较稳定,白银意志
pjxyqxbj687,运动达人,标准体型,较稳定,白银意志
pjxyqxbj688,运动达人,标准体型,较稳定,青铜意志
pjxyqxbj691,运动达人,标准体型,较稳定,黄金意志
pjxyqxbj692,运动达人,标准体型,较稳定,黄金意志
pjxyqxbj694,运动达人,标准体型,较稳定,铂金意志
pjxyqxbj698,运动达人,肥胖体型,较稳定,待提升
pjxyqxbj701,运动达人,超重体型,较稳定,青铜意志
pjxyqxbj703,运动达人,标准体型,较稳定,白银意志
pjxyqxbj707,运动达人,超重体型,较稳定,白银意志
pjxyqxbj709,运动达人,标准体型,较稳定,白银意志
pjxyqxbj710,运动达人,标准体型,较稳定,白银意志
pjxyqxbj712,运动达人,标准体型,较稳定,铂金意志
pjxyqxbj714,运动达人,标准体型,一般,黄金意志
pjxyqxbj717,运动达人,超重体型,较稳定,白银意志
pjxyqxbj718,运动达人,标准体型,较稳定,黄金意志
pjxyqxbj722,运动达人,标准体型,较稳定,黄金意志
pjxyqxbj724,运动达人,标准体型,较稳定,钻石意志
pjxyqxbj725,运动达人,标准体型,较稳定,铂金意志
pjxyqxbj726,运动达人,标准体型,较稳定,黄金意志
pjxyqxbj728,运动达人,超重体型,较稳定,青铜意志
pjxyqxbj729,运动达人,标准体型,一般,待提升
pjxyqxbj731,运动达人,标准体型,一般,黄金意志
pjxyqxbj733,运动达人,肥胖体型,较稳定,待提升
pjxyqxbj734,运动达人,标准体型,较稳定,黄金意志
pjxyqxbj736,运动达人,超重体型,较稳定,白银意志
pjxyqxbj737,运动达人,标准体型,较稳定,黄金意志
pjxyqxbj739,运动达人,标准体型,较稳定,青铜意志
pjxyqxbj740,运动达人,肥胖体型,较稳定,待提升
pjxyqxbj743,运动达人,超重体型,较稳定,白银意志
pjxyqxbj744,运动达人,标准体型,较稳定,白银意志
pjxyqxbj749,运动达人,标准体型,一般,青铜意志
pjxyqxbj750,运动达人,超重体型,较稳定,青铜意志
pjxyqxbj753,运动达人,超重体型,较稳定,白银意志
pjxyqxbj754,运动达人,标准体型,较稳定,黄金意志
pjxyqxbj756,运动达人,超重体型,较稳定,青铜意志
pjxyqxbj757,运动达人,超重体型,较稳定,白银意志
pjxyqxbj760,运动达人,标准体型,较稳定,钻石意志
pjxyqxbj761,运动达人,超重体型,较稳定,白银意志
pjxyqxbj762,运动达人,标准体型,较稳定,钻石意志
pjxyqxbj765,运动达人,超重体型,一般,待提升
pjxyqxbj769,运动达人,标准体型,一般,白银意志
pjxyqxbj770,运动达人,超重体型,较稳定,青铜意志
pjxyqxbj771,运动达人,超重体型,较稳定,青铜意志
pjxyqxbj772,运动达人,标准体型,较稳定,青铜意志
pjxyqxbj776,运动达人,超重体型,较稳定,青铜意志
pjxyqxbj777,运动达人,标准体型,较稳定,黄金意志
pjxyqxbj779,运动达人,标准体型,一般,黄金意志
pjxyqxbj780,运动达人,标准体型,较稳定,青铜意志
pjxyqxbj781,运动达人,标准体型,较稳定,黄金意志
pjxyqxbj784,运动达人,标准体型,一般,黄金意志
pjxyqxbj788,运动达人,标准体型,较稳定,钻石意志
pjxyqxbj789,运动达人,标准体型,一般,铂金意志
pjxyqxbj791,运动达人,标准体型,较稳定,钻石意志
pjxyqxbj794,运动达人,标准体型,较稳定,黄金意志
pjxyqxbj795,运动达人,超重体型,较稳定,白银意志
pjxyqxbj798,运动达人,标准体型,较稳定,铂金意志
pjxyqxbj799,运动达人,标准体型,较稳定,白银意志
pjxyqxbj800,运动达人,标准体型,较稳定,铂金意志
pjxyqxbj801,运动达人,偏瘦体型,较稳定,白银意志
pjxyqxbj807,运动达人,标准体型,较稳定,黄金意志
pjxyqxbj812,运动达人,肥胖体型,较稳定,待提升
pjxyqxbj813,运动达人,标准体型,一般,铂金意志
pjxyqxbj815,运动达人,标准体型,较稳定,黄金意志
pjxyqxbj817,运动达人,标准体型,较稳定,钻石意志
pjxyqxbj818,运动达人,肥胖体型,较稳定,待提升
pjxyqxbj823,运动达人,标准体型,较稳定,黄金意志
pjxyqxbj827,运动达人,肥胖体型,较稳定,待提升
pjxyqxbj828,运动达人,超重体型,较稳定,青铜意志
pjxyqxbj829,运动达人,偏瘦体型,较稳定,待提升
pjxyqxbj830,运动达人,标准体型,较稳定,钻石意志
pjxyqxbj831,运动达人,标准体型,较稳定,黄金意志
pjxyqxbj832,运动达人,标准体型,一般,黄金意志
pjxyqxbj834,运动达人,标准体型,较稳定,白银意志
pjxyqxbj835,运动达人,超重体型,较稳定,青铜意志
pjxyqxbj838,运动达人,超重体型,较稳定,青铜意志
pjxyqxbj840,运动达人,标准体型,较稳定,黄金意志
pjxyqxbj841,运动达人,标准体型,较稳定,铂金意志
pjxyqxbj846,运动达人,超重体型,较稳定,白银意志
pjxyqxbj848,运动达人,标准体型,较稳定,钻石意志
pjxyqxbj851,运动达人,标准体型,较稳定,钻石意志
pjxyqxbj853,运动达人,标准体型,较稳定,黄金意志
pjxyqxbj854,运动达人,标准体型,较稳定,铂金意志
pjxyqxbj857,运动达人,偏瘦体型,较稳定,白银意志
pjxyqxbj858,运动达人,标准体型,较稳定,白银意志
pjxyqxbj861,运动达人,标准体型,较稳定,钻石意志
pjxyqxbj862,运动达人,标准体型,较稳定,白银意志
pjxyqxbj864,运动达人,标准体型,较稳定,白银意志
pjxyqxbj866,运动达人,标准体型,较稳定,黄金意志
pjxyqxbj867,运动达人,肥胖体型,较稳定,待提升
pjxyqxbj868,运动达人,超重体型,较稳定,青铜意志
pjxyqxbj869,运动达人,标准体型,较稳定,钻石意志
pjxyqxbj871,运动达人,标准体型,较稳定,待提升
pjxyqxbj872,运动达人,偏瘦体型,较稳定,青铜意志
pjxyqxbj876,运动达人,偏瘦体型,较稳定,青铜意志
pjxyqxbj879,运动达人,标准体型,较稳定,铂金意志
pjxyqxbj884,运动达人,标准体型,较稳定,黄金意志
pjxyqxbj885,运动达人,肥胖体型,较稳定,待提升
pjxyqxbj888,运动达人,标准体型,较稳定,钻石意志
pjxyqxbj889,运动达人,标准体型,较稳定,黄金意志
pjxyqxbj893,运动达人,标准体型,较稳定,白银意志
pjxyqxbj895,运动达人,标准体型,较稳定,铂金意志
pjxyqxbj896,运动达人,标准体型,较稳定,白银意志
pjxyqxbj897,运动达人,超重体型,较稳定,白银意志
pjxyqxbj898,运动达人,标准体型,较稳定,黄金意志
pjxyqxbj903,运动达人,超重体型,较稳定,青铜意志
pjxyqxbj905,运动达人,超重体型,一般,青铜意志
pjxyqxbj907,运动达人,标准体型,较稳定,黄金意志
pjxyqxbj909,运动达人,超重体型,较稳定,青铜意志
pjxyqxbj910,运动达人,标准体型,较稳定,黄金意志
pjxyqxbj911,运动达人,标准体型,一般,白银意志
pjxyqxbj914,运动达人,标准体型,较稳定,铂金意志
pjxyqxbj915,运动达人,标准体型,较稳定,钻石意志
pjxyqxbj918,运动达人,标准体型,较稳定,白银意志
pjxyqxbj919,运动达人,标准体型,较稳定,黄金意志
pjxyqxbj921,运动达人,标准体型,较稳定,黄金意志
pjxyqxbj922,运动达人,超重体型,一般,青铜意志
pjxyqxbj927,运动达人,标准体型,较稳定,钻石意志
pjxyqxbj928,运动达人,标准体型,较稳定,青铜意志
pjxyqxbj929,运动达人,标准体型,较稳定,白银意志
pjxyqxbj932,运动达人,超重体型,较稳定,白银意志
pjxyqxbj933,运动达人,标准体型,较稳定,白银意志
pjxyqxbj935,运动达人,偏瘦体型,较稳定,青铜意志
pjxyqxbj940,运动达人,偏瘦体型,较稳定,青铜意志
pjxyqxbj945,运动达人,偏瘦体型,较稳定,待提升
pjxyqxbj947,运动达人,标准体型,较稳定,黄金意志
pjxyqxbj948,运动达人,标准体型,较稳定,黄金意志
pjxyqxbj949,运动达人,标准体型,较稳定,铂金意志
pjxyqxbj950,运动达人,标准体型,较稳定,铂金意志
pjxyqxbj952,运动达人,标准体型,较稳定,铂金意志
pjxyqxbj953,运动达人,标准体型,较稳定,黄金意志
pjxyqxbj954,运动达人,标准体型,较稳定,铂金意志
pjxyqxbj955,运动达人,超重体型,较稳定,青铜意志
pjxyqxbj957,运动达人,标准体型,较稳定,铂金意志
pjxyqxbj961,运动达人,超重体型,较稳定,青铜意志
pjxyqxbj964,运动达人,标准体型,较稳定,黄金意志
pjxyqxbj967,运动达人,标准体型,较稳定,黄金意志
pjxyqxbj968,运动达人,标准体型,较稳定,白银意志
pjxyqxbj969,运动达人,标准体型,较稳定,白银意志
pjxyqxbj972,运动达人,偏瘦体型,较稳定,青铜意志
pjxyqxbj973,运动达人,超重体型,较稳定,青铜意志
pjxyqxbj978,运动达人,肥胖体型,较稳定,待提升
pjxyqxbj979,运动达人,标准体型,较稳定,黄金意志
pjxyqxbj980,运动达人,标准体型,较稳定,黄金意志
pjxyqxbj981,运动达人,标准体型,较稳定,黄金意志
pjxyqxbj984,运动达人,超重体型,较稳定,白银意志
pjxyqxbj985,运动达人,标准体型,较稳定,黄金意志
pjxyqxbj987,运动达人,标准体型,较稳定,黄金意志
pjxyqxbj989,运动达人,标准体型,较稳定,白银意志
pjxyqxbj991,运动达人,标准体型,较稳定,黄金意志
pjxyqxbj993,运动达人,偏瘦体型,较稳定,白银意志
pjxyqxbj995,运动达人,标准体型,较稳定,黄金意志
pjxyqxbk000,运动达人,标准体型,较稳定,铂金意志
pjxyqxbk005,运动达人,超重体型,较稳定,青铜意志
pjxyqxbk007,运动达人,标准体型,较稳定,钻石意志
pjxyqxbk011,运动达人,标准体型,较稳定,铂金意志
pjxyqxbk013,运动达人,标准体型,一般,黄金意志
pjxyqxbk015,运动达人,超重体型,一般,青铜意志
pjxyqxbk019,运动达人,标准体型,较稳定,白银意志
pjxyqxbk021,运动达人,标准体型,较稳定,黄金意志
pjxyqxbk022,运动达人,标准体型,较稳定,白银意志
pjxyqxbk023,运动达人,标准体型,较稳定,白银意志
pjxyqxbk024,运动达人,偏瘦体型,较稳定,青铜意志
pjxyqxbk025,运动达人,标准体型,较稳定,铂金意志
pjxyqxbk027,运动达人,标准体型,较稳定,铂金意志
pjxyqxbk031,运动达人,标准体型,较稳定,黄金意志
pjxyqxbk032,运动达人,标准体型,一般,铂金意志
pjxyqxbk035,运动达人,偏瘦体型,较稳定,待提升
pjxyqxbk036,运动达人,标准体型,较稳定,铂金意志
pjxyqxbk039,运动达人,标准体型,较稳定,白银意志
pjxyqxbk042,运动达人,标准体型,较稳定,白银意志
pjxyqxbk043,运动达人,标准体型,较稳定,钻石意志
pjxyqxbk046,运动达人,标准体型,较稳定,白银意志
pjxyqxbk047,运动达人,超重体型,较稳定,青铜意志
pjxyqxbk048,运动达人,标准体型,较稳定,白银意志
pjxyqxbk052,运动达人,标准体型,较稳定,白银意志
pjxyqxbk053,运动达人,超重体型,较稳定,白银意志
pjxyqxbk059,运动达人,超重体型,较稳定,白银意志
pjxyqxbk063,运动达人,标准体型,较稳定,黄金意志
pjxyqxbk064,运动达人,标准体型,较稳定,铂金意志
pjxyqxbk065,运动达人,标准体型,一般,黄金意志
pjxyqxbk066,运动达人,超重体型,较稳定,白银意志
pjxyqxbk067,运动达人,标准体型,较稳定,黄金意志
pjxyqxbk068,运动达人,标准体型,较稳定,黄金意志
pjxyqxbk070,运动达人,标准体型,较稳定,黄金意志
pjxyqxbk072,运动达人,标准体型,较稳定,黄金意志
pjxyqxbk074,运动达人,标准体型,较稳定,黄金意志
pjxyqxbk075,运动达人,标准体型,较稳定,黄金意志
pjxyqxbk076,运动达人,标准体型,较稳定,黄金意志
pjxyqxbk079,运动达人,标准体型,较稳定,钻石意志
pjxyqxbk080,运动达人,标准体型,较稳定,黄金意志
pjxyqxbk081,运动达人,标准体型,较稳定,铂金意志
pjxyqxbk086,运动达人,标准体型,非常稳定,铂金意志
pjxyqxbk090,运动达人,标准体型,较稳定,铂金意志
pjxyqxbk094,运动达人,标准体型,较稳定,黄金意志
pjxyqxbk095,运动达人,标准体型,较稳定,白银意志
pjxyqxbk097,运动达人,超重体型,较稳定,青铜意志
pjxyqxbk098,运动达人,超重体型,较稳定,青铜意志
pjxyqxbk101,运动达人,标准体型,较稳定,钻石意志
pjxyqxbk105,运动达人,标准体型,较稳定,白银意志
pjxyqxbk107,运动达人,标准体型,较稳定,黄金意志
pjxyqxbk115,运动达人,标准体型,较稳定,铂金意志
pjxyqxbk116,运动达人,标准体型,较稳定,黄金意志
pjxyqxbk121,运动达人,标准体型,较稳定,青铜意志
pjxyqxbk125,运动达人,标准体型,较稳定,白银意志
pjxyqxbk131,运动达人,标准体型,较稳定,白银意志
pjxyqxbk135,运动达人,标准体型,较稳定,白银意志
pjxyqxbk137,运动达人,标准体型,较稳定,铂金意志
pjxyqxbk138,运动达人,标准体型,较稳定,铂金意志
pjxyqxbk140,运动达人,超重体型,非常稳定,青铜意志
pjxyqxbk144,运动达人,肥胖体型,较稳定,待提升
pjxyqxbk147,运动达人,标准体型,较稳定,白银意志
pjxyqxbk148,运动达人,超重体型,较稳定,白银意志
pjxyqxbk149,运动达人,标准体型,较稳定,黄金意志
pjxyqxbk150,运动达人,超重体型,较稳定,青铜意志
pjxyqxbk151,运动达人,标准体型,较稳定,黄金意志
pjxyqxbk154,运动达人,标准体型,较稳定,黄金意志
pjxyqxbk155,运动达人,标准体型,较稳定,黄金意志
pjxyqxbk158,运动达人,标准体型,较稳定,铂金意志
pjxyqxbk159,运动达人,标准体型,较稳定,铂金意志
pjxyqxbk160,运动达人,超重体型,较稳定,白银意志
pjxyqxbk162,运动达人,标准体型,较稳定,铂金意志
pjxyqxbk163,运动达人,肥胖体型,较稳定,待提升
pjxyqxbk165,运动达人,标准体型,较稳定,铂金意志
pjxyqxbk166,运动达人,标准体型,较稳定,黄金意志
pjxyqxbk167,运动达人,标准体型,较稳定,黄金意志
pjxyqxbk168,运动达人,标准体型,较稳定,白银意志
pjxyqxbk171,运动达人,标准体型,较稳定,黄金意志
pjxyqxbk180,运动达人,标准体型,较稳定,白银意志
pjxyqxbk182,运动达人,超重体型,较稳定,青铜意志
pjxyqxbk183,运动达人,超重体型,较稳定,白银意志
pjxyqxbk185,运动达人,标准体型,较稳定,铂金意志
pjxyqxbk190,运动达人,标准体型,较稳定,黄金意志
pjxyqxbk194,运动达人,标准体型,较稳定,白银意志
pjxyqxbk195,运动达人,标准体型,较稳定,白银意志
pjxyqxbk198,运动达人,标准体型,较稳定,白银意志
pjxyqxbk199,运动达人,标准体型,较稳定,钻石意志
pjxyqxbk201,运动达人,超重体型,较稳定,白银意志
pjxyqxbk204,运动达人,标准体型,较稳定,铂金意志
pjxyqxbk208,运动达人,超重体型,一般,待提升
pjxyqxbk209,运动达人,标准体型,较稳定,铂金意志
pjxyqxbk210,运动达人,超重体型,较稳定,待提升
pjxyqxbk211,运动达人,超重体型,较稳定,待提升
pjxyqxbk218,运动达人,标准体型,较稳定,黄金意志
pjxyqxbk220,运动达人,标准体型,较稳定,黄金意志
pjxyqxbk222,运动达人,标准体型,较稳定,白银意志
pjxyqxbk224,运动达人,标准体型,较稳定,白银意志
pjxyqxbk228,运动达人,标准体型,较稳定,黄金意志
pjxyqxbk230,运动达人,标准体型,较稳定,黄金意志
pjxyqxbk231,运动达人,标准体型,较稳定,钻石意志
pjxyqxbk232,运动达人,超重体型,较稳定,青铜意志
pjxyqxbk236,运动达人,偏瘦体型,较稳定,白银意志
pjxyqxbk239,运动达人,标准体型,较稳定,待提升
pjxyqxbk242,运动达人,标准体型,较稳定,黄金意志
pjxyqxbk243,运动达人,标准体型,较稳定,青铜意志
pjxyqxbk246,运动达人,标准体型,较稳定,黄金意志
pjxyqxbk253,运动达人,超重体型,较稳定,待提升
pjxyqxbk257,运动达人,标准体型,较稳定,白银意志
pjxyqxbk261,运动达人,肥胖体型,较稳定,青铜意志
pjxyqxbk262,运动达人,肥胖体型,较稳定,待提升
pjxyqxbk263,运动达人,超重体型,较稳定,青铜意志
pjxyqxbk264,运动达人,标准体型,较稳定,青铜意志
pjxyqxbk268,运动达人,标准体型,较稳定,铂金意志
pjxyqxbk269,运动达人,标准体型,较稳定,黄金意志
pjxyqxbk272,运动达人,超重体型,较稳定,青铜意志
pjxyqxbk273,运动达人,超重体型,一般,青铜意志
pjxyqxbk276,运动达人,标准体型,较稳定,铂金意志
pjxyqxbk277,运动达人,超重体型,较稳定,青铜意志
pjxyqxbk281,运动达人,标准体型,一般,白银意志
pjxyqxbk286,运动达人,标准体型,较稳定,白银意志
pjxyqxbk287,运动达人,标准体型,一般,白银意志
pjxyqxbk290,运动达人,超重体型,较稳定,白银意志
pjxyqxbk294,运动达人,标准体型,一般,白银意志
pjxyqxbk295,运动达人,标准体型,较稳定,黄金意志
pjxyqxbk297,运动达人,标准体型,较稳定,白银意志
pjxyqxbk298,运动达人,超重体型,一般,待提升
pjxyqxbk300,运动达人,标准体型,较稳定,钻石意志
pjxyqxbk302,运动达人,标准体型,不稳定,白银意志
pjxyqxbk304,运动达人,偏瘦体型,一般,青铜意志
pjxyqxbk305,运动达人,标准体型,较稳定,黄金意志
pjxyqxbk307,运动达人,标准体型,较稳定,黄金意志
pjxyqxbk314,运动达人,偏瘦体型,较稳定,白银意志
pjxyqxbk316,运动达人,标准体型,较稳定,铂金意志
pjxyqxbk317,运动达人,标准体型,较稳定,黄金意志
pjxyqxbk318,运动达人,标准体型,不稳定,白银意志
pjxyqxbk319,运动达人,超重体型,较稳定,白银意志
pjxyqxbk325,运动达人,标准体型,较稳定,铂金意志
pjxyqxbk328,运动达人,标准体型,较稳定,黄金意志
pjxyqxbk329,运动达人,标准体型,一般,钻石意志
pjxyqxbk330,运动达人,标准体型,较稳定,白银意志
pjxyqxbk331,运动达人,超重体型,较稳定,青铜意志
pjxyqxbk334,运动达人,超重体型,一般,待提升
pjxyqxbk335,运动达人,标准体型,较稳定,黄金意志
pjxyqxbk336,运动达人,标准体型,较稳定,钻石意志
pjxyqxbk338,运动达人,超重体型,较稳定,青铜意志
pjxyqxbk339,运动达人,标准体型,较稳定,钻石意志
pjxyqxbk341,运动达人,超重体型,较稳定,青铜意志
pjxyqxbk342,运动达人,肥胖体型,一般,待提升
pjxyqxbk343,运动达人,标准体型,一般,黄金意志
pjxyqxbk346,运动达人,标准体型,较稳定,铂金意志
pjxyqxbk349,运动达人,标准体型,较稳定,黄金意志
pjxyqxbk350,运动达人,标准体型,较稳定,钻石意志
pjxyqxbk351,运动达人,超重体型,较稳定,白银意志
pjxyqxbk354,运动达人,标准体型,较稳定,钻石意志
pjxyqxbk358,运动达人,标准体型,较稳定,钻石意志
pjxyqxbk364,运动达人,标准体型,较稳定,黄金意志
pjxyqxbk368,运动达人,标准体型,较稳定,钻石意志
pjxyqxbk369,运动达人,标准体型,较稳定,白银意志
pjxyqxbk370,运动达人,超重体型,较稳定,青铜意志
pjxyqxbk373,运动达人,肥胖体型,较稳定,待提升
pjxyqxbk375,运动达人,标准体型,较稳定,铂金意志
pjxyqxbk377,运动达人,标准体型,较稳定,黄金意志
pjxyqxbk378,运动达人,标准体型,较稳定,青铜意志
pjxyqxbk382,运动达人,标准体型,较稳定,钻石意志
pjxyqxbk388,运动达人,标准体型,较稳定,黄金意志
pjxyqxbk389,运动达人,标准体型,较稳定,黄金意志
pjxyqxbk391,运动达人,标准体型,较稳定,黄金意志
pjxyqxbk398,运动达人,标准体型,较稳定,铂金意志
pjxyqxbk399,运动达人,超重体型,较稳定,青铜意志
pjxyqxbk401,规律锻炼,超重体型,一般,待提升
pjxyqxbk402,运动达人,标准体型,较稳定,钻石意志
pjxyqxbk403,运动达人,超重体型,较稳定,白银意志
pjxyqxbk411,运动达人,超重体型,较稳定,白银意志
pjxyqxbk414,运动达人,偏瘦体型,较稳定,白银意志
pjxyqxbk415,运动达人,超重体型,较稳定,白银意志
pjxyqxbk419,运动达人,标准体型,较稳定,白银意志
pjxyqxbk426,运动达人,超重体型,较稳定,青铜意志
pjxyqxbk428,运动达人,标准体型,较稳定,钻石意志
pjxyqxbk429,运动达人,标准体型,较稳定,铂金意志
pjxyqxbk434,运动达人,标准体型,较稳定,黄金意志
pjxyqxbk437,运动达人,肥胖体型,较稳定,待提升
pjxyqxbk442,运动达人,超重体型,一般,青铜意志
pjxyqxbk444,运动达人,肥胖体型,较稳定,待提升
pjxyqxbk445,运动达人,超重体型,较稳定,青铜意志
pjxyqxbk446,运动达人,标准体型,较稳定,黄金意志
pjxyqxbk448,运动达人,标准体型,较稳定,白银意志
pjxyqxbk452,运动达人,标准体型,较稳定,钻石意志
pjxyqxbk454,运动达人,标准体型,较稳定,白银意志
pjxyqxbk457,运动达人,超重体型,较稳定,青铜意志
pjxyqxbk458,运动达人,偏瘦体型,较稳定,待提升
pjxyqxbk460,运动达人,标准体型,较稳定,黄金意志
pjxyqxbk464,运动达人,标准体型,较稳定,铂金意志
pjxyqxbk468,运动达人,肥胖体型,一般,待提升
pjxyqxbk469,运动达人,标准体型,较稳定,黄金意志
pjxyqxbk470,运动达人,标准体型,较稳定,黄金意志
pjxyqxbk472,运动达人,肥胖体型,较稳定,待提升
pjxyqxbk474,运动达人,标准体型,较稳定,黄金意志
pjxyqxbk477,运动达人,标准体型,较稳定,白银意志
pjxyqxbk479,运动达人,超重体型,较稳定,白银意志
pjxyqxbk481,运动达人,标准体型,较稳定,黄金意志
pjxyqxbk484,运动达人,标准体型,较稳定,铂金意志
pjxyqxbk486,运动达人,标准体型,较稳定,铂金意志
pjxyqxbk489,运动达人,超重体型,较稳定,黄金意志
pjxyqxbk491,运动达人,标准体型,较稳定,白银意志
pjxyqxbk495,运动达人,肥胖体型,较稳定,待提升
pjxyqxbk497,运动达人,标准体型,较稳定,白银意志
pjxyqxbk500,运动达人,超重体型,较稳定,白银意志
pjxyqxbk501,运动达人,超重体型,较稳定,待提升
pjxyqxbk503,运动达人,标准体型,非常稳定,白银意志
pjxyqxbk505,运动达人,超重体型,较稳定,青铜意志
pjxyqxbk506,运动达人,标准体型,较稳定,黄金意志
pjxyqxbk513,运动达人,超重体型,较稳定,青铜意志
pjxyqxbk516,运动达人,标准体型,较稳定,青铜意志
pjxyqxbk519,运动达人,标准体型,较稳定,铂金意志
pjxyqxbk520,运动达人,标准体型,较稳定,白银意志
pjxyqxbk521,运动达人,标准体型,较稳定,钻石意志
pjxyqxbk522,运动达人,肥胖体型,较稳定,待提升
pjxyqxbk524,运动达人,标准体型,较稳定,铂金意志
pjxyqxbk525,运动达人,标准体型,较稳定,黄金意志
pjxyqxbk527,运动达人,标准体型,较稳定,钻石意志
pjxyqxbk528,运动达人,标准体型,较稳定,青铜意志
pjxyqxbk530,运动达人,标准体型,较稳定,青铜意志
pjxyqxbk531,运动达人,偏瘦体型,较稳定,青铜意志
pjxyqxbk533,运动达人,标准体型,较稳定,铂金意志
pjxyqxbk534,运动达人,标准体型,较稳定,铂金意志
pjxyqxbk535,运动达人,标准体型,较稳定,铂金意志
pjxyqxbk537,运动达人,超重体型,较稳定,白银意志
pjxyqxbk539,运动达人,标准体型,较稳定,铂金意志
pjxyqxbk543,运动达人,超重体型,较稳定,青铜意志
pjxyqxbk546,运动达人,标准体型,较稳定,白银意志
pjxyqxbk547,运动达人,标准体型,较稳定,钻石意志
pjxyqxbk549,运动达人,标准体型,较稳定,铂金意志
pjxyqxbk551,运动达人,肥胖体型,较稳定,待提升
pjxyqxbk552,运动达人,标准体型,较稳定,黄金意志
pjxyqxbk553,运动达人,标准体型,较稳定,白银意志
pjxyqxbk555,运动达人,标准体型,较稳定,黄金意志
pjxyqxbk556,运动达人,超重体型,较稳定,青铜意志
pjxyqxbk562,运动达人,标准体型,较稳定,白银意志
pjxyqxbk565,运动达人,超重体型,较稳定,白银意志
pjxyqxbk566,运动达人,偏瘦体型,较稳定,青铜意志
pjxyqxbk567,运动达人,偏瘦体型,较稳定,白银意志
pjxyqxbk571,运动达人,标准体型,较稳定,黄金意志
pjxyqxbk572,运动达人,超重体型,较稳定,白银意志
pjxyqxbk573,运动达人,标准体型,较稳定,黄金意志
pjxyqxbk578,运动达人,标准体型,较稳定,黄金意志
pjxyqxbk579,规律锻炼,肥胖体型,较稳定,待提升
pjxyqxbk581,运动达人,标准体型,较稳定,黄金意志
pjxyqxbk582,运动达人,肥胖体型,较稳定,待提升
pjxyqxbk583,运动达人,标准体型,较稳定,钻石意志
pjxyqxbk590,运动达人,超重体型,较稳定,青铜意志
pjxyqxbk592,运动达人,超重体型,一般,待提升
pjxyqxbk594,运动达人,超重体型,较稳定,青铜意志
pjxyqxbk595,运动达人,超重体型,较稳定,白银意志
pjxyqxbk596,运动达人,超重体型,较稳定,白银意志
pjxyqxbk597,运动达人,超重体型,较稳定,青铜意志
pjxyqxbk598,运动达人,标准体型,较稳定,钻石意志
pjxyqxbk601,运动达人,标准体型,较稳定,黄金意志
pjxyqxbk603,运动达人,超重体型,较稳定,白银意志
pjxyqxbk604,运动达人,标准体型,较稳定,钻石意志
pjxyqxbk606,运动达人,偏瘦体型,较稳定,白银意志
pjxyqxbk609,运动达人,标准体型,较稳定,黄金意志
pjxyqxbk610,运动达人,标准体型,较稳定,钻石意志
pjxyqxbk611,运动达人,标准体型,较稳定,白银意志
pjxyqxbk613,运动达人,标准体型,较稳定,黄金意志
pjxyqxbk614,运动达人,标准体型,较稳定,黄金意志
pjxyqxbk615,运动达人,标准体型,较稳定,黄金意志
pjxyqxbk621,运动达人,标准体型,较稳定,铂金意志
pjxyqxbk625,运动达人,偏瘦体型,较稳定,青铜意志
pjxyqxbk626,运动达人,标准体型,一般,黄金意志
pjxyqxbk627,运动达人,肥胖体型,较稳定,待提升
pjxyqxbk629,运动达人,标准体型,较稳定,黄金意志
pjxyqxbk630,运动达人,标准体型,较稳定,白银意志
pjxyqxbk631,运动达人,超重体型,一般,青铜意志
pjxyqxbk632,运动达人,标准体型,较稳定,白银意志
pjxyqxbk633,运动达人,标准体型,较稳定,黄金意志
pjxyqxbk634,运动达人,标准体型,较稳定,黄金意志
pjxyqxbk637,运动达人,标准体型,较稳定,铂金意志
pjxyqxbk640,运动达人,超重体型,较稳定,待提升
pjxyqxbk642,运动达人,标准体型,一般,黄金意志
pjxyqxbk643,运动达人,超重体型,较稳定,青铜意志
pjxyqxbk644,运动达人,标准体型,较稳定,白银意志
pjxyqxbk647,运动达人,标准体型,较稳定,铂金意志
pjxyqxbk649,运动达人,标准体型,较稳定,白银意志
pjxyqxbk655,运动达人,标准体型,较稳定,黄金意志
pjxyqxbk656,运动达人,标准体型,较稳定,钻石意志
pjxyqxbk657,运动达人,标准体型,较稳定,钻石意志
pjxyqxbk661,运动达人,超重体型,一般,待提升
pjxyqxbk662,运动达人,标准体型,较稳定,铂金意志
pjxyqxbk663,运动达人,超重体型,较稳定,青铜意志
pjxyqxbk665,运动达人,偏瘦体型,较稳定,白银意志
pjxyqxbk667,运动达人,偏瘦体型,较稳定,黄金意志
pjxyqxbk669,运动达人,标准体型,较稳定,白银意志
pjxyqxbk674,运动达人,标准体型,较稳定,黄金意志
pjxyqxbk676,运动达人,超重体型,较稳定,待提升
pjxyqxbk677,运动达人,标准体型,一般,白银意志
pjxyqxbk679,运动达人,偏瘦体型,较稳定,待提升
pjxyqxbk680,运动达人,标准体型,较稳定,铂金意志
pjxyqxbk681,运动达人,标准体型,较稳定,黄金意志
pjxyqxbk682,运动达人,标准体型,较稳定,铂金意志
pjxyqxbk683,运动达人,标准体型,较稳定,黄金意志
pjxyqxbk684,运动达人,标准体型,较稳定,黄金意志
pjxyqxbk685,运动达人,标准体型,一般,白银意志
pjxyqxbk686,运动达人,肥胖体型,较稳定,待提升
pjxyqxbk695,运动达人,标准体型,较稳定,黄金意志
pjxyqxbk697,运动达人,超重体型,较稳定,白银意志
pjxyqxbk700,运动达人,标准体型,较稳定,黄金意志
pjxyqxbk703,运动达人,标准体型,较稳定,铂金意志
pjxyqxbk705,运动达人,肥胖体型,非常稳定,待提升
pjxyqxbk706,运动达人,超重体型,较稳定,待提升
pjxyqxbk710,运动达人,超重体型,较稳定,白银意志
pjxyqxbk713,运动达人,标准体型,一般,黄金意志
pjxyqxbk715,运动达人,超重体型,较稳定,青铜意志
pjxyqxbk717,运动达人,标准体型,较稳定,钻石意志
pjxyqxbk718,运动达人,标准体型,一般,白银意志
pjxyqxbk720,运动达人,标准体型,一般,钻石意志
pjxyqxbk722,运动达人,标准体型,一般,铂金意志
pjxyqxbk723,运动达人,标准体型,较稳定,白银意志
pjxyqxbk728,运动达人,标准体型,较稳定,白银意志
pjxyqxbk731,运动达人,标准体型,较稳定,黄金意志
pjxyqxbk732,运动达人,标准体型,一般,白银意志
pjxyqxbk733,运动达人,标准体型,较稳定,白银意志
pjxyqxbk737,运动达人,标准体型,一般,白银意志
pjxyqxbk742,运动达人,标准体型,较稳定,钻石意志
pjxyqxbk743,运动达人,标准体型,较稳定,钻石意志
pjxyqxbk745,运动达人,标准体型,较稳定,黄金意志
pjxyqxbk746,运动达人,标准体型,较稳定,黄金意志
pjxyqxbk748,运动达人,超重体型,较稳定,青铜意志
pjxyqxbk751,运动达人,标准体型,一般,黄金意志
pjxyqxbk753,运动达人,标准体型,较稳定,钻石意志
pjxyqxbk755,运动达人,超重体型,一般,青铜意志
pjxyqxbk757,运动达人,标准体型,较稳定,黄金意志
pjxyqxbk759,运动达人,超重体型,较稳定,白银意志
pjxyqxbk760,运动达人,标准体型,较稳定,待提升
pjxyqxbk764,运动达人,超重体型,较稳定,青铜意志
pjxyqxbk765,运动达人,标准体型,较稳定,白银意志
pjxyqxbk767,运动达人,标准体型,一般,白银意志
pjxyqxbk772,运动达人,标准体型,较稳定,白银意志
pjxyqxbk775,运动达人,标准体型,较稳定,黄金意志
pjxyqxbk777,运动达人,偏瘦体型,较稳定,青铜意志
pjxyqxbk778,运动达人,标准体型,较稳定,黄金意志
pjxyqxbk779,运动达人,超重体型,较稳定,青铜意志
pjxyqxbk780,运动达人,超重体型,较稳定,青铜意志
pjxyqxbk782,运动达人,超重体型,较稳定,青铜意志
pjxyqxbk783,运动达人,超重体型,较稳定,青铜意志
pjxyqxbk787,运动达人,标准体型,较稳定,白银意志
pjxyqxbk788,运动达人,标准体型,较稳定,黄金意志
pjxyqxbk789,运动达人,超重体型,较稳定,白银意志
pjxyqxbk791,运动达人,标准体型,较稳定,白银意志
pjxyqxbk792,运动达人,标准体型,较稳定,铂金意志
pjxyqxbk794,运动达人,肥胖体型,较稳定,待提升
pjxyqxbk795,运动达人,偏瘦体型,较稳定,青铜意志
pjxyqxbk797,运动达人,超重体型,较稳定,白银意志
pjxyqxbk798,运动达人,标准体型,较稳定,铂金意志
pjxyqxbk799,运动达人,超重体型,较稳定,白银意志
pjxyqxbk801,运动达人,标准体型,较稳定,黄金意志
pjxyqxbk803,运动达人,超重体型,较稳定,白银意志
pjxyqxbk804,运动达人,标准体型,较稳定,铂金意志
pjxyqxbk807,运动达人,标准体型,较稳定,钻石意志
pjxyqxbk810,运动达人,标准体型,较稳定,铂金意志
pjxyqxbk811,运动达人,标准体型,一般,白银意志
pjxyqxbk812,运动达人,标准体型,一般,白银意志
pjxyqxbk813,运动达人,标准体型,较稳定,白银意志
pjxyqxbk816,运动达人,标准体型,较稳定,白银意志
pjxyqxbk820,运动达人,标准体型,较稳定,黄金意志
pjxyqxbk822,运动达人,超重体型,较稳定,黄金意志
pjxyqxbk823,运动达人,标准体型,较稳定,白银意志
pjxyqxbk825,运动达人,标准体型,较稳定,白银意志
pjxyqxbk826,运动达人,标准体型,较稳定,铂金意志
pjxyqxbk827,运动达人,超重体型,较稳定,待提升
pjxyqxbk828,运动达人,肥胖体型,较稳定,待提升
pjxyqxbk835,运动达人,标准体型,较稳定,铂金意志
pjxyqxbk836,运动达人,标准体型,较稳定,钻石意志
pjxyqxbk839,运动达人,标准体型,一般,黄金意志
pjxyqxbk840,运动达人,标准体型,较稳定,黄金意志
pjxyqxbk841,运动达人,超重体型,较稳定,青铜意志
pjxyqxbk843,运动达人,超重体型,较稳定,青铜意志
pjxyqxbk844,运动达人,标准体型,较稳定,钻石意志
pjxyqxbk846,运动达人,标准体型,较稳定,铂金意志
pjxyqxbk847,运动达人,标准体型,较稳定,铂金意志
pjxyqxbk848,运动达人,超重体型,较稳定,青铜意志
pjxyqxbk852,运动达人,标准体型,较稳定,黄金意志
pjxyqxbk853,运动达人,偏瘦体型,一般,青铜意志
pjxyqxbk854,运动达人,偏瘦体型,一般,青铜意志
pjxyqxbk855,运动达人,标准体型,较稳定,白银意志
pjxyqxbk861,运动达人,肥胖体型,较稳定,待提升
pjxyqxbk863,运动达人,超重体型,较稳定,青铜意志
pjxyqxbk865,运动达人,偏瘦体型,较稳定,白银意志
pjxyqxbk867,运动达人,标准体型,较稳定,黄金意志
pjxyqxbk868,运动达人,标准体型,较稳定,白银意志
pjxyqxbk869,运动达人,超重体型,较稳定,待提升
pjxyqxbk872,运动达人,超重体型,较稳定,白银意志
pjxyqxbk873,运动达人,肥胖体型,较稳定,待提升
pjxyqxbk878,运动达人,标准体型,较稳定,铂金意志
pjxyqxbk880,运动达人,偏瘦体型,较稳定,白银意志
pjxyqxbk882,运动达人,超重体型,较稳定,白银意志
pjxyqxbk885,运动达人,标准体型,较稳定,黄金意志
pjxyqxbk889,运动达人,偏瘦体型,较稳定,黄金意志
pjxyqxbk894,运动达人,标准体型,较稳定,黄金意志
pjxyqxbk895,运动达人,肥胖体型,较稳定,待提升
pjxyqxbk898,运动达人,标准体型,较稳定,青铜意志
pjxyqxbk899,运动达人,偏瘦体型,较稳定,青铜意志
pjxyqxbk900,运动达人,标准体型,较稳定,黄金意志
pjxyqxbk902,运动达人,标准体型,较稳定,铂金意志
pjxyqxbk903,运动达人,标准体型,较稳定,白银意志
pjxyqxbk905,运动达人,标准体型,较稳定,黄金意志
pjxyqxbk907,运动达人,标准体型,较稳定,白银意志
pjxyqxbk908,运动达人,标准体型,较稳定,钻石意志
pjxyqxbk909,运动达人,肥胖体型,较稳定,待提升
pjxyqxbk910,运动达人,标准体型,较稳定,铂金意志
pjxyqxbk911,运动达人,标准体型,较稳定,黄金意志
pjxyqxbk915,运动达人,偏瘦体型,一般,青铜意志
pjxyqxbk916,运动达人,标准体型,较稳定,白银意志
pjxyqxbk918,运动达人,偏瘦体型,较稳定,待提升
pjxyqxbk923,运动达人,偏瘦体型,较稳定,白银意志
pjxyqxbk926,运动达人,标准体型,较稳定,白银意志
pjxyqxbk927,运动达人,超重体型,较稳定,青铜意志
pjxyqxbk929,运动达人,标准体型,较稳定,黄金意志
pjxyqxbk934,运动达人,标准体型,较稳定,铂金意志
pjxyqxbk935,运动达人,标准体型,较稳定,黄金意志
pjxyqxbk936,运动达人,标准体型,较稳定,钻石意志
pjxyqxbk937,运动达人,标准体型,较稳定,铂金意志
pjxyqxbk939,运动达人,标准体型,较稳定,黄金意志
pjxyqxbk941,运动达人,超重体型,较稳定,白银意志
pjxyqxbk943,运动达人,标准体型,较稳定,黄金意志
pjxyqxbk945,运动达人,标准体型,较稳定,白银意志
pjxyqxbk947,运动达人,标准体型,较稳定,钻石意志
pjxyqxbk950,运动达人,标准体型,较稳定,黄金意志
pjxyqxbk951,运动达人,超重体型,较稳定,白银意志
pjxyqxbk953,运动达人,标准体型,较稳定,黄金意志
pjxyqxbk954,运动达人,标准体型,较稳定,白银意志
pjxyqxbk957,运动达人,标准体型,较稳定,铂金意志
pjxyqxbk958,运动达人,标准体型,较稳定,白银意志
pjxyqxbk961,运动达人,超重体型,较稳定,白银意志
pjxyqxbk962,运动达人,标准体型,较稳定,铂金意志
pjxyqxbk965,运动达人,标准体型,一般,白银意志
pjxyqxbk969,运动达人,标准体型,较稳定,钻石意志
pjxyqxbk971,运动达人,标准体型,较稳定,青铜意志
pjxyqxbk974,运动达人,标准体型,较稳定,黄金意志
pjxyqxbk978,运动达人,标准体型,较稳定,钻石意志
pjxyqxbk980,运动达人,标准体型,较稳定,白银意志
pjxyqxbk981,运动达人,肥胖体型,较稳定,待提升
pjxyqxbk987,运动达人,标准体型,较稳定,白银意志
pjxyqxbk991,运动达人,标准体型,较稳定,钻石意志
pjxyqxbk992,运动达人,超重体型,较稳定,青铜意志
pjxyqxbk993,运动达人,标准体型,一般,白银意志
pjxyqxbk995,运动达人,超重体型,较稳定,青铜意志
pjxyqxbk997,运动达人,标准体型,较稳定,黄金意志
pjxyqxbl673,运动达人,标准体型,较稳定,铂金意志
pjxyqxbl677,运动达人,标准体型,一般,铂金意志
pjxyqxbl678,运动达人,标准体型,一般,铂金意志
pjxyqxbl684,运动达人,标准体型,较稳定,铂金意志
pjxyqxbl686,运动达人,超重体型,较稳定,青铜意志
pjxyqxbl687,运动达人,标准体型,较稳定,黄金意志
pjxyqxbl688,运动达人,超重体型,较稳定,待提升
pjxyqxbl699,运动达人,标准体型,一般,黄金意志
pjxyqxbl701,运动达人,标准体型,较稳定,铂金意志
pjxyqxbl703,运动达人,超重体型,较稳定,青铜意志
pjxyqxbl704,运动达人,标准体型,较稳定,黄金意志
pjxyqxbl708,运动达人,标准体型,较稳定,铂金意志
pjxyqxbl709,运动达人,标准体型,较稳定,铂金意志
pjxyqxbl710,运动达人,超重体型,较稳定,青铜意志
pjxyqxbl712,运动达人,标准体型,一般,白银意志
pjxyqxbl713,运动达人,超重体型,较稳定,青铜意志
pjxyqxbl714,运动达人,偏瘦体型,较稳定,青铜意志
pjxyqxbl716,运动达人,标准体型,一般,青铜意志
pjxyqxbl717,运动达人,标准体型,较稳定,白银意志
pjxyqxbl723,运动达人,肥胖体型,较稳定,待提升
pjxyqxbl724,运动达人,标准体型,较稳定,青铜意志
pjxyqxbl727,运动达人,标准体型,较稳定,铂金意志
pjxyqxbl731,运动达人,标准体型,较稳定,白银意志
pjxyqxbl735,运动达人,标准体型,较稳定,铂金意志
pjxyqxbl736,运动达人,超重体型,较稳定,白银意志
pjxyqxbl737,运动达人,偏瘦体型,较稳定,白银意志
pjxyqxbl738,运动达人,标准体型,较稳定,黄金意志
pjxyqxbl739,运动达人,标准体型,较稳定,钻石意志
pjxyqxbl742,运动达人,标准体型,较稳定,白银意志
pjxyqxbl743,运动达人,肥胖体型,较稳定,待提升
pjxyqxbl745,运动达人,标准体型,较稳定,白银意志
pjxyqxbl746,运动达人,肥胖体型,较稳定,待提升
pjxyqxbl747,运动达人,标准体型,较稳定,黄金意志
pjxyqxbl750,运动达人,标准体型,较稳定,白银意志
pjxyqxbl751,运动达人,标准体型,较稳定,铂金意志
pjxyqxbl752,运动达人,标准体型,较稳定,白银意志
pjxyqxbl753,运动达人,肥胖体型,较稳定,待提升
pjxyqxbl755,运动达人,标准体型,较稳定,白银意志
pjxyqxbl757,运动达人,标准体型,较稳定,铂金意志
pjxyqxbl758,运动达人,标准体型,较稳定,白银意志
pjxyqxbl759,运动达人,标准体型,较稳定,白银意志
pjxyqxbl763,规律锻炼,标准体型,一般,青铜意志
pjxyqxbl765,运动达人,标准体型,一般,黄金意志
pjxyqxbl766,运动达人,标准体型,较稳定,黄金意志
pjxyqxbl767,运动达人,标准体型,较稳定,钻石意志
pjxyqxbl768,运动达人,标准体型,较稳定,黄金意志
pjxyqxbl769,运动达人,标准体型,较稳定,黄金意志
pjxyqxbl774,运动达人,超重体型,较稳定,白银意志
pjxyqxbl779,运动达人,标准体型,较稳定,铂金意志
pjxyqxbl780,运动达人,标准体型,较稳定,白银意志
pjxyqxbl781,运动达人,偏瘦体型,较稳定,白银意志
pjxyqxbl789,运动达人,标准体型,较稳定,白银意志
pjxyqxbl793,运动达人,肥胖体型,较稳定,待提升
pjxyqxbl794,运动达人,标准体型,较稳定,钻石意志
pjxyqxbl796,运动达人,标准体型,较稳定,黄金意志
pjxyqxbl797,运动达人,标准体型,较稳定,黄金意志
pjxyqxbl804,运动达人,超重体型,一般,青铜意志
pjxyqxbl806,运动达人,超重体型,较稳定,青铜意志
pjxyqxbl807,运动达人,标准体型,较稳定,黄金意志
pjxyqxbl808,运动达人,超重体型,较稳定,待提升
pjxyqxbl810,运动达人,标准体型,较稳定,铂金意志
pjxyqxbl812,运动达人,标准体型,较稳定,白银意志
pjxyqxbl815,运动达人,标准体型,较稳定,铂金意志
pjxyqxbl816,运动达人,标准体型,较稳定,青铜意志
pjxyqxbl817,运动达人,超重体型,较稳定,青铜意志
pjxyqxbl821,运动达人,标准体型,较稳定,白银意志
pjxyqxbl825,运动达人,标准体型,较稳定,黄金意志
pjxyqxbl826,运动达人,标准体型,较稳定,钻石意志
pjxyqxbl827,运动达人,标准体型,较稳定,黄金意志
pjxyqxbl828,运动达人,标准体型,较稳定,白银意志
pjxyqxbl830,运动达人,标准体型,较稳定,黄金意志
pjxyqxbl836,运动达人,标准体型,较稳定,黄金意志
pjxyqxbl837,运动达人,标准体型,较稳定,白银意志
pjxyqxbl839,运动达人,肥胖体型,一般,待提升
pjxyqxbl843,运动达人,标准体型,较稳定,钻石意志
pjxyqxbl847,运动达人,标准体型,较稳定,青铜意志
pjxyqxbl854,运动达人,超重体型,较稳定,青铜意志
pjxyqxbl857,运动达人,偏瘦体型,较稳定,待提升
pjxyqxbl858,运动达人,超重体型,较稳定,白银意志
pjxyqxbl866,运动达人,超重体型,较稳定,青铜意志
pjxyqxbl867,运动达人,标准体型,较稳定,铂金意志
pjxyqxbl869,运动达人,标准体型,较稳定,白银意志
pjxyqxbl872,运动达人,标准体型,较稳定,黄金意志
pjxyqxbl874,运动达人,超重体型,较稳定,白银意志
pjxyqxbl876,运动达人,偏瘦体型,较稳定,白银意志
pjxyqxbl878,运动达人,标准体型,较稳定,白银意志
pjxyqxbl879,运动达人,标准体型,较稳定,白银意志
pjxyqxbl884,运动达人,标准体型,较稳定,黄金意志
pjxyqxbl886,运动达人,肥胖体型,较稳定,待提升
pjxyqxbl889,运动达人,标准体型,较稳定,白银意志
pjxyqxbl891,运动达人,肥胖体型,较稳定,待提升
pjxyqxbl893,运动达人,肥胖体型,较稳定,待提升
pjxyqxbl895,运动达人,超重体型,较稳定,黄金意志
pjxyqxbl896,运动达人,超重体型,较稳定,白银意志
pjxyqxbl900,运动达人,超重体型,较稳定,青铜意志
pjxyqxbl904,运动达人,标准体型,较稳定,黄金意志
pjxyqxbl905,运动达人,标准体型,较稳定,钻石意志
pjxyqxbl906,运动达人,标准体型,较稳定,钻石意志
pjxyqxbl907,运动达人,标准体型,较稳定,黄金意志
pjxyqxbl910,运动达人,超重体型,较稳定,待提升
pjxyqxbl911,运动达人,标准体型,较稳定,钻石意志
pjxyqxbl912,运动达人,标准体型,较稳定,钻石意志
pjxyqxbl913,运动达人,超重体型,较稳定,青铜意志
pjxyqxbl916,运动达人,超重体型,较稳定,白银意志
pjxyqxbl918,运动达人,标准体型,一般,铂金意志
pjxyqxbl919,运动达人,标准体型,较稳定,黄金意志
pjxyqxbl921,运动达人,偏瘦体型,较稳定,待提升
pjxyqxbl925,运动达人,标准体型,较稳定,钻石意志
pjxyqxbl927,运动达人,标准体型,较稳定,白银意志
pjxyqxbl929,运动达人,标准体型,较稳定,黄金意志
pjxyqxbl930,运动达人,超重体型,较稳定,青铜意志
pjxyqxbl931,运动达人,标准体型,较稳定,钻石意志
pjxyqxbl934,运动达人,偏瘦体型,较稳定,白银意志
pjxyqxbl937,运动达人,标准体型,较稳定,白银意志
pjxyqxbl939,运动达人,标准体型,较稳定,黄金意志
pjxyqxbl943,运动达人,标准体型,较稳定,白银意志
pjxyqxbl945,运动达人,标准体型,较稳定,白银意志
pjxyqxbl946,运动达人,偏瘦体型,较稳定,青铜意志
pjxyqxbl950,运动达人,标准体型,较稳定,铂金意志
pjxyqxbl952,运动达人,超重体型,较稳定,白银意志
pjxyqxbl953,运动达人,标准体型,较稳定,白银意志
pjxyqxbl954,运动达人,标准体型,较稳定,铂金意志
pjxyqxbl955,运动达人,超重体型,较稳定,青铜意志
pjxyqxbl957,运动达人,标准体型,较稳定,铂金意志
pjxyqxbl962,运动达人,标准体型,较稳定,白银意志
pjxyqxbl963,运动达人,标准体型,较稳定,白银意志
pjxyqxbl964,运动达人,超重体型,一般,青铜意志
pjxyqxbl965,运动达人,标准体型,较稳定,黄金意志
pjxyqxbl966,运动达人,标准体型,较稳定,黄金意志
pjxyqxbl969,运动达人,偏瘦体型,较稳定,青铜意志
pjxyqxbl970,运动达人,标准体型,较稳定,铂金意志
pjxyqxbl975,运动达人,标准体型,较稳定,铂金意志
pjxyqxbl980,运动达人,超重体型,较稳定,青铜意志
pjxyqxbl982,运动达人,超重体型,较稳定,白银意志
pjxyqxbl984,运动达人,标准体型,较稳定,铂金意志
pjxyqxbl985,运动达人,标准体型,较稳定,黄金意志
pjxyqxbl987,运动达人,标准体型,较稳定,黄金意志
pjxyqxbl988,运动达人,标准体型,较稳定,黄金意志
pjxyqxbl989,运动达人,标准体型,较稳定,黄金意志
pjxyqxbl990,运动达人,偏瘦体型,较稳定,白银意志
pjxyqxbl991,运动达人,偏瘦体型,较稳定,白银意志
pjxyqxbl992,运动达人,标准体型,较稳定,黄金意志
pjxyqxbl993,运动达人,超重体型,较稳定,白银意志
pjxyqxbl996,运动达人,标准体型,较稳定,黄金意志
pjxyqxbl999,运动达人,超重体型,较稳定,青铜意志
