学号,行为偏移分值,当前画像描述,干预建议权重
pjxxztfj997,0.2145,画像状态：学习可能下滑,风险等级：高
pjxuzsfj995,0.2134,画像状态：学习可能下滑,风险等级：高
pjxuzsfj980,0.2106,画像状态：学习可能下滑,风险等级：高
pjxuzsfj978,0.2094,画像状态：学习可能下滑,风险等级：高
pjxqzxbj982,0.205,画像状态：学习可能下滑,风险等级：高
pjxsqxbj760,0.205,画像状态：学习可能下滑,风险等级：高
pjxqzxbj983,0.2022,画像状态：学习可能下滑,风险等级：高
pjxvzrfj997,0.1984,画像状态：学习可能下滑,风险等级：高
pjxxztfj986,0.175,画像状态：学习可能下滑,风险等级：高
pjxvzxfj987,0.175,画像状态：学习可能下滑,风险等级：高
pjxvzrfj975,0.174,画像状态：学习可能下滑,风险等级：高
pjxwzxfj984,0.1729,画像状态：学习可能下滑,风险等级：高
pjxuqwbj985,0.1723,画像状态：学习可能下滑,风险等级：高
pjxyqxbk168,0.1723,画像状态：学习可能下滑,风险等级：高
pjxyqwbj820,0.1696,画像状态：学习可能下滑,风险等级：高
pjxvzxfj988,0.1634,画像状态：学习可能下滑,风险等级：高
pjxwzxfj975,0.1628,画像状态：学习可能下滑,风险等级：高
pjxvztfj977,0.1602,画像状态：学习可能下滑,风险等级：高
pjxsqxbj810,0.1576,画像状态：学习可能下滑,风险等级：高
pjxuqwbj665,0.1571,画像状态：学习可能下滑,风险等级：高
pjxsqxbj768,0.1555,画像状态：学习可能下滑,风险等级：高
pjxyqxbl677,0.155,画像状态：学习可能下滑,风险等级：高
pjxqzxbj971,0.1545,画像状态：学习可能下滑,风险等级：高
pjxsqxbj771,0.1545,画像状态：学习可能下滑,风险等级：高
pjxyqxbj374,0.1529,画像状态：学习可能下滑,风险等级：高
pjxxztfj975,0.1498,画像状态：学习可能下滑,风险等级：高
pjxwxxbj941,0.1472,画像状态：学习可能下滑,风险等级：高
pjxtzxfj980,0.1472,画像状态：学习可能下滑,风险等级：高
pjwrqxbj979,0.1471,画像状态：学习可能下滑,风险等级：高
pjxyqxbk222,0.1457,画像状态：学习可能下滑,风险等级：高
pjxyqwbj961,0.1349,画像状态：学习可能下滑,风险等级：高
pjxyqwbj836,0.1327,画像状态：学习可能下滑,风险等级：高
pjxyqwbk870,0.1304,画像状态：学习可能下滑,风险等级：高
pjxyqxbj167,0.1297,画像状态：学习可能下滑,风险等级：高
pjxwxxbj899,0.1258,画像状态：学习可能下滑,风险等级：高
pjxsqxbj788,0.1258,画像状态：学习可能下滑,风险等级：高
pjxyqwbj803,0.1252,画像状态：学习可能下滑,风险等级：高
pjxyqxbj102,0.1243,画像状态：学习可能下滑,风险等级：高
pjxyqxbk495,0.1237,画像状态：学习可能下滑,风险等级：高
pjxyqxbk782,0.1237,画像状态：学习可能下滑,风险等级：高
pjwrqxbj924,0.1232,画像状态：学习可能下滑,风险等级：高
pjxuqwbj826,0.1227,画像状态：学习可能下滑,风险等级：高
pjxwxxbj995,0.1217,画像状态：学习可能下滑,风险等级：高
pjxvzxfj980,0.1217,画像状态：学习可能下滑,风险等级：高
pjxyqwbj727,0.1211,画像状态：学习可能下滑,风险等级：高
pjxyqxbk072,0.1206,画像状态：学习可能下滑,风险等级：高
pjxyqwbj566,0.1181,画像状态：学习可能下滑,风险等级：高
pjxyqxbl755,0.1176,画像状态：学习可能下滑,风险等级：高
pjxwzxfj994,0.1112,画像状态：学习可能下滑,风险等级：高
pjxyqwbj615,0.1072,画像状态：学习可能下滑,风险等级：高
pjxyqwbj807,0.1024,画像状态：学习可能下滑,风险等级：高
pjxvzxfj982,0.1004,画像状态：学习可能下滑,风险等级：高
pjxyqwbj986,0.0992,画像状态：学习可能下滑,风险等级：高
pjxyqxbj162,0.0915,画像状态：学习可能下滑,风险等级：高
pjxyqxbl796,0.0904,画像状态：学习可能下滑,风险等级：高
pjxxztfj991,0.0899,画像状态：学习可能下滑,风险等级：高
pjxxxxbj915,0.0852,画像状态：学习可能下滑,风险等级：高
pjxxxxbj917,0.0847,画像状态：学习可能下滑,风险等级：高
pjxyqwbj613,0.08,画像状态：学习可能下滑,风险等级：高
pjxuqwbj637,0.0796,画像状态：学习可能下滑,风险等级：高
pjxyqxbk613,0.0781,画像状态：学习可能下滑,风险等级：高
pjxwxxbj928,0.0781,画像状态：学习可能下滑,风险等级：高
pjxwxxbj943,0.0767,画像状态：学习可能下滑,风险等级：高
pjxyqxbj415,0.0749,画像状态：学习可能下滑,风险等级：高
pjxyqxbj155,0.0745,画像状态：学习可能下滑,风险等级：高
pjxxxxbj955,0.0745,画像状态：学习可能下滑,风险等级：高
pjxyqxbk097,0.0741,画像状态：学习可能下滑,风险等级：高
pjxyqwbk896,0.074,画像状态：学习可能下滑,风险等级：高
pjxyqwbk534,0.073,画像状态：学习可能下滑,风险等级：高
pjxyqwbk859,0.0726,画像状态：学习可能下滑,风险等级：高
pjxyqwbk624,0.0721,画像状态：学习可能下滑,风险等级：高
pjxyqxbk572,0.0703,画像状态：学习可能下滑,风险等级：高
pjxyqwbj663,0.0694,画像状态：学习可能下滑,风险等级：高
pjxyqxbk813,0.0675,画像状态：学习可能下滑,风险等级：高
pjxyqwbk740,0.067,画像状态：学习可能下滑,风险等级：高
pjxyqwbj085,0.0666,画像状态：学习可能下滑,风险等级：高
pjxyqwbk536,0.0652,画像状态：学习可能下滑,风险等级：高
pjxxxxbj932,0.0643,画像状态：学习可能下滑,风险等级：高
pjxyqwbj331,0.0643,画像状态：学习可能下滑,风险等级：高
pjxyqwbj379,0.0537,画像状态：学习可能下滑,风险等级：高
pjxyqxbk674,0.0536,画像状态：学习可能下滑,风险等级：高
pjxxxxbj908,0.0531,画像状态：学习可能下滑,风险等级：高
pjxyqxbk521,0.0526,画像状态：学习可能下滑,风险等级：高
pjxyqwbj775,0.0504,画像状态：学习可能下滑,风险等级：高
pjxyqxbk565,0.0462,画像状态：学习可能下滑,风险等级：高
pjwtqxbj930,0.0455,画像状态：学习可能下滑,风险等级：高
pjxyqxbj490,0.0455,画像状态：学习可能下滑,风险等级：高
pjxyqwbj659,0.0446,画像状态：学习可能下滑,风险等级：高
pjxyqwbj104,0.0446,画像状态：学习可能下滑,风险等级：高
pjxsqxbj778,0.0441,画像状态：学习可能下滑,风险等级：高
pjxyqwbk889,0.0437,画像状态：学习可能下滑,风险等级：高
pjxyqwbk925,0.0428,画像状态：学习可能下滑,风险等级：高
pjxyqxbj858,0.0427,画像状态：学习可能下滑,风险等级：高
pjxyqxbj731,0.0416,画像状态：学习可能下滑,风险等级：高
pjxyqxbk861,0.0411,画像状态：学习可能下滑,风险等级：高
pjxyqwbk901,0.041,画像状态：学习可能下滑,风险等级：高
pjxuqwbj564,0.0337,画像状态：学习可能下滑,风险等级：高
pjwtqxbj982,0.0335,画像状态：学习可能下滑,风险等级：高
pjxyqwbj524,0.03,画像状态：学习可能下滑,风险等级：高
pjxyqxbk703,0.0287,画像状态：学习可能下滑,风险等级：高
pjxyqwbk826,0.0266,画像状态：学习可能下滑,风险等级：高
pjxyqxbj643,0.0261,画像状态：学习可能下滑,风险等级：高
pjxsqxbj880,0.0252,画像状态：学习可能下滑,风险等级：高
pjxyqwbj527,0.0246,画像状态：学习可能下滑,风险等级：高
pjxyqxbl779,0.0226,画像状态：学习可能下滑,风险等级：高
pjxyqwbj852,0.0208,画像状态：学习可能下滑,风险等级：高
pjxyqxbj827,0.0202,画像状态：学习可能下滑,风险等级：高
pjxyqxbk236,0.0193,画像状态：学习可能下滑,风险等级：高
pjxsqxbj888,0.0186,画像状态：学习可能下滑,风险等级：高
pjxyqxbk182,0.0143,画像状态：学习可能下滑,风险等级：高
pjxyqwbk779,0.0142,画像状态：学习可能下滑,风险等级：高
pjxyqxbj571,0.0134,画像状态：学习可能下滑,风险等级：高
pjxyqwbk547,0.0117,画像状态：学习可能下滑,风险等级：高
pjxyqwbj272,0.0114,画像状态：学习可能下滑,风险等级：高
pjxyqxbk220,0.0101,画像状态：学习可能下滑,风险等级：高
pjwtqxbj931,0.0098,画像状态：学习可能下滑,风险等级：高
pjwrqxbj890,0.0088,画像状态：学习可能下滑,风险等级：高
pjxxxxbj953,0.008,画像状态：学习可能下滑,风险等级：高
pjxyqwbk872,0.008,画像状态：学习可能下滑,风险等级：高
pjxyqwbj478,0.0078,画像状态：学习可能下滑,风险等级：高
pjxuqwbj799,0.0067,画像状态：学习可能下滑,风险等级：高
pjxyqwbk871,0.0063,画像状态：学习可能下滑,风险等级：高
pjxyqwbj341,0.0051,画像状态：学习可能下滑,风险等级：高
pjxyqwbj036,0.0038,画像状态：学习可能下滑,风险等级：高
pjxyqwbj733,0.0027,画像状态：学习可能下滑,风险等级：高
pjxyqxbl769,-0.0003,画像状态：节律轻微波动,风险等级：中
pjxuqwbj686,-0.0015,画像状态：节律轻微波动,风险等级：中
pjxsqxbj876,-0.0042,画像状态：节律轻微波动,风险等级：中
pjxsqxbj857,-0.0058,画像状态：节律轻微波动,风险等级：中
pjxyqwbk520,-0.0078,画像状态：节律轻微波动,风险等级：中
pjxrqxbj937,-0.0091,画像状态：节律轻微波动,风险等级：中
pjxyqwbj149,-0.0107,画像状态：节律轻微波动,风险等级：中
pjxyqxbl836,-0.0107,画像状态：节律轻微波动,风险等级：中
pjxyqxbj707,-0.0114,画像状态：节律轻微波动,风险等级：中
pjxyqwbj925,-0.0125,画像状态：节律轻微波动,风险等级：中
pjxuqwbj986,-0.0127,画像状态：节律轻微波动,风险等级：中
pjwuzxbj995,-0.0136,画像状态：节律轻微波动,风险等级：中
pjxyqwbj884,-0.0137,画像状态：节律轻微波动,风险等级：中
pjxyqxbk415,-0.0139,画像状态：节律轻微波动,风险等级：中
pjxyqwbk583,-0.0147,画像状态：节律轻微波动,风险等级：中
pjxyqwbk812,-0.0159,画像状态：节律轻微波动,风险等级：中
pjxyqxbk889,-0.0159,画像状态：节律轻微波动,风险等级：中
pjxxztbj994,-0.0163,画像状态：节律轻微波动,风险等级：中
pjxyqxbj353,-0.0165,画像状态：节律轻微波动,风险等级：中
pjxuqwbj483,-0.0174,画像状态：节律轻微波动,风险等级：中
pjxyqwbk838,-0.0202,画像状态：节律轻微波动,风险等级：中
pjxwxxbj945,-0.021,画像状态：节律轻微波动,风险等级：中
pjxyqwbj802,-0.024,画像状态：节律轻微波动,风险等级：中
pjxyqwbj842,-0.0241,画像状态：节律轻微波动,风险等级：中
pjxyqwbj492,-0.0242,画像状态：节律轻微波动,风险等级：中
pjxxxxbj913,-0.0244,画像状态：节律轻微波动,风险等级：中
pjxyqxbk295,-0.0271,画像状态：节律轻微波动,风险等级：中
pjxyqxbj884,-0.0378,画像状态：节律轻微波动,风险等级：中
pjxyqwbk623,-0.0413,画像状态：节律轻微波动,风险等级：中
pjxyqxbj712,-0.0421,画像状态：节律轻微波动,风险等级：中
pjxyqxbj940,-0.0434,画像状态：节律轻微波动,风险等级：中
pjxyqwbk942,-0.0438,画像状态：节律轻微波动,风险等级：中
pjxyqwbj838,-0.0441,画像状态：节律轻微波动,风险等级：中
pjxyqxbk627,-0.0451,画像状态：节律轻微波动,风险等级：中
pjxyqxbk154,-0.0462,画像状态：节律轻微波动,风险等级：中
pjxyqxbk401,-0.047,画像状态：节律轻微波动,风险等级：中
pjwtqxbj953,-0.0471,画像状态：节律轻微波动,风险等级：中
pjxyqwbj809,-0.0473,画像状态：节律轻微波动,风险等级：中
pjxyqxbj777,-0.0478,画像状态：节律轻微波动,风险等级：中
pjxyqwbj191,-0.0509,画像状态：节律轻微波动,风险等级：中
pjxyqwbj847,-0.0513,画像状态：节律轻微波动,风险等级：中
pjxsqxbj864,-0.0529,画像状态：节律轻微波动,风险等级：中
pjxyqxbj854,-0.0535,画像状态：节律轻微波动,风险等级：中
pjxsqxbj957,-0.0548,画像状态：节律轻微波动,风险等级：中
pjxuqwbj540,-0.0549,画像状态：节律轻微波动,风险等级：中
pjwrqxbj882,-0.0569,画像状态：节律轻微波动,风险等级：中
pjxyqwbj590,-0.0573,画像状态：节律轻微波动,风险等级：中
pjxqqxbj977,-0.0597,画像状态：节律轻微波动,风险等级：中
pjxxxxbj937,-0.06,画像状态：节律轻微波动,风险等级：中
pjxyqwbk865,-0.0609,画像状态：节律轻微波动,风险等级：中
pjxyqxbl963,-0.0646,画像状态：节律轻微波动,风险等级：中
pjxsqxbj856,-0.0654,画像状态：节律轻微波动,风险等级：中
pjxyqwbj569,-0.0656,画像状态：节律轻微波动,风险等级：中
pjxpqxbj927,-0.0662,画像状态：节律轻微波动,风险等级：中
pjxyqwbj534,-0.069,画像状态：节律轻微波动,风险等级：中
pjxyqxbj483,-0.0697,画像状态：节律轻微波动,风险等级：中
pjxyqwbj253,-0.0698,画像状态：节律轻微波动,风险等级：中
pjxsqxbj786,-0.0699,画像状态：节律轻微波动,风险等级：中
pjxyqwbj709,-0.0701,画像状态：节律轻微波动,风险等级：中
pjxyqxbl753,-0.0706,画像状态：节律轻微波动,风险等级：中
pjxyqxbj681,-0.0708,画像状态：节律轻微波动,风险等级：中
pjxsqxbj939,-0.071,画像状态：节律轻微波动,风险等级：中
pjxsqxbj932,-0.0717,画像状态：节律轻微波动,风险等级：中
pjxyqwbj579,-0.0718,画像状态：节律轻微波动,风险等级：中
pjxyqwbk856,-0.0744,画像状态：节律轻微波动,风险等级：中
pjxyqxbj726,-0.0752,画像状态：节律轻微波动,风险等级：中
pjxrqxbj978,-0.0756,画像状态：节律轻微波动,风险等级：中
pjwrqxbj952,-0.0765,画像状态：节律轻微波动,风险等级：中
pjxwxxbj938,-0.0773,画像状态：节律轻微波动,风险等级：中
pjxpqxbj945,-0.0775,画像状态：节律轻微波动,风险等级：中
pjxyqxbj557,-0.0781,画像状态：节律轻微波动,风险等级：中
pjxyqxbj455,-0.0782,画像状态：节律轻微波动,风险等级：中
pjxyqxbj100,-0.0786,画像状态：节律轻微波动,风险等级：中
pjxyqwbj035,-0.0795,画像状态：节律轻微波动,风险等级：中
pjxyqwbk953,-0.0798,画像状态：节律轻微波动,风险等级：中
pjxyqxbk555,-0.0804,画像状态：节律轻微波动,风险等级：中
pjxyqxbj754,-0.0806,画像状态：节律轻微波动,风险等级：中
pjxyqwbj393,-0.0807,画像状态：节律轻微波动,风险等级：中
pjxyqwbj248,-0.0832,画像状态：节律轻微波动,风险等级：中
pjxyqwbk996,-0.0833,画像状态：节律轻微波动,风险等级：中
pjxsqxbj834,-0.0861,画像状态：节律轻微波动,风险等级：中
pjxyqxbj945,-0.0869,画像状态：节律轻微波动,风险等级：中
pjxyqxbj006,-0.0931,画像状态：节律轻微波动,风险等级：中
pjxyqwbj542,-0.0938,画像状态：节律轻微波动,风险等级：中
pjxyqwbk745,-0.0942,画像状态：节律轻微波动,风险等级：中
pjxwxxbj944,-0.0946,画像状态：节律轻微波动,风险等级：中
pjxyqxbl746,-0.0961,画像状态：节律轻微波动,风险等级：中
pjwtqxbj972,-0.0978,画像状态：节律轻微波动,风险等级：中
pjxyqxbj044,-0.0999,画像状态：节律轻微波动,风险等级：中
pjxyqxbj337,-0.1001,画像状态：节律轻微波动,风险等级：中
pjxyqxbk797,-0.1008,画像状态：节律轻微波动,风险等级：中
pjxuqwbj781,-0.1019,画像状态：节律轻微波动,风险等级：中
pjxyqwbj782,-0.105,画像状态：节律轻微波动,风险等级：中
pjxuqwbj609,-0.1056,画像状态：节律轻微波动,风险等级：中
pjxyqwbj642,-0.1079,画像状态：节律轻微波动,风险等级：中
pjxyqxbj729,-0.1088,画像状态：节律轻微波动,风险等级：中
pjxyqxbl931,-0.1095,画像状态：节律轻微波动,风险等级：中
pjxyqwbk647,-0.1096,画像状态：节律轻微波动,风险等级：中
pjxrqxbj905,-0.1098,画像状态：节律轻微波动,风险等级：中
pjxsqxbj827,-0.1099,画像状态：节律轻微波动,风险等级：中
pjxyqxbj080,-0.1101,画像状态：节律轻微波动,风险等级：中
pjxsqxbj985,-0.1111,画像状态：节律轻微波动,风险等级：中
pjxyqxbk019,-0.1116,画像状态：节律轻微波动,风险等级：中
pjxxztfj992,-0.1126,画像状态：节律轻微波动,风险等级：中
pjxyqxbk772,-0.1133,画像状态：节律轻微波动,风险等级：中
pjxyqxbk043,-0.1138,画像状态：节律轻微波动,风险等级：中
pjxwxxbj913,-0.1144,画像状态：节律轻微波动,风险等级：中
pjxyqwbj710,-0.1144,画像状态：节律轻微波动,风险等级：中
pjxyqwbk716,-0.1145,画像状态：节律轻微波动,风险等级：中
pjxyqxbl990,-0.1149,画像状态：节律轻微波动,风险等级：中
pjxyqwbk775,-0.1149,画像状态：节律轻微波动,风险等级：中
pjxyqwbk884,-0.1151,画像状态：节律轻微波动,风险等级：中
pjxyqxbk609,-0.1152,画像状态：节律轻微波动,风险等级：中
pjxyqxbl966,-0.1153,画像状态：节律轻微波动,风险等级：中
pjxyqxbk723,-0.1158,画像状态：节律轻微波动,风险等级：中
pjxyqxbk685,-0.1159,画像状态：节律轻微波动,风险等级：中
pjxyqwbj677,-0.1181,画像状态：节律轻微波动,风险等级：中
pjxuqwbj619,-0.1201,画像状态：节律轻微波动,风险等级：中
pjxyqxbl912,-0.1201,画像状态：节律轻微波动,风险等级：中
pjxyqxbl843,-0.122,画像状态：节律轻微波动,风险等级：中
pjxuqwbj591,-0.1221,画像状态：节律轻微波动,风险等级：中
pjxyqxbj911,-0.1225,画像状态：节律轻微波动,风险等级：中
pjxyqwbj532,-0.1239,画像状态：节律轻微波动,风险等级：中
pjxyqxbj658,-0.1248,画像状态：节律轻微波动,风险等级：中
pjxyqxbk204,-0.1249,画像状态：节律轻微波动,风险等级：中
pjxuqwbj918,-0.126,画像状态：学习状态平稳,风险等级：低
pjxyqxbj905,-0.1264,画像状态：学习状态平稳,风险等级：低
pjxyqwbk642,-0.1269,画像状态：学习状态平稳,风险等级：低
pjxpqxbj961,-0.1287,画像状态：学习状态平稳,风险等级：低
pjxyqxbj770,-0.1295,画像状态：学习状态平稳,风险等级：低
pjxyqwbk824,-0.1298,画像状态：学习状态平稳,风险等级：低
pjxyqxbj762,-0.1308,画像状态：学习状态平稳,风险等级：低
pjxyqwbk922,-0.1311,画像状态：学习状态平稳,风险等级：低
pjxsqxbj815,-0.1319,画像状态：学习状态平稳,风险等级：低
pjwtqxbj968,-0.1336,画像状态：学习状态平稳,风险等级：低
pjxyqwbj856,-0.1339,画像状态：学习状态平稳,风险等级：低
pjxqqxbj997,-0.135,画像状态：学习状态平稳,风险等级：低
pjxyqxbk489,-0.1353,画像状态：学习状态平稳,风险等级：低
pjxyqwbj841,-0.1365,画像状态：学习状态平稳,风险等级：低
pjxyqxbk662,-0.137,画像状态：学习状态平稳,风险等级：低
pjxyqwbk931,-0.1388,画像状态：学习状态平稳,风险等级：低
pjxyqxbj478,-0.1393,画像状态：学习状态平稳,风险等级：低
pjxyqwbj950,-0.1396,画像状态：学习状态平稳,风险等级：低
pjxyqwbk815,-0.1398,画像状态：学习状态平稳,风险等级：低
pjxyqxbj459,-0.1399,画像状态：学习状态平稳,风险等级：低
pjxyqwbj117,-0.1407,画像状态：学习状态平稳,风险等级：低
pjxxzxbj995,-0.1412,画像状态：学习状态平稳,风险等级：低
pjwtqxbj985,-0.1419,画像状态：学习状态平稳,风险等级：低
pjxqqxbj998,-0.1426,画像状态：学习状态平稳,风险等级：低
pjwtqxbj946,-0.143,画像状态：学习状态平稳,风险等级：低
pjxyqxbk537,-0.1431,画像状态：学习状态平稳,风险等级：低
pjxyqwbj828,-0.1433,画像状态：学习状态平稳,风险等级：低
pjxrqxbj983,-0.1435,画像状态：学习状态平稳,风险等级：低
pjxyqwbj608,-0.1438,画像状态：学习状态平稳,风险等级：低
pjxyqwbj456,-0.1444,画像状态：学习状态平稳,风险等级：低
pjxyqwbj922,-0.145,画像状态：学习状态平稳,风险等级：低
pjxyqwbj171,-0.1458,画像状态：学习状态平稳,风险等级：低
pjxyqxbj642,-0.1461,画像状态：学习状态平稳,风险等级：低
pjxrqxbj996,-0.1469,画像状态：学习状态平稳,风险等级：低
pjxyqxbk140,-0.1474,画像状态：学习状态平稳,风险等级：低
pjxyqxbj095,-0.1475,画像状态：学习状态平稳,风险等级：低
pjxyqxbj198,-0.1476,画像状态：学习状态平稳,风险等级：低
pjxyqwbk910,-0.1476,画像状态：学习状态平稳,风险等级：低
pjvyzxbj998,-0.1479,画像状态：学习状态平稳,风险等级：低
pjxpqxbj933,-0.1483,画像状态：学习状态平稳,风险等级：低
pjxyqxbj915,-0.149,画像状态：学习状态平稳,风险等级：低
pjxyqwbk666,-0.1494,画像状态：学习状态平稳,风险等级：低
pjxyqwbj742,-0.1502,画像状态：学习状态平稳,风险等级：低
pjxyqwbk928,-0.1507,画像状态：学习状态平稳,风险等级：低
pjxyqwbj555,-0.1508,画像状态：学习状态平稳,风险等级：低
pjxtztbj997,-0.151,画像状态：学习状态平稳,风险等级：低
pjwtqxbj950,-0.1517,画像状态：学习状态平稳,风险等级：低
pjxyqwbj301,-0.1519,画像状态：学习状态平稳,风险等级：低
pjxqzxbj997,-0.1521,画像状态：学习状态平稳,风险等级：低
pjxyqwbj656,-0.1524,画像状态：学习状态平稳,风险等级：低
pjxxxxbj981,-0.1526,画像状态：学习状态平稳,风险等级：低
pjxuqwbj838,-0.1527,画像状态：学习状态平稳,风险等级：低
pjxsqxbj929,-0.1528,画像状态：学习状态平稳,风险等级：低
pjxyqxbk287,-0.153,画像状态：学习状态平稳,风险等级：低
pjxyqxbk759,-0.1534,画像状态：学习状态平稳,风险等级：低
pjxuqwbj812,-0.154,画像状态：学习状态平稳,风险等级：低
pjxyqwbk899,-0.1542,画像状态：学习状态平稳,风险等级：低
pjxuqwbj574,-0.1542,画像状态：学习状态平稳,风险等级：低
pjxsqxbj871,-0.1544,画像状态：学习状态平稳,风险等级：低
pjxyqwbj525,-0.1545,画像状态：学习状态平稳,风险等级：低
pjxsqxbj894,-0.1548,画像状态：学习状态平稳,风险等级：低
pjxyqwbk920,-0.1548,画像状态：学习状态平稳,风险等级：低
pjxuqwbj738,-0.1549,画像状态：学习状态平稳,风险等级：低
pjxyqwbj857,-0.155,画像状态：学习状态平稳,风险等级：低
pjxyqxbj544,-0.1555,画像状态：学习状态平稳,风险等级：低
pjxsqxbj927,-0.1555,画像状态：学习状态平稳,风险等级：低
pjxyqxbj018,-0.156,画像状态：学习状态平稳,风险等级：低
pjxyqxbk053,-0.1563,画像状态：学习状态平稳,风险等级：低
pjxyqwbj965,-0.1569,画像状态：学习状态平稳,风险等级：低
pjxyqxbj718,-0.1571,画像状态：学习状态平稳,风险等级：低
pjxrqxbj957,-0.1579,画像状态：学习状态平稳,风险等级：低
pjxyqxbj743,-0.1579,画像状态：学习状态平稳,风险等级：低
pjxuqwbj830,-0.1581,画像状态：学习状态平稳,风险等级：低
pjxxxxbj912,-0.1584,画像状态：学习状态平稳,风险等级：低
pjxyqwbj380,-0.1585,画像状态：学习状态平稳,风险等级：低
pjxsqxbj905,-0.1586,画像状态：学习状态平稳,风险等级：低
pjxuqwbj473,-0.1589,画像状态：学习状态平稳,风险等级：低
pjxyqwbj791,-0.159,画像状态：学习状态平稳,风险等级：低
pjxuqwbj711,-0.1593,画像状态：学习状态平稳,风险等级：低
pjxyqxbk903,-0.1601,画像状态：学习状态平稳,风险等级：低
pjxyqxbj180,-0.1603,画像状态：学习状态平稳,风险等级：低
pjxxxxbj995,-0.1605,画像状态：学习状态平稳,风险等级：低
pjxyqxbk373,-0.1607,画像状态：学习状态平稳,风险等级：低
pjxyqwbj112,-0.1609,画像状态：学习状态平稳,风险等级：低
pjxyqxbl745,-0.1612,画像状态：学习状态平稳,风险等级：低
pjxyqwbj150,-0.1616,画像状态：学习状态平稳,风险等级：低
pjxyqxbj607,-0.1616,画像状态：学习状态平稳,风险等级：低
pjxyqxbl969,-0.1616,画像状态：学习状态平稳,风险等级：低
pjxsqxbj752,-0.1617,画像状态：学习状态平稳,风险等级：低
pjxwxxbj924,-0.162,画像状态：学习状态平稳,风险等级：低
pjwtqxbj976,-0.1629,画像状态：学习状态平稳,风险等级：低
pjxrqxbj930,-0.163,画像状态：学习状态平稳,风险等级：低
pjxyqxbk243,-0.1631,画像状态：学习状态平稳,风险等级：低
pjwrqxbj983,-0.1635,画像状态：学习状态平稳,风险等级：低
pjxyqxbk095,-0.1636,画像状态：学习状态平稳,风险等级：低
pjxxxxbj986,-0.1652,画像状态：学习状态平稳,风险等级：低
pjwtqxbj965,-0.1657,画像状态：学习状态平稳,风险等级：低
pjxyqwbk955,-0.1658,画像状态：学习状态平稳,风险等级：低
pjxqzxbj985,-0.1662,画像状态：学习状态平稳,风险等级：低
pjxqzxbj984,-0.1663,画像状态：学习状态平稳,风险等级：低
pjxyqxbj893,-0.1667,画像状态：学习状态平稳,风险等级：低
pjxqzxbj979,-0.1673,画像状态：学习状态平稳,风险等级：低
pjxuqwbj847,-0.1675,画像状态：学习状态平稳,风险等级：低
pjxyqwbk793,-0.1676,画像状态：学习状态平稳,风险等级：低
pjxrqxbj944,-0.168,画像状态：学习状态平稳,风险等级：低
pjxyqxbj347,-0.1684,画像状态：学习状态平稳,风险等级：低
pjxyqwbj262,-0.1685,画像状态：学习状态平稳,风险等级：低
pjxuqwbj763,-0.1686,画像状态：学习状态平稳,风险等级：低
pjxyqwbk585,-0.1686,画像状态：学习状态平稳,风险等级：低
pjxuqwbj474,-0.169,画像状态：学习状态平稳,风险等级：低
pjxyqwbj760,-0.1691,画像状态：学习状态平稳,风险等级：低
pjxuqwbj655,-0.1697,画像状态：学习状态平稳,风险等级：低
pjxyqwbk631,-0.1701,画像状态：学习状态平稳,风险等级：低
pjxyqxbk667,-0.1707,画像状态：学习状态平稳,风险等级：低
pjxyqwbj277,-0.1708,画像状态：学习状态平稳,风险等级：低
pjxyqwbj061,-0.1712,画像状态：学习状态平稳,风险等级：低
pjxyqxbl752,-0.1717,画像状态：学习状态平稳,风险等级：低
pjxuqwbj876,-0.1719,画像状态：学习状态平稳,风险等级：低
pjxyqxbj744,-0.1726,画像状态：学习状态平稳,风险等级：低
pjxyqxbk649,-0.1729,画像状态：学习状态平稳,风险等级：低
pjxsqxbj874,-0.1737,画像状态：学习状态平稳,风险等级：低
pjwtqxbj974,-0.174,画像状态：学习状态平稳,风险等级：低
pjxyqxbj605,-0.174,画像状态：学习状态平稳,风险等级：低
pjxyqxbj683,-0.1741,画像状态：学习状态平稳,风险等级：低
pjxyqxbj710,-0.1743,画像状态：学习状态平稳,风险等级：低
pjxyqxbj103,-0.1748,画像状态：学习状态平稳,风险等级：低
pjxuqwbj663,-0.1751,画像状态：学习状态平稳,风险等级：低
pjxuqwbj622,-0.1753,画像状态：学习状态平稳,风险等级：低
pjxyqxbk341,-0.1754,画像状态：学习状态平稳,风险等级：低
pjxuqwbj610,-0.1756,画像状态：学习状态平稳,风险等级：低
pjxyqwbj936,-0.1759,画像状态：学习状态平稳,风险等级：低
pjxyqwbk782,-0.1763,画像状态：学习状态平稳,风险等级：低
pjxuqwbj805,-0.1763,画像状态：学习状态平稳,风险等级：低
pjxyqxbk571,-0.177,画像状态：学习状态平稳,风险等级：低
pjxyqwbk893,-0.1771,画像状态：学习状态平稳,风险等级：低
pjxrqxbj955,-0.1776,画像状态：学习状态平稳,风险等级：低
pjxyqxbj361,-0.178,画像状态：学习状态平稳,风险等级：低
pjxyqwbk661,-0.1782,画像状态：学习状态平稳,风险等级：低
pjxqqxbj964,-0.1782,画像状态：学习状态平稳,风险等级：低
pjxyqwbj979,-0.1784,画像状态：学习状态平稳,风险等级：低
pjxyqxbj838,-0.1792,画像状态：学习状态平稳,风险等级：低
pjxyqwbj201,-0.1793,画像状态：学习状态平稳,风险等级：低
pjxyqwbj726,-0.1794,画像状态：学习状态平稳,风险等级：低
pjxsqxbj862,-0.18,画像状态：学习状态平稳,风险等级：低
pjxyqwbj706,-0.1803,画像状态：学习状态平稳,风险等级：低
pjxyqwbj252,-0.1805,画像状态：学习状态平稳,风险等级：低
pjxyqxbj294,-0.1807,画像状态：学习状态平稳,风险等级：低
pjxqqxbj949,-0.1808,画像状态：学习状态平稳,风险等级：低
pjxyqwbk814,-0.1809,画像状态：学习状态平稳,风险等级：低
pjxsqxbj980,-0.181,画像状态：学习状态平稳,风险等级：低
pjxyqwbk907,-0.1814,画像状态：学习状态平稳,风险等级：低
pjxwxxbj960,-0.1816,画像状态：学习状态平稳,风险等级：低
pjxyqxbl735,-0.1817,画像状态：学习状态平稳,风险等级：低
pjxyqxbj993,-0.1818,画像状态：学习状态平稳,风险等级：低
pjxyqxbk929,-0.1819,画像状态：学习状态平稳,风险等级：低
pjxyqxbj780,-0.1824,画像状态：学习状态平稳,风险等级：低
pjxyqxbl943,-0.1825,画像状态：学习状态平稳,风险等级：低
pjxyqwbk777,-0.1827,画像状态：学习状态平稳,风险等级：低
pjxyqwbk935,-0.1829,画像状态：学习状态平稳,风险等级：低
pjxyqwbk592,-0.183,画像状态：学习状态平稳,风险等级：低
pjxyqxbl737,-0.1835,画像状态：学习状态平稳,风险等级：低
pjxuqwbj503,-0.1836,画像状态：学习状态平稳,风险等级：低
pjxyqxbk025,-0.1839,画像状态：学习状态平稳,风险等级：低
pjxyqxbl910,-0.1848,画像状态：学习状态平稳,风险等级：低
pjwrqxbj967,-0.185,画像状态：学习状态平稳,风险等级：低
pjxyqwbk804,-0.1851,画像状态：学习状态平稳,风险等级：低
pjwtqxbj939,-0.1854,画像状态：学习状态平稳,风险等级：低
pjxyqwbk834,-0.1857,画像状态：学习状态平稳,风险等级：低
pjxsqxbj774,-0.1861,画像状态：学习状态平稳,风险等级：低
pjxyqwbj236,-0.1871,画像状态：学习状态平稳,风险等级：低
pjxuqwbj605,-0.1874,画像状态：学习状态平稳,风险等级：低
pjxyqxbk458,-0.1875,画像状态：学习状态平稳,风险等级：低
pjxrqxbj943,-0.1876,画像状态：学习状态平稳,风险等级：低
pjxyqwbk594,-0.1878,画像状态：学习状态平稳,风险等级：低
pjxyqwbk862,-0.1881,画像状态：学习状态平稳,风险等级：低
pjxyqxbj522,-0.1881,画像状态：学习状态平稳,风险等级：低
pjxsqxbj938,-0.1886,画像状态：学习状态平稳,风险等级：低
pjxyqwbj422,-0.1891,画像状态：学习状态平稳,风险等级：低
pjxyqwbj164,-0.1891,画像状态：学习状态平稳,风险等级：低
pjxyqxbj452,-0.1893,画像状态：学习状态平稳,风险等级：低
pjwtqxbj987,-0.1904,画像状态：学习状态平稳,风险等级：低
pjxuqwbj915,-0.1911,画像状态：学习状态平稳,风险等级：低
pjxyqwbk721,-0.1912,画像状态：学习状态平稳,风险等级：低
pjxyqwbk954,-0.1914,画像状态：学习状态平稳,风险等级：低
pjxyqwbk678,-0.1917,画像状态：学习状态平稳,风险等级：低
pjxuqwbj566,-0.192,画像状态：学习状态平稳,风险等级：低
pjxyqwbj023,-0.1925,画像状态：学习状态平稳,风险等级：低
pjxyqxbk981,-0.1926,画像状态：学习状态平稳,风险等级：低
pjxyqwbj276,-0.1926,画像状态：学习状态平稳,风险等级：低
pjxyqwbk791,-0.1926,画像状态：学习状态平稳,风险等级：低
pjxyqxbk042,-0.1928,画像状态：学习状态平稳,风险等级：低
pjxyqxbk581,-0.1929,画像状态：学习状态平稳,风险等级：低
pjxyqwbk962,-0.1931,画像状态：学习状态平稳,风险等级：低
pjxyqwbk652,-0.1935,画像状态：学习状态平稳,风险等级：低
pjxyqxbj032,-0.1938,画像状态：学习状态平稳,风险等级：低
pjwtqxbj971,-0.1939,画像状态：学习状态平稳,风险等级：低
pjwtqxbj967,-0.1939,画像状态：学习状态平稳,风险等级：低
pjxyqxbj608,-0.1942,画像状态：学习状态平稳,风险等级：低
pjxyqxbk789,-0.1943,画像状态：学习状态平稳,风险等级：低
pjxyqwbj207,-0.1944,画像状态：学习状态平稳,风险等级：低
pjxyqwbj780,-0.1948,画像状态：学习状态平稳,风险等级：低
pjxwxxbj983,-0.1949,画像状态：学习状态平稳,风险等级：低
pjxrqxbj952,-0.1953,画像状态：学习状态平稳,风险等级：低
pjxxztfj988,-0.1954,画像状态：学习状态平稳,风险等级：低
pjxyqwbj671,-0.1954,画像状态：学习状态平稳,风险等级：低
pjxyqxbk273,-0.1956,画像状态：学习状态平稳,风险等级：低
pjxyqxbk298,-0.1956,画像状态：学习状态平稳,风险等级：低
pjxyqwbj059,-0.1957,画像状态：学习状态平稳,风险等级：低
pjxwzxfj981,-0.1958,画像状态：学习状态平稳,风险等级：低
pjxyqwbk686,-0.1958,画像状态：学习状态平稳,风险等级：低
pjxtzxfj982,-0.1959,画像状态：学习状态平稳,风险等级：低
pjxyqxbj113,-0.196,画像状态：学习状态平稳,风险等级：低
pjxyqxbj670,-0.196,画像状态：学习状态平稳,风险等级：低
pjxyqwbj086,-0.1963,画像状态：学习状态平稳,风险等级：低
pjxyqxbj147,-0.1964,画像状态：学习状态平稳,风险等级：低
pjxuqwbj499,-0.1964,画像状态：学习状态平稳,风险等级：低
pjxuqwbj773,-0.1965,画像状态：学习状态平稳,风险等级：低
pjxsqxbj912,-0.1969,画像状态：学习状态平稳,风险等级：低
pjxyqxbj358,-0.1972,画像状态：学习状态平稳,风险等级：低
pjxyqwbk869,-0.1973,画像状态：学习状态平稳,风险等级：低
pjxuqwbj446,-0.1974,画像状态：学习状态平稳,风险等级：低
pjxyqwbj625,-0.1974,画像状态：学习状态平稳,风险等级：低
pjxyqwbk845,-0.1976,画像状态：学习状态平稳,风险等级：低
pjwrqxbj918,-0.1977,画像状态：学习状态平稳,风险等级：低
pjxyqwbj156,-0.1986,画像状态：学习状态平稳,风险等级：低
pjxsqxbj758,-0.1988,画像状态：学习状态平稳,风险等级：低
pjxuqwbj803,-0.1992,画像状态：学习状态平稳,风险等级：低
pjxqzxbj967,-0.1992,画像状态：学习状态平稳,风险等级：低
pjxqzxbj975,-0.1995,画像状态：学习状态平稳,风险等级：低
pjxuqwbj651,-0.1996,画像状态：学习状态平稳,风险等级：低
pjxyqwbj015,-0.1998,画像状态：学习状态平稳,风险等级：低
pjxyqxbk294,-0.2,画像状态：学习状态平稳,风险等级：低
pjxyqxbj525,-0.2001,画像状态：学习状态平稳,风险等级：低
pjxpqxbj972,-0.2001,画像状态：学习状态平稳,风险等级：低
pjxyqxbj756,-0.2004,画像状态：学习状态平稳,风险等级：低
pjxsqxbj916,-0.2012,画像状态：学习状态平稳,风险等级：低
pjxuqwbj818,-0.2014,画像状态：学习状态平稳,风险等级：低
pjxyqwbj080,-0.2015,画像状态：学习状态平稳,风险等级：低
pjxyqwbk543,-0.2015,画像状态：学习状态平稳,风险等级：低
pjxyqwbj636,-0.2016,画像状态：学习状态平稳,风险等级：低
pjxuqwbj573,-0.2016,画像状态：学习状态平稳,风险等级：低
pjxyqxbk486,-0.2018,画像状态：学习状态平稳,风险等级：低
pjxyqxbj903,-0.2019,画像状态：学习状态平稳,风险等级：低
pjxuqwbj870,-0.2021,画像状态：学习状态平稳,风险等级：低
pjxuqwbj525,-0.2023,画像状态：学习状态平稳,风险等级：低
pjxuqwbj906,-0.2024,画像状态：学习状态平稳,风险等级：低
pjxyqxbk107,-0.2027,画像状态：学习状态平稳,风险等级：低
pjxyqxbk792,-0.2031,画像状态：学习状态平稳,风险等级：低
pjxyqwbj930,-0.2031,画像状态：学习状态平稳,风险等级：低
pjxyqwbj651,-0.2031,画像状态：学习状态平稳,风险等级：低
pjxyqwbj872,-0.2031,画像状态：学习状态平稳,风险等级：低
pjxyqwbj941,-0.2032,画像状态：学习状态平稳,风险等级：低
pjxyqxbl709,-0.2036,画像状态：学习状态平稳,风险等级：低
pjvyzxbj993,-0.2039,画像状态：学习状态平稳,风险等级：低
pjxpqxbj977,-0.204,画像状态：学习状态平稳,风险等级：低
pjxyqxbk253,-0.204,画像状态：学习状态平稳,风险等级：低
pjxyqwbj224,-0.204,画像状态：学习状态平稳,风险等级：低
pjxyqwbj518,-0.2041,画像状态：学习状态平稳,风险等级：低
pjxyqxbk611,-0.2044,画像状态：学习状态平稳,风险等级：低
pjxuqwbj537,-0.2044,画像状态：学习状态平稳,风险等级：低
pjxyqwbj020,-0.2047,画像状态：学习状态平稳,风险等级：低
pjxyqxbl766,-0.2047,画像状态：学习状态平稳,风险等级：低
pjxyqxbj922,-0.2048,画像状态：学习状态平稳,风险等级：低
pjxuqwbj538,-0.2048,画像状态：学习状态平稳,风险等级：低
pjxsqxbj892,-0.2049,画像状态：学习状态平稳,风险等级：低
pjxyqwbj283,-0.205,画像状态：学习状态平稳,风险等级：低
pjxxztbj995,-0.205,画像状态：学习状态平稳,风险等级：低
pjxyqwbk706,-0.2052,画像状态：学习状态平稳,风险等级：低
pjxvzxbj996,-0.2053,画像状态：学习状态平稳,风险等级：低
pjxyqxbj096,-0.2063,画像状态：学习状态平稳,风险等级：低
pjxqqxbj991,-0.2063,画像状态：学习状态平稳,风险等级：低
pjxyqwbk644,-0.2064,画像状态：学习状态平稳,风险等级：低
pjxyqwbk831,-0.2066,画像状态：学习状态平稳,风险等级：低
pjxyqwbj243,-0.2066,画像状态：学习状态平稳,风险等级：低
pjxrqxbj990,-0.2066,画像状态：学习状态平稳,风险等级：低
pjxyqxbj798,-0.2076,画像状态：学习状态平稳,风险等级：低
pjxyqwbk919,-0.2076,画像状态：学习状态平稳,风险等级：低
pjxyqxbk974,-0.2077,画像状态：学习状态平稳,风险等级：低
pjxyqwbj468,-0.2077,画像状态：学习状态平稳,风险等级：低
pjxyqxbk501,-0.2077,画像状态：学习状态平稳,风险等级：低
pjxyqwbj100,-0.2083,画像状态：学习状态平稳,风险等级：低
pjxyqxbj512,-0.2083,画像状态：学习状态平稳,风险等级：低
pjxyqwbj255,-0.2087,画像状态：学习状态平稳,风险等级：低
pjxuqwbj545,-0.2088,画像状态：学习状态平稳,风险等级：低
pjxyqxbl982,-0.209,画像状态：学习状态平稳,风险等级：低
pjxyqxbj173,-0.2091,画像状态：学习状态平稳,风险等级：低
pjxyqxbj031,-0.2102,画像状态：学习状态平稳,风险等级：低
pjxqqxbj979,-0.2103,画像状态：学习状态平稳,风险等级：低
pjxsqxbj936,-0.2103,画像状态：学习状态平稳,风险等级：低
pjxyqxbj848,-0.2103,画像状态：学习状态平稳,风险等级：低
pjxuqwbj676,-0.2105,画像状态：学习状态平稳,风险等级：低
pjwrqxbj944,-0.2107,画像状态：学习状态平稳,风险等级：低
pjxwxxbj981,-0.211,画像状态：学习状态平稳,风险等级：低
pjxsqxbj899,-0.2114,画像状态：学习状态平稳,风险等级：低
pjxyqwbj192,-0.2116,画像状态：学习状态平稳,风险等级：低
pjxyqwbj728,-0.2118,画像状态：学习状态平稳,风险等级：低
pjxyqwbj174,-0.2118,画像状态：学习状态平稳,风险等级：低
pjxyqxbk697,-0.2118,画像状态：学习状态平稳,风险等级：低
pjxyqwbj269,-0.212,画像状态：学习状态平稳,风险等级：低
pjxyqwbk829,-0.2123,画像状态：学习状态平稳,风险等级：低
pjxyqwbj940,-0.2127,画像状态：学习状态平稳,风险等级：低
pjxyqwbk781,-0.2129,画像状态：学习状态平稳,风险等级：低
pjxyqwbj755,-0.213,画像状态：学习状态平稳,风险等级：低
pjxyqxbl750,-0.213,画像状态：学习状态平稳,风险等级：低
pjwtqxbj941,-0.213,画像状态：学习状态平稳,风险等级：低
pjxyqxbk939,-0.2132,画像状态：学习状态平稳,风险等级：低
pjxyqwbk855,-0.2132,画像状态：学习状态平稳,风险等级：低
pjxyqwbk729,-0.2135,画像状态：学习状态平稳,风险等级：低
pjxyqwbj967,-0.2135,画像状态：学习状态平稳,风险等级：低
pjxyqwbk828,-0.2137,画像状态：学习状态平稳,风险等级：低
pjxyqxbl678,-0.2138,画像状态：学习状态平稳,风险等级：低
pjxyqxbj410,-0.2138,画像状态：学习状态平稳,风险等级：低
pjxyqxbk594,-0.2138,画像状态：学习状态平稳,风险等级：低
pjxyqwbk514,-0.2142,画像状态：学习状态平稳,风险等级：低
pjwtqxbj920,-0.2143,画像状态：学习状态平稳,风险等级：低
pjxyqwbj662,-0.2144,画像状态：学习状态平稳,风险等级：低
pjxyqxbl857,-0.2146,画像状态：学习状态平稳,风险等级：低
pjxyqxbk642,-0.2146,画像状态：学习状态平稳,风险等级：低
pjxyqxbj918,-0.2148,画像状态：学习状态平稳,风险等级：低
pjxxxxbj907,-0.215,画像状态：学习状态平稳,风险等级：低
pjxyqwbj853,-0.215,画像状态：学习状态平稳,风险等级：低
pjxyqwbk548,-0.2151,画像状态：学习状态平稳,风险等级：低
pjxyqwbk601,-0.2153,画像状态：学习状态平稳,风险等级：低
pjxyqwbk746,-0.2155,画像状态：学习状态平稳,风险等级：低
pjxyqxbk239,-0.2156,画像状态：学习状态平稳,风险等级：低
pjxyqwbk956,-0.2156,画像状态：学习状态平稳,风险等级：低
pjxyqwbk607,-0.2157,画像状态：学习状态平稳,风险等级：低
pjxyqwbj188,-0.2157,画像状态：学习状态平稳,风险等级：低
pjxyqxbj106,-0.2158,画像状态：学习状态平稳,风险等级：低
pjxqqxbj996,-0.2158,画像状态：学习状态平稳,风险等级：低
pjxvztfj994,-0.2159,画像状态：学习状态平稳,风险等级：低
pjxyqxbk218,-0.216,画像状态：学习状态平稳,风险等级：低
pjxyqwbj604,-0.2162,画像状态：学习状态平稳,风险等级：低
pjxyqxbl896,-0.2162,画像状态：学习状态平稳,风险等级：低
pjxqqxbj989,-0.2163,画像状态：学习状态平稳,风险等级：低
pjxyqwbj193,-0.2165,画像状态：学习状态平稳,风险等级：低
pjxyqwbk864,-0.2165,画像状态：学习状态平稳,风险等级：低
pjxyqwbk868,-0.2166,画像状态：学习状态平稳,风险等级：低
pjxyqxbj734,-0.2167,画像状态：学习状态平稳,风险等级：低
pjxyqwbj326,-0.2167,画像状态：学习状态平稳,风险等级：低
pjxrqxbj962,-0.2168,画像状态：学习状态平稳,风险等级：低
pjxyqxbj521,-0.2171,画像状态：学习状态平稳,风险等级：低
pjxyqwbj242,-0.2177,画像状态：学习状态平稳,风险等级：低
pjxxxxbj911,-0.2178,画像状态：学习状态平稳,风险等级：低
pjxsqxbj881,-0.2179,画像状态：学习状态平稳,风险等级：低
pjxyqxbk317,-0.2179,画像状态：学习状态平稳,风险等级：低
pjxuqwbj898,-0.218,画像状态：学习状态平稳,风险等级：低
pjxyqxbl768,-0.2183,画像状态：学习状态平稳,风险等级：低
pjxyqxbk074,-0.2184,画像状态：学习状态平稳,风险等级：低
pjxyqxbl703,-0.2185,画像状态：学习状态平稳,风险等级：低
pjxyqwbj356,-0.2186,画像状态：学习状态平稳,风险等级：低
pjxuqwbj845,-0.2187,画像状态：学习状态平稳,风险等级：低
pjxyqxbj507,-0.219,画像状态：学习状态平稳,风险等级：低
pjxuqwbj839,-0.219,画像状态：学习状态平稳,风险等级：低
pjxyqwbk662,-0.2192,画像状态：学习状态平稳,风险等级：低
pjxyqwbj095,-0.2193,画像状态：学习状态平稳,风险等级：低
pjxyqwbk879,-0.2193,画像状态：学习状态平稳,风险等级：低
pjxyqxbk505,-0.2193,画像状态：学习状态平稳,风险等级：低
pjxyqxbk626,-0.2198,画像状态：学习状态平稳,风险等级：低
pjxyqxbk839,-0.2198,画像状态：学习状态平稳,风险等级：低
pjxyqxbj740,-0.2199,画像状态：学习状态平稳,风险等级：低
pjxyqwbk769,-0.22,画像状态：学习状态平稳,风险等级：低
pjxyqwbj811,-0.2203,画像状态：学习状态平稳,风险等级：低
pjxyqxbk720,-0.2204,画像状态：学习状态平稳,风险等级：低
pjxyqxbk764,-0.2206,画像状态：学习状态平稳,风险等级：低
pjxsqxbj824,-0.2206,画像状态：学习状态平稳,风险等级：低
pjxyqwbj129,-0.2207,画像状态：学习状态平稳,风险等级：低
pjxyqxbj496,-0.2208,画像状态：学习状态平稳,风险等级：低
pjxyqwbj741,-0.221,画像状态：学习状态平稳,风险等级：低
pjxyqxbj981,-0.221,画像状态：学习状态平稳,风险等级：低
pjxyqwbk513,-0.2212,画像状态：学习状态平稳,风险等级：低
pjxuqwbj648,-0.2213,画像状态：学习状态平稳,风险等级：低
pjxqqxbj982,-0.2214,画像状态：学习状态平稳,风险等级：低
pjxyqwbk527,-0.2214,画像状态：学习状态平稳,风险等级：低
pjxyqxbk799,-0.2218,画像状态：学习状态平稳,风险等级：低
pjxyqwbj367,-0.2221,画像状态：学习状态平稳,风险等级：低
pjxyqxbk437,-0.2221,画像状态：学习状态平稳,风险等级：低
pjxyqwbj453,-0.2224,画像状态：学习状态平稳,风险等级：低
pjxyqwbk966,-0.2225,画像状态：学习状态平稳,风险等级：低
pjxqqxbj954,-0.2226,画像状态：学习状态平稳,风险等级：低
pjxyqxbj317,-0.2226,画像状态：学习状态平稳,风险等级：低
pjxyqwbj334,-0.2229,画像状态：学习状态平稳,风险等级：低
pjxyqwbk902,-0.2229,画像状态：学习状态平稳,风险等级：低
pjxyqwbk971,-0.223,画像状态：学习状态平稳,风险等级：低
pjxyqwbk949,-0.223,画像状态：学习状态平稳,风险等级：低
pjvyzvfj977,-0.2231,画像状态：学习状态平稳,风险等级：低
pjxyqxbj629,-0.2232,画像状态：学习状态平稳,风险等级：低
pjxyqxbk722,-0.2232,画像状态：学习状态平稳,风险等级：低
pjxyqxbj430,-0.2233,画像状态：学习状态平稳,风险等级：低
pjxwzxbj986,-0.2233,画像状态：学习状态平稳,风险等级：低
pjxsqxbj867,-0.2235,画像状态：学习状态平稳,风险等级：低
pjxyqwbj027,-0.2235,画像状态：学习状态平稳,风险等级：低
pjxxxxbj980,-0.2239,画像状态：学习状态平稳,风险等级：低
pjxuqwbj715,-0.224,画像状态：学习状态平稳,风险等级：低
pjxwxxbj992,-0.2242,画像状态：学习状态平稳,风险等级：低
pjxtzxfj994,-0.2244,画像状态：学习状态平稳,风险等级：低
pjwtqxbj935,-0.2246,画像状态：学习状态平稳,风险等级：低
pjxyqxbj717,-0.2247,画像状态：学习状态平稳,风险等级：低
pjxqqxbj961,-0.2249,画像状态：学习状态平稳,风险等级：低
pjxyqwbj435,-0.2249,画像状态：学习状态平稳,风险等级：低
pjxyqxbl731,-0.2249,画像状态：学习状态平稳,风险等级：低
pjxyqxbk246,-0.2251,画像状态：学习状态平稳,风险等级：低
pjwtqxbj983,-0.2252,画像状态：学习状态平稳,风险等级：低
pjxyqxbj086,-0.2252,画像状态：学习状态平稳,风险等级：低
pjxyqwbk900,-0.2254,画像状态：学习状态平稳,风险等级：低
pjxyqxbl950,-0.2257,画像状态：学习状态平稳,风险等级：低
pjxyqxbk024,-0.2257,画像状态：学习状态平稳,风险等级：低
pjxyqwbk972,-0.2257,画像状态：学习状态平稳,风险等级：低
pjxyqwbj617,-0.2259,画像状态：学习状态平稳,风险等级：低
pjxyqwbj932,-0.2259,画像状态：学习状态平稳,风险等级：低
pjxyqwbj098,-0.2261,画像状态：学习状态平稳,风险等级：低
pjxyqwbj249,-0.2263,画像状态：学习状态平稳,风险等级：低
pjwtqxbj954,-0.2263,画像状态：学习状态平稳,风险等级：低
pjxuqwbj750,-0.2264,画像状态：学习状态平稳,风险等级：低
pjxyqxbj251,-0.2265,画像状态：学习状态平稳,风险等级：低
pjxyqxbk368,-0.2266,画像状态：学习状态平稳,风险等级：低
pjxuqwbj829,-0.2267,画像状态：学习状态平稳,风险等级：低
pjxyqxbk414,-0.2269,画像状态：学习状态平稳,风险等级：低
pjxyqwbj166,-0.2271,画像状态：学习状态平稳,风险等级：低
pjwtqxbj921,-0.2272,画像状态：学习状态平稳,风险等级：低
pjxyqxbj075,-0.2273,画像状态：学习状态平稳,风险等级：低
pjxyqxbk592,-0.2273,画像状态：学习状态平稳,风险等级：低
pjxuqwbj639,-0.2276,画像状态：学习状态平稳,风险等级：低
pjxyqwbj437,-0.2276,画像状态：学习状态平稳,风险等级：低
pjxyqwbk664,-0.2277,画像状态：学习状态平稳,风险等级：低
pjxuqwbj559,-0.2278,画像状态：学习状态平稳,风险等级：低
pjxyqxbk825,-0.228,画像状态：学习状态平稳,风险等级：低
pjwrqxbj938,-0.228,画像状态：学习状态平稳,风险等级：低
pjxyqxbk230,-0.2282,画像状态：学习状态平稳,风险等级：低
pjxyqwbj886,-0.2284,画像状态：学习状态平稳,风险等级：低
pjxyqwbk754,-0.2284,画像状态：学习状态平稳,风险等级：低
pjxuqwbj774,-0.2284,画像状态：学习状态平稳,风险等级：低
pjxqzxbj980,-0.2285,画像状态：学习状态平稳,风险等级：低
pjxyqwbj754,-0.2285,画像状态：学习状态平稳,风险等级：低
pjxyqxbk027,-0.2287,画像状态：学习状态平稳,风险等级：低
pjxyqxbk065,-0.2287,画像状态：学习状态平稳,风险等级：低
pjxyqwbj506,-0.2288,画像状态：学习状态平稳,风险等级：低
pjxrqxbj891,-0.2289,画像状态：学习状态平稳,风险等级：低
pjxyqwbj591,-0.229,画像状态：学习状态平稳,风险等级：低
pjxyqxbk552,-0.2292,画像状态：学习状态平稳,风险等级：低
pjxuqwbj490,-0.2295,画像状态：学习状态平稳,风险等级：低
pjxyqxbk079,-0.2295,画像状态：学习状态平稳,风险等级：低
pjxyqxbk325,-0.2295,画像状态：学习状态平稳,风险等级：低
pjxyqxbj967,-0.2296,画像状态：学习状态平稳,风险等级：低
pjxuqwbj454,-0.2297,画像状态：学习状态平稳,风险等级：低
pjxyqwbj358,-0.2298,画像状态：学习状态平稳,风险等级：低
pjxyqxbk669,-0.2298,画像状态：学习状态平稳,风险等级：低
pjxsqxbj779,-0.2302,画像状态：学习状态平稳,风险等级：低
pjxyqxbk902,-0.2302,画像状态：学习状态平稳,风险等级：低
pjxqqxbj985,-0.2302,画像状态：学习状态平稳,风险等级：低
pjxyqwbj088,-0.2302,画像状态：学习状态平稳,风险等级：低
pjxuqwbj472,-0.2303,画像状态：学习状态平稳,风险等级：低
pjxyqxbk190,-0.2305,画像状态：学习状态平稳,风险等级：低
pjxyqxbk682,-0.2305,画像状态：学习状态平稳,风险等级：低
pjxsqxbj934,-0.2307,画像状态：学习状态平稳,风险等级：低
pjxyqwbk764,-0.231,画像状态：学习状态平稳,风险等级：低
pjxyqxbj145,-0.231,画像状态：学习状态平稳,风险等级：低
pjxyqwbj634,-0.2311,画像状态：学习状态平稳,风险等级：低
pjxrqxbj951,-0.2315,画像状态：学习状态平稳,风险等级：低
pjxyqwbk866,-0.2316,画像状态：学习状态平稳,风险等级：低
pjxyqxbl975,-0.2316,画像状态：学习状态平稳,风险等级：低
pjxyqxbl688,-0.2318,画像状态：学习状态平稳,风险等级：低
pjxyqxbj418,-0.2318,画像状态：学习状态平稳,风险等级：低
pjxyqxbk629,-0.2318,画像状态：学习状态平稳,风险等级：低
pjxyqxbk778,-0.2322,画像状态：学习状态平稳,风险等级：低
pjxyqxbj315,-0.2324,画像状态：学习状态平稳,风险等级：低
pjxxxxbj958,-0.2324,画像状态：学习状态平稳,风险等级：低
pjxyqxbj667,-0.2325,画像状态：学习状态平稳,风险等级：低
pjxyqwbj089,-0.2326,画像状态：学习状态平稳,风险等级：低
pjxsqxbj920,-0.2328,画像状态：学习状态平稳,风险等级：低
pjxyqwbj678,-0.233,画像状态：学习状态平稳,风险等级：低
pjxyqwbj312,-0.233,画像状态：学习状态平稳,风险等级：低
pjxyqwbj947,-0.2334,画像状态：学习状态平稳,风险等级：低
pjxyqxbk158,-0.2334,画像状态：学习状态平稳,风险等级：低
pjxyqwbj205,-0.2335,画像状态：学习状态平稳,风险等级：低
pjxyqxbk630,-0.2335,画像状态：学习状态平稳,风险等级：低
pjxyqwbj673,-0.2337,画像状态：学习状态平稳,风险等级：低
pjxuqwbj632,-0.2338,画像状态：学习状态平稳,风险等级：低
pjxyqwbj318,-0.2339,画像状态：学习状态平稳,风险等级：低
pjxyqwbk885,-0.2339,画像状态：学习状态平稳,风险等级：低
pjxyqwbj153,-0.2341,画像状态：学习状态平稳,风险等级：低
pjxyqxbj188,-0.2342,画像状态：学习状态平稳,风险等级：低
pjxyqxbj769,-0.2342,画像状态：学习状态平稳,风险等级：低
pjxyqwbj454,-0.2345,画像状态：学习状态平稳,风险等级：低
200307700011,-0.2345,画像状态：学习状态平稳,风险等级：低
pjxyqxbj470,-0.2346,画像状态：学习状态平稳,风险等级：低
pjxyqxbj284,-0.2351,画像状态：学习状态平稳,风险等级：低
pjxyqwbj004,-0.2353,画像状态：学习状态平稳,风险等级：低
pjxyqwbj535,-0.2353,画像状态：学习状态平稳,风险等级：低
pjxsqxbj884,-0.2354,画像状态：学习状态平稳,风险等级：低
pjxuqwbj582,-0.2355,画像状态：学习状态平稳,风险等级：低
pjxsqxbj995,-0.2356,画像状态：学习状态平稳,风险等级：低
pjxyqxbl712,-0.2357,画像状态：学习状态平稳,风险等级：低
pjxyqxbl854,-0.2357,画像状态：学习状态平稳,风险等级：低
pjxxxxbj968,-0.2358,画像状态：学习状态平稳,风险等级：低
pjxwzxbj985,-0.2359,画像状态：学习状态平稳,风险等级：低
pjxyqwbj219,-0.236,画像状态：学习状态平稳,风险等级：低
pjxpqxbj987,-0.236,画像状态：学习状态平稳,风险等级：低
pjxyqwbj433,-0.2361,画像状态：学习状态平稳,风险等级：低
pjxyqxbk346,-0.2362,画像状态：学习状态平稳,风险等级：低
pjxyqwbj903,-0.2362,画像状态：学习状态平稳,风险等级：低
pjxyqwbk618,-0.2362,画像状态：学习状态平稳,风险等级：低
pjxyqxbl708,-0.2363,画像状态：学习状态平稳,风险等级：低
pjxwxxbj907,-0.2363,画像状态：学习状态平稳,风险等级：低
pjxyqwbj821,-0.2364,画像状态：学习状态平稳,风险等级：低
pjxyqwbj461,-0.2365,画像状态：学习状态平稳,风险等级：低
pjxuqwbj661,-0.2366,画像状态：学习状态平稳,风险等级：低
pjxyqxbl867,-0.2366,画像状态：学习状态平稳,风险等级：低
pjxyqxbj929,-0.2369,画像状态：学习状态平稳,风险等级：低
pjxyqwbj788,-0.2371,画像状态：学习状态平稳,风险等级：低
pjwtqxbj969,-0.2371,画像状态：学习状态平稳,风险等级：低
pjxyqwbk735,-0.2372,画像状态：学习状态平稳,风险等级：低
pjxyqxbj615,-0.2372,画像状态：学习状态平稳,风险等级：低
pjxyqwbk671,-0.2373,画像状态：学习状态平稳,风险等级：低
pjxyqwbj508,-0.2375,画像状态：学习状态平稳,风险等级：低
pjxyqxbk354,-0.2376,画像状态：学习状态平稳,风险等级：低
pjxyqxbk076,-0.2377,画像状态：学习状态平稳,风险等级：低
pjxyqwbj101,-0.2378,画像状态：学习状态平稳,风险等级：低
pjxyqxbk916,-0.2378,画像状态：学习状态平稳,风险等级：低
pjxwxxbj940,-0.2379,画像状态：学习状态平稳,风险等级：低
pjxqqxbj983,-0.2379,画像状态：学习状态平稳,风险等级：低
pjxyqwbj588,-0.2379,画像状态：学习状态平稳,风险等级：低
pjwtqxbj918,-0.2379,画像状态：学习状态平稳,风险等级：低
pjwtqxbj928,-0.238,画像状态：学习状态平稳,风险等级：低
pjxyqwbj966,-0.238,画像状态：学习状态平稳,风险等级：低
pjxyqxbl828,-0.2381,画像状态：学习状态平稳,风险等级：低
pjxpqxbj981,-0.2381,画像状态：学习状态平稳,风险等级：低
pjxuqwbj581,-0.2384,画像状态：学习状态平稳,风险等级：低
pjxyqxbk578,-0.2385,画像状态：学习状态平稳,风险等级：低
pjxyqxbj440,-0.2385,画像状态：学习状态平稳,风险等级：低
pjxyqwbj713,-0.2386,画像状态：学习状态平稳,风险等级：低
pjxyqwbj929,-0.2387,画像状态：学习状态平稳,风险等级：低
pjxyqwbk895,-0.2387,画像状态：学习状态平稳,风险等级：低
pjxuqwbj976,-0.2387,画像状态：学习状态平稳,风险等级：低
pjxyqwbj776,-0.2387,画像状态：学习状态平稳,风险等级：低
pjxyqwbk701,-0.2389,画像状态：学习状态平稳,风险等级：低
pjxsqxbj872,-0.2389,画像状态：学习状态平稳,风险等级：低
pjxsqxbj968,-0.239,画像状态：学习状态平稳,风险等级：低
pjxyqxbj953,-0.239,画像状态：学习状态平稳,风险等级：低
pjxwxxbj910,-0.239,画像状态：学习状态平稳,风险等级：低
pjxyqwbj328,-0.239,画像状态：学习状态平稳,风险等级：低
pjxuqwbj593,-0.2391,画像状态：学习状态平稳,风险等级：低
pjxxxxbj989,-0.2391,画像状态：学习状态平稳,风险等级：低
pjxyqwbj159,-0.2392,画像状态：学习状态平稳,风险等级：低
pjxyqxbk534,-0.2393,画像状态：学习状态平稳,风险等级：低
pjxyqwbj139,-0.2393,画像状态：学习状态平稳,风险等级：低
pjxxxxbj997,-0.2394,画像状态：学习状态平稳,风险等级：低
pjxyqwbj515,-0.2395,画像状态：学习状态平稳,风险等级：低
pjxuqwbj937,-0.2395,画像状态：学习状态平稳,风险等级：低
pjxsqxbj989,-0.2397,画像状态：学习状态平稳,风险等级：低
pjxqqxbj969,-0.2397,画像状态：学习状态平稳,风险等级：低
pjxyqwbk544,-0.2398,画像状态：学习状态平稳,风险等级：低
pjxuqwbj491,-0.24,画像状态：学习状态平稳,风险等级：低
pjxyqxbj153,-0.2401,画像状态：学习状态平稳,风险等级：低
pjxyqwbj043,-0.2403,画像状态：学习状态平稳,风险等级：低
pjwtqxbj942,-0.2404,画像状态：学习状态平稳,风险等级：低
pjwtqxbj957,-0.2405,画像状态：学习状态平稳,风险等级：低
pjxyqwbj338,-0.2408,画像状态：学习状态平稳,风险等级：低
pjxyqxbj262,-0.2409,画像状态：学习状态平稳,风险等级：低
pjxuqwbj954,-0.2409,画像状态：学习状态平稳,风险等级：低
pjwtqxbj984,-0.241,画像状态：学习状态平稳,风险等级：低
pjxyqxbl763,-0.241,画像状态：学习状态平稳,风险等级：低
pjxyqwbj307,-0.2411,画像状态：学习状态平稳,风险等级：低
pjxyqxbk468,-0.2411,画像状态：学习状态平稳,风险等级：低
pjxyqwbj660,-0.2412,画像状态：学习状态平稳,风险等级：低
pjxyqxbk211,-0.2413,画像状态：学习状态平稳,风险等级：低
pjxyqxbj121,-0.2419,画像状态：学习状态平稳,风险等级：低
pjxyqwbk673,-0.2419,画像状态：学习状态平稳,风险等级：低
pjxyqxbj669,-0.242,画像状态：学习状态平稳,风险等级：低
pjxyqxbk052,-0.242,画像状态：学习状态平稳,风险等级：低
pjxyqxbk399,-0.2422,画像状态：学习状态平稳,风险等级：低
pjxyqxbj537,-0.2423,画像状态：学习状态平稳,风险等级：低
pjxxzxkj978,-0.2424,画像状态：学习状态平稳,风险等级：低
pjxyqxbj662,-0.2425,画像状态：学习状态平稳,风险等级：低
pjxyqxbl954,-0.2425,画像状态：学习状态平稳,风险等级：低
pjxyqxbk885,-0.2427,画像状态：学习状态平稳,风险等级：低
pjxyqxbj093,-0.2428,画像状态：学习状态平稳,风险等级：低
pjxyqxbj663,-0.2428,画像状态：学习状态平稳,风险等级：低
pjxyqwbk572,-0.2428,画像状态：学习状态平稳,风险等级：低
pjxyqxbl687,-0.2429,画像状态：学习状态平稳,风险等级：低
pjxyqwbk796,-0.243,画像状态：学习状态平稳,风险等级：低
pjxyqwbj598,-0.2431,画像状态：学习状态平稳,风险等级：低
pjxyqwbk504,-0.2432,画像状态：学习状态平稳,风险等级：低
pjxsqxbj887,-0.2433,画像状态：学习状态平稳,风险等级：低
pjxyqxbl895,-0.2435,画像状态：学习状态平稳,风险等级：低
pjxuqwbj933,-0.2435,画像状态：学习状态平稳,风险等级：低
pjxyqxbl713,-0.2436,画像状态：学习状态平稳,风险等级：低
pjxsqxbj897,-0.2436,画像状态：学习状态平稳,风险等级：低
pjxqzxbj996,-0.2438,画像状态：学习状态平稳,风险等级：低
pjxyqwbj605,-0.2438,画像状态：学习状态平稳,风险等级：低
pjxsqxbj825,-0.2438,画像状态：学习状态平稳,风险等级：低
pjxyqxbj830,-0.2439,画像状态：学习状态平稳,风险等级：低
pjxyqxbk268,-0.244,画像状态：学习状态平稳,风险等级：低
pjxyqxbj851,-0.244,画像状态：学习状态平稳,风险等级：低
pjxyqxbj995,-0.244,画像状态：学习状态平稳,风险等级：低
pjxwzxbj989,-0.2442,画像状态：学习状态平稳,风险等级：低
pjxyqwbj221,-0.2444,画像状态：学习状态平稳,风险等级：低
pjxyqwbk734,-0.2444,画像状态：学习状态平稳,风险等级：低
pjxyqxbj089,-0.2444,画像状态：学习状态平稳,风险等级：低
pjxuqwbj674,-0.2445,画像状态：学习状态平稳,风险等级：低
pjxyqwbj476,-0.2445,画像状态：学习状态平稳,风险等级：低
pjxyqwbj628,-0.2446,画像状态：学习状态平稳,风险等级：低
pjxyqwbj444,-0.2446,画像状态：学习状态平稳,风险等级：低
pjxyqwbj669,-0.2448,画像状态：学习状态平稳,风险等级：低
pjvyzvfj989,-0.2448,画像状态：学习状态平稳,风险等级：低
pjxyqwbk760,-0.245,画像状态：学习状态平稳,风险等级：低
pjxuqwbj659,-0.2452,画像状态：学习状态平稳,风险等级：低
pjxyqwbk531,-0.2452,画像状态：学习状态平稳,风险等级：低
pjxyqwbj158,-0.2456,画像状态：学习状态平稳,风险等级：低
pjxyqxbj283,-0.2457,画像状态：学习状态平稳,风险等级：低
pjxyqxbk101,-0.2457,画像状态：学习状态平稳,风险等级：低
pjxuqwbj877,-0.2458,画像状态：学习状态平稳,风险等级：低
pjxyqxbk804,-0.246,画像状态：学习状态平稳,风险等级：低
pjxyqwbk720,-0.246,画像状态：学习状态平稳,风险等级：低
pjxyqxbk339,-0.2462,画像状态：学习状态平稳,风险等级：低
pjxyqwbj401,-0.2463,画像状态：学习状态平稳,风险等级：低
pjxyqxbj750,-0.2464,画像状态：学习状态平稳,风险等级：低
pjxyqwbj971,-0.2465,画像状态：学习状态平稳,风险等级：低
pjxsqxbj918,-0.2466,画像状态：学习状态平稳,风险等级：低
pjxyqwbj744,-0.2467,画像状态：学习状态平稳,风险等级：低
pjxyqxbk319,-0.2467,画像状态：学习状态平稳,风险等级：低
pjxyqxbj909,-0.2467,画像状态：学习状态平稳,风险等级：低
pjxyqxbk195,-0.2469,画像状态：学习状态平稳,风险等级：低
pjxsqxbj921,-0.2469,画像状态：学习状态平稳,风险等级：低
pjxyqwbj688,-0.2469,画像状态：学习状态平稳,风险等级：低
pjxyqxbk997,-0.2469,画像状态：学习状态平稳,风险等级：低
pjxyqxbj630,-0.2469,画像状态：学习状态平稳,风险等级：低
pjxsqxbj873,-0.247,画像状态：学习状态平稳,风险等级：低
pjxpqxbj941,-0.247,画像状态：学习状态平稳,风险等级：低
pjxyqxbk936,-0.2471,画像状态：学习状态平稳,风险等级：低
pjxuqwbj551,-0.2472,画像状态：学习状态平稳,风险等级：低
pjxyqwbk529,-0.2472,画像状态：学习状态平稳,风险等级：低
pjxyqwbk562,-0.2472,画像状态：学习状态平稳,风险等级：低
pjxrqxbj914,-0.2472,画像状态：学习状态平稳,风险等级：低
pjwtqxbj913,-0.2473,画像状态：学习状态平稳,风险等级：低
pjxuqwbj692,-0.2474,画像状态：学习状态平稳,风险等级：低
pjxyqxbk398,-0.2474,画像状态：学习状态平稳,风险等级：低
pjxsqxbj812,-0.2475,画像状态：学习状态平稳,风险等级：低
pjxyqwbk542,-0.2475,画像状态：学习状态平稳,风险等级：低
pjxrqxbj992,-0.2478,画像状态：学习状态平稳,风险等级：低
pjxyqwbk839,-0.2478,画像状态：学习状态平稳,风险等级：低
pjxyqxbj921,-0.2479,画像状态：学习状态平稳,风险等级：低
pjxyqxbj610,-0.2479,画像状态：学习状态平稳,风险等级：低
pjxpqxbj994,-0.2479,画像状态：学习状态平稳,风险等级：低
pjxyqxbj540,-0.248,画像状态：学习状态平稳,风险等级：低
pjxsqxbj954,-0.2482,画像状态：学习状态平稳,风险等级：低
pjxyqxbk823,-0.2483,画像状态：学习状态平稳,风险等级：低
pjwrqxbj984,-0.2484,画像状态：学习状态平稳,风险等级：低
pjwtqxbj944,-0.2484,画像状态：学习状态平稳,风险等级：低
pjxyqwbk767,-0.2484,画像状态：学习状态平稳,风险等级：低
pjxyqwbj464,-0.2485,画像状态：学习状态平稳,风险等级：低
pjxyqxbj051,-0.2486,画像状态：学习状态平稳,风险等级：低
pjxuqwbj624,-0.2486,画像状态：学习状态平稳,风险等级：低
pjxsqxbj829,-0.2486,画像状态：学习状态平稳,风险等级：低
pjxqzxbj995,-0.2487,画像状态：学习状态平稳,风险等级：低
pjxrqxbj909,-0.2487,画像状态：学习状态平稳,风险等级：低
pjxyqwbj734,-0.2488,画像状态：学习状态平稳,风险等级：低
pjwtqxbj988,-0.2488,画像状态：学习状态平稳,风险等级：低
pjxyqwbj687,-0.2489,画像状态：学习状态平稳,风险等级：低
pjxyqwbk615,-0.2489,画像状态：学习状态平稳,风险等级：低
pjxqzxbj989,-0.2489,画像状态：学习状态平稳,风险等级：低
pjxwxxbj934,-0.2492,画像状态：学习状态平稳,风险等级：低
pjxyqwbj787,-0.2492,画像状态：学习状态平稳,风险等级：低
pjxyqwbj237,-0.2492,画像状态：学习状态平稳,风险等级：低
pjxyqxbk713,-0.2493,画像状态：学习状态平稳,风险等级：低
pjxyqxbk479,-0.2494,画像状态：学习状态平稳,风险等级：低
pjxyqwbj421,-0.2494,画像状态：学习状态平稳,风险等级：低
pjxrqxbj969,-0.2494,画像状态：学习状态平稳,风险等级：低
pjxsqxbj971,-0.2495,画像状态：学习状态平稳,风险等级：低
pjxyqxbk533,-0.2495,画像状态：学习状态平稳,风险等级：低
pjxyqxbk039,-0.2495,画像状态：学习状态平稳,风险等级：低
pjxuqwbj500,-0.2496,画像状态：学习状态平稳,风险等级：低
pjxuqwbj515,-0.2496,画像状态：学习状态平稳,风险等级：低
pjwtqxbj914,-0.2496,画像状态：学习状态平稳,风险等级：低
pjxyqwbj109,-0.2498,画像状态：学习状态平稳,风险等级：低
pjxuqwbj783,-0.2499,画像状态：学习状态平稳,风险等级：低
pjxyqwbj630,-0.2499,画像状态：学习状态平稳,风险等级：低
pjxyqxbk717,-0.2499,画像状态：学习状态平稳,风险等级：低
pjxyqxbj813,-0.25,画像状态：学习状态平稳,风险等级：低
pjwrqxbj993,-0.2501,画像状态：学习状态平稳,风险等级：低
pjxyqwbj418,-0.2501,画像状态：学习状态平稳,风险等级：低
pjxyqxbk794,-0.2501,画像状态：学习状态平稳,风险等级：低
pjxpqxbj971,-0.2502,画像状态：学习状态平稳,风险等级：低
pjxyqxbk909,-0.2503,画像状态：学习状态平稳,风险等级：低
pjxyqxbj979,-0.2503,画像状态：学习状态平稳,风险等级：低
pjxyqxbk448,-0.2503,画像状态：学习状态平稳,风险等级：低
pjxyqwbj006,-0.2504,画像状态：学习状态平稳,风险等级：低
pjxyqxbk445,-0.2504,画像状态：学习状态平稳,风险等级：低
pjxyqxbj528,-0.2504,画像状态：学习状态平稳,风险等级：低
pjxyqxbj646,-0.2504,画像状态：学习状态平稳,风险等级：低
pjxyqxbj114,-0.2505,画像状态：学习状态平稳,风险等级：低
pjxyqxbj469,-0.2505,画像状态：学习状态平稳,风险等级：低
pjxwzxfj983,-0.2505,画像状态：学习状态平稳,风险等级：低
pjwtzxbj996,-0.2505,画像状态：学习状态平稳,风险等级：低
pjxyqxbk835,-0.2506,画像状态：学习状态平稳,风险等级：低
pjxyqxbj158,-0.2506,画像状态：学习状态平稳,风险等级：低
pjxyqxbj063,-0.2508,画像状态：学习状态平稳,风险等级：低
pjxuqwbj980,-0.2508,画像状态：学习状态平稳,风险等级：低
pjxyqwbk675,-0.2508,画像状态：学习状态平稳,风险等级：低
pjxwxxbj916,-0.2508,画像状态：学习状态平稳,风险等级：低
pjwrqxbj925,-0.2509,画像状态：学习状态平稳,风险等级：低
pjxyqwbj797,-0.251,画像状态：学习状态平稳,风险等级：低
pjxyqxbj935,-0.251,画像状态：学习状态平稳,风险等级：低
pjwtqxbj959,-0.2511,画像状态：学习状态平稳,风险等级：低
pjxyqwbj799,-0.2512,画像状态：学习状态平稳,风险等级：低
pjxsqxbj843,-0.2512,画像状态：学习状态平稳,风险等级：低
pjxyqxbl996,-0.2512,画像状态：学习状态平稳,风险等级：低
pjxyqwbj837,-0.2514,画像状态：学习状态平稳,风险等级：低
pjwtqxbj925,-0.2515,画像状态：学习状态平稳,风险等级：低
pjxvztfj985,-0.2515,画像状态：学习状态平稳,风险等级：低
pjxyqxbj676,-0.2515,画像状态：学习状态平稳,风险等级：低
pjxyqwbk818,-0.2516,画像状态：学习状态平稳,风险等级：低
pjwtqxbj952,-0.2516,画像状态：学习状态平稳,风险等级：低
pjxyqwbk608,-0.2516,画像状态：学习状态平稳,风险等级：低
pjxyqwbk795,-0.2518,画像状态：学习状态平稳,风险等级：低
pjxsqxbj851,-0.252,画像状态：学习状态平稳,风险等级：低
pjxyqxbk261,-0.2521,画像状态：学习状态平稳,风险等级：低
pjxrqxbj903,-0.2521,画像状态：学习状态平稳,风险等级：低
pjxyqwbj913,-0.2521,画像状态：学习状态平稳,风险等级：低
pjxrqxbj945,-0.2522,画像状态：学习状态平稳,风险等级：低
pjxrqxbj961,-0.2523,画像状态：学习状态平稳,风险等级：低
pjxyqwbj888,-0.2523,画像状态：学习状态平稳,风险等级：低
pjxuqwbj476,-0.2524,画像状态：学习状态平稳,风险等级：低
pjxyqxbj955,-0.2524,画像状态：学习状态平稳,风险等级：低
pjxyqxbk094,-0.2525,画像状态：学习状态平稳,风险等级：低
pjxyqxbj160,-0.2525,画像状态：学习状态平稳,风险等级：低
pjxyqwbj077,-0.2526,画像状态：学习状态平稳,风险等级：低
pjwrqxbj978,-0.2526,画像状态：学习状态平稳,风险等级：低
pjxyqxbk556,-0.2528,画像状态：学习状态平稳,风险等级：低
pjxyqxbk911,-0.2528,画像状态：学习状态平稳,风险等级：低
pjxyqwbk679,-0.2529,画像状态：学习状态平稳,风险等级：低
pjxyqxbj694,-0.2529,画像状态：学习状态平稳,风险等级：低
pjxyqwbj181,-0.253,画像状态：学习状态平稳,风险等级：低
pjxyqxbk579,-0.253,画像状态：学习状态平稳,风险等级：低
pjxyqxbk159,-0.2531,画像状态：学习状态平稳,风险等级：低
pjxyqwbk541,-0.2531,画像状态：学习状态平稳,风险等级：低
pjxyqwbj905,-0.2531,画像状态：学习状态平稳,风险等级：低
pjxsqxbj807,-0.2532,画像状态：学习状态平稳,风险等级：低
pjxuqwbj498,-0.2533,画像状态：学习状态平稳,风险等级：低
pjxyqxbl930,-0.2533,画像状态：学习状态平稳,风险等级：低
pjxyqwbk636,-0.2533,画像状态：学习状态平稳,风险等级：低
pjxyqxbj312,-0.2533,画像状态：学习状态平稳,风险等级：低
pjxuqwbj546,-0.2533,画像状态：学习状态平稳,风险等级：低
pjxuqwbj950,-0.2534,画像状态：学习状态平稳,风险等级：低
pjwrqxbj998,-0.2536,画像状态：学习状态平稳,风险等级：低
pjxyqxbl807,-0.2536,画像状态：学习状态平稳,风险等级：低
pjxyqxbl985,-0.2536,画像状态：学习状态平稳,风险等级：低
pjxrqxbj919,-0.2536,画像状态：学习状态平稳,风险等级：低
pjxyqxbk633,-0.2536,画像状态：学习状态平稳,风险等级：低
pjxyqxbk180,-0.2538,画像状态：学习状态平稳,风险等级：低
pjwtqxbj932,-0.2539,画像状态：学习状态平稳,风险等级：低
pjxyqxbk847,-0.2542,画像状态：学习状态平稳,风险等级：低
pjxyqxbj207,-0.2542,画像状态：学习状态平稳,风险等级：低
pjxyqwbj417,-0.2543,画像状态：学习状态平稳,风险等级：低
pjxyqxbl872,-0.2544,画像状态：学习状态平稳,风险等级：低
pjxyqxbj761,-0.2544,画像状态：学习状态平稳,风险等级：低
pjxyqxbk647,-0.2545,画像状态：学习状态平稳,风险等级：低
pjxuqwbj505,-0.2545,画像状态：学习状态平稳,风险等级：低
pjxpqxbj934,-0.2545,画像状态：学习状态平稳,风险等级：低
pjxyqxbj637,-0.2545,画像状态：学习状态平稳,风险等级：低
pjwtqxbj998,-0.2545,画像状态：学习状态平稳,风险等级：低
pjxyqwbj455,-0.2545,画像状态：学习状态平稳,风险等级：低
pjxyqwbk787,-0.2546,画像状态：学习状态平稳,风险等级：低
pjxsqxbj751,-0.2546,画像状态：学习状态平稳,风险等级：低
pjxyqxbj895,-0.2546,画像状态：学习状态平稳,风险等级：低
pjxyqxbj818,-0.2547,画像状态：学习状态平稳,风险等级：低
pjxpqxbj916,-0.2547,画像状态：学习状态平稳,风险等级：低
pjxyqxbj853,-0.2548,画像状态：学习状态平稳,风险等级：低
pjxyqxbk335,-0.2548,画像状态：学习状态平稳,风险等级：低
pjxyqwbj530,-0.2549,画像状态：学习状态平稳,风险等级：低
pjxyqwbj441,-0.2549,画像状态：学习状态平稳,风险等级：低
pjxtzxfj983,-0.2549,画像状态：学习状态平稳,风险等级：低
pjxuqwbj586,-0.255,画像状态：学习状态平稳,风险等级：低
pjxuqwbj993,-0.2551,画像状态：学习状态平稳,风险等级：低
pjxuqwbj903,-0.2551,画像状态：学习状态平稳,风险等级：低
pjxyqxbk895,-0.2552,画像状态：学习状态平稳,风险等级：低
pjxyqxbk643,-0.2552,画像状态：学习状态平稳,风险等级：低
pjxyqxbj224,-0.2554,画像状态：学习状态平稳,风险等级：低
pjxyqxbj340,-0.2556,画像状态：学习状态平稳,风险等级：低
pjxyqwbj279,-0.2556,画像状态：学习状态平稳,风险等级：低
pjxyqxbk520,-0.2557,画像状态：学习状态平稳,风险等级：低
pjxyqxbk894,-0.2558,画像状态：学习状态平稳,风险等级：低
pjxrqxbj939,-0.2558,画像状态：学习状态平稳,风险等级：低
pjxsqxbj909,-0.2558,画像状态：学习状态平稳,风险等级：低
pjxrqxbj988,-0.2558,画像状态：学习状态平稳,风险等级：低
pjxuqwbj927,-0.2558,画像状态：学习状态平稳,风险等级：低
pjxyqwbj251,-0.256,画像状态：学习状态平稳,风险等级：低
pjxyqwbj988,-0.256,画像状态：学习状态平稳,风险等级：低
pjxyqwbj864,-0.2561,画像状态：学习状态平稳,风险等级：低
pjxyqxbk680,-0.2562,画像状态：学习状态平稳,风险等级：低
pjxuqwbj654,-0.2562,画像状态：学习状态平稳,风险等级：低
pjxsqxbj796,-0.2562,画像状态：学习状态平稳,风险等级：低
pjxyqwbj885,-0.2562,画像状态：学习状态平稳,风险等级：低
pjxsqxbj886,-0.2563,画像状态：学习状态平稳,风险等级：低
pjxyqxbl918,-0.2563,画像状态：学习状态平稳,风险等级：低
pjxyqwbj695,-0.2564,画像状态：学习状态平稳,风险等级：低
pjxyqxbk816,-0.2564,画像状态：学习状态平稳,风险等级：低
pjxyqxbk980,-0.2565,画像状态：学习状态平稳,风险等级：低
pjxyqxbj073,-0.2566,画像状态：学习状态平稳,风险等级：低
pjxyqxbk166,-0.2566,画像状态：学习状态平稳,风险等级：低
pjxyqwbk700,-0.2566,画像状态：学习状态平稳,风险等级：低
pjxyqwbj018,-0.2567,画像状态：学习状态平稳,风险等级：低
pjxuqwbj831,-0.2567,画像状态：学习状态平稳,风险等级：低
pjxyqwbj090,-0.2567,画像状态：学习状态平稳,风险等级：低
pjwrqxbj929,-0.2568,画像状态：学习状态平稳,风险等级：低
pjxpqxbj969,-0.2568,画像状态：学习状态平稳,风险等级：低
pjxyqxbj709,-0.2568,画像状态：学习状态平稳,风险等级：低
pjxrqxbj958,-0.2569,画像状态：学习状态平稳,风险等级：低
pjxyqxbk663,-0.2569,画像状态：学习状态平稳,风险等级：低
pjxyqxbj633,-0.257,画像状态：学习状态平稳,风险等级：低
pjxyqxbj325,-0.2571,画像状态：学习状态平稳,风险等级：低
pjxyqxbj548,-0.2571,画像状态：学习状态平稳,风险等级：低
pjxyqxbk843,-0.2571,画像状态：学习状态平稳,风险等级：低
pjxyqwbj431,-0.2571,画像状态：学习状态平稳,风险等级：低
pjwrqxbj985,-0.2572,画像状态：学习状态平稳,风险等级：低
pjxyqwbj172,-0.2572,画像状态：学习状态平稳,风险等级：低
pjxuqwbj733,-0.2572,画像状态：学习状态平稳,风险等级：低
pjxpqxbj944,-0.2573,画像状态：学习状态平稳,风险等级：低
pjxyqxbj776,-0.2573,画像状态：学习状态平稳,风险等级：低
pjxyqxbk810,-0.2573,画像状态：学习状态平稳,风险等级：低
pjxuqwbj450,-0.2574,画像状态：学习状态平稳,风险等级：低
pjxpqxbj967,-0.2574,画像状态：学习状态平稳,风险等级：低
pjxyqxbk183,-0.2574,画像状态：学习状态平稳,风险等级：低
pjxyqwbk844,-0.2574,画像状态：学习状态平稳,风险等级：低
pjxyqxbk342,-0.2576,画像状态：学习状态平稳,风险等级：低
pjxyqxbj029,-0.2577,画像状态：学习状态平稳,风险等级：低
pjxyqxbj058,-0.2577,画像状态：学习状态平稳,风险等级：低
pjxuqwbj492,-0.2577,画像状态：学习状态平稳,风险等级：低
pjxyqwbj631,-0.2577,画像状态：学习状态平稳,风险等级：低
pjxyqwbk665,-0.2577,画像状态：学习状态平稳,风险等级：低
pjxyqxbj841,-0.2577,画像状态：学习状态平稳,风险等级：低
pjwrqxbj949,-0.2579,画像状态：学习状态平稳,风险等级：低
pjxrqxbj971,-0.2579,画像状态：学习状态平稳,风险等级：低
pjxsqxbj780,-0.2579,画像状态：学习状态平稳,风险等级：低
pjxpqxbj946,-0.258,画像状态：学习状态平稳,风险等级：低
pjxyqwbj395,-0.2581,画像状态：学习状态平稳,风险等级：低
pjxyqxbk491,-0.2581,画像状态：学习状态平稳,风险等级：低
pjxyqxbk732,-0.2581,画像状态：学习状态平稳,风险等级：低
pjxyqwbj895,-0.2582,画像状态：学习状态平稳,风险等级：低
pjxuqwbj678,-0.2582,画像状态：学习状态平稳,风险等级：低
pjxyqxbk954,-0.2582,画像状态：学习状态平稳,风险等级：低
pjxyqwbj564,-0.2582,画像状态：学习状态平稳,风险等级：低
pjwtqxbj979,-0.2582,画像状态：学习状态平稳,风险等级：低
pjxyqxbj464,-0.2582,画像状态：学习状态平稳,风险等级：低
pjxqqxbj967,-0.2583,画像状态：学习状态平稳,风险等级：低
pjxyqxbj323,-0.2583,画像状态：学习状态平稳,风险等级：低
pjxyqxbj023,-0.2584,画像状态：学习状态平稳,风险等级：低
pjxyqwbj877,-0.2584,画像状态：学习状态平稳,风险等级：低
pjxyqwbj621,-0.2584,画像状态：学习状态平稳,风险等级：低
pjxyqxbk217,-0.2585,画像状态：学习状态平稳,风险等级：低
pjxqqxbj959,-0.2585,画像状态：学习状态平稳,风险等级：低
pjxyqxbk402,-0.2585,画像状态：学习状态平稳,风险等级：低
pjxyqxbk807,-0.2586,画像状态：学习状态平稳,风险等级：低
pjxyqwbk656,-0.2587,画像状态：学习状态平稳,风险等级：低
pjxsqxbj906,-0.2587,画像状态：学习状态平稳,风险等级：低
pjxyqwbj692,-0.2588,画像状态：学习状态平稳,风险等级：低
pjxyqwbj523,-0.2589,画像状态：学习状态平稳,风险等级：低
pjxsqxbj849,-0.2589,画像状态：学习状态平稳,风险等级：低
pjxyqxbj230,-0.2589,画像状态：学习状态平稳,风险等级：低
pjxpqxbj955,-0.2589,画像状态：学习状态平稳,风险等级：低
pjxyqxbj332,-0.259,画像状态：学习状态平稳,风险等级：低
pjxyqxbk364,-0.259,画像状态：学习状态平稳,风险等级：低
pjxyqxbk277,-0.2591,画像状态：学习状态平稳,风险等级：低
pjxuqwbj489,-0.2591,画像状态：学习状态平稳,风险等级：低
pjxyqwbj937,-0.2591,画像状态：学习状态平稳,风险等级：低
pjxyqwbk646,-0.2591,画像状态：学习状态平稳,风险等级：低
pjxyqxbj169,-0.2592,画像状态：学习状态平稳,风险等级：低
pjxwxxbj993,-0.2592,画像状态：学习状态平稳,风险等级：低
pjxyqxbj221,-0.2593,画像状态：学习状态平稳,风险等级：低
pjxsqxbj809,-0.2593,画像状态：学习状态平稳,风险等级：低
pjxuqwbj879,-0.2594,画像状态：学习状态平稳,风险等级：低
pjxyqxbk665,-0.2594,画像状态：学习状态平稳,风险等级：低
pjxyqxbj737,-0.2594,画像状态：学习状态平稳,风险等级：低
pjwqzwbj998,-0.2594,画像状态：学习状态平稳,风险等级：低
pjxyqwbj108,-0.2595,画像状态：学习状态平稳,风险等级：低
pjxyqxbj314,-0.2596,画像状态：学习状态平稳,风险等级：低
pjxyqwbk510,-0.2596,画像状态：学习状态平稳,风险等级：低
pjxuqwbj516,-0.2597,画像状态：学习状态平稳,风险等级：低
pjxyqwbj479,-0.2597,画像状态：学习状态平稳,风险等级：低
pjxtzxfj981,-0.2597,画像状态：学习状态平稳,风险等级：低
pjxpqxbj979,-0.2598,画像状态：学习状态平稳,风险等级：低
pjxuqwbj956,-0.2598,画像状态：学习状态平稳,风险等级：低
pjxyqwbj362,-0.2599,画像状态：学习状态平稳,风险等级：低
pjxyqxbj688,-0.2599,画像状态：学习状态平稳,风险等级：低
pjxyqxbk745,-0.26,画像状态：学习状态平稳,风险等级：低
pjxyqxbj288,-0.26,画像状态：学习状态平稳,风险等级：低
pjwrqxbj956,-0.26,画像状态：学习状态平稳,风险等级：低
pjxyqwbj589,-0.26,画像状态：学习状态平稳,风险等级：低
pjwtqxbj993,-0.2601,画像状态：学习状态平稳,风险等级：低
pjxpqxbj915,-0.2602,画像状态：学习状态平稳,风险等级：低
pjxrqxbj892,-0.2602,画像状态：学习状态平稳,风险等级：低
pjxyqxbj146,-0.2602,画像状态：学习状态平稳,风险等级：低
pjxyqxbl847,-0.2602,画像状态：学习状态平稳,风险等级：低
pjxsqxbj784,-0.2602,画像状态：学习状态平稳,风险等级：低
pjxyqwbj844,-0.2603,画像状态：学习状态平稳,风险等级：低
pjxyqxbj151,-0.2603,画像状态：学习状态平稳,风险等级：低
pjxrqxbj973,-0.2603,画像状态：学习状态平稳,风险等级：低
pjxyqwbk622,-0.2603,画像状态：学习状态平稳,风险等级：低
pjxyqxbj949,-0.2605,画像状态：学习状态平稳,风险等级：低
pjxyqwbj865,-0.2605,画像状态：学习状态平稳,风险等级：低
pjxqzxbj994,-0.2605,画像状态：学习状态平稳,风险等级：低
pjxyqwbj777,-0.2606,画像状态：学习状态平稳,风险等级：低
pjxvztfj992,-0.2606,画像状态：学习状态平稳,风险等级：低
pjxyqxbk621,-0.2607,画像状态：学习状态平稳,风险等级：低
pjxyqxbj645,-0.2607,画像状态：学习状态平稳,风险等级：低
pjxyqxbj701,-0.2607,画像状态：学习状态平稳,风险等级：低
pjxuqwbj861,-0.2607,画像状态：学习状态平稳,风险等级：低
pjxyqwbj197,-0.2607,画像状态：学习状态平稳,风险等级：低
pjxuqwbj562,-0.2608,画像状态：学习状态平稳,风险等级：低
pjxyqwbj522,-0.2608,画像状态：学习状态平稳,风险等级：低
pjxyqwbj472,-0.2608,画像状态：学习状态平稳,风险等级：低
pjxyqxbk743,-0.2608,画像状态：学习状态平稳,风险等级：低
pjxsqxbj765,-0.2609,画像状态：学习状态平稳,风险等级：低
pjxyqxbk516,-0.2609,画像状态：学习状态平稳,风险等级：低
pjxyqwbk802,-0.2609,画像状态：学习状态平稳,风险等级：低
pjxyqxbk798,-0.2609,画像状态：学习状态平稳,风险等级：低
pjxyqwbj697,-0.2609,画像状态：学习状态平稳,风险等级：低
pjxuqwbj786,-0.2609,画像状态：学习状态平稳,风险等级：低
pjxwxxbj927,-0.2609,画像状态：学习状态平稳,风险等级：低
pjxuqwbj517,-0.261,画像状态：学习状态平稳,风险等级：低
pjxyqwbk509,-0.2611,画像状态：学习状态平稳,风险等级：低
pjxyqxbj817,-0.2611,画像状态：学习状态平稳,风险等级：低
pjxyqwbj126,-0.2611,画像状态：学习状态平稳,风险等级：低
pjxyqxbj119,-0.2611,画像状态：学习状态平稳,风险等级：低
pjxuqwbj840,-0.2612,画像状态：学习状态平稳,风险等级：低
pjxyqwbj732,-0.2613,画像状态：学习状态平稳,风险等级：低
pjxuqwbj461,-0.2614,画像状态：学习状态平稳,风险等级：低
pjxyqxbk775,-0.2614,画像状态：学习状态平稳,风险等级：低
pjxuqwbj508,-0.2615,画像状态：学习状态平稳,风险等级：低
pjxyqxbk165,-0.2615,画像状态：学习状态平稳,风险等级：低
pjxyqxbj384,-0.2615,画像状态：学习状态平稳,风险等级：低
pjxyqwbj459,-0.2615,画像状态：学习状态平稳,风险等级：低
pjxyqxbk081,-0.2616,画像状态：学习状态平稳,风险等级：低
pjxyqxbj131,-0.2617,画像状态：学习状态平稳,风险等级：低
pjxyqxbj285,-0.2617,画像状态：学习状态平稳,风险等级：低
pjxyqwbj336,-0.2617,画像状态：学习状态平稳,风险等级：低
pjxwzxbj996,-0.2617,画像状态：学习状态平稳,风险等级：低
pjxpqxbj918,-0.2617,画像状态：学习状态平稳,风险等级：低
pjxyqwbk835,-0.2618,画像状态：学习状态平稳,风险等级：低
pjxuqwbj705,-0.2618,画像状态：学习状态平稳,风险等级：低
pjxyqxbk615,-0.2618,画像状态：学习状态平稳,风险等级：低
pjxyqwbj977,-0.2618,画像状态：学习状态平稳,风险等级：低
pjxyqwbj130,-0.2618,画像状态：学习状态平稳,风险等级：低
pjxyqxbj749,-0.2618,画像状态：学习状态平稳,风险等级：低
pjwtqxbj933,-0.2619,画像状态：学习状态平稳,风险等级：低
pjxyqxbk601,-0.2619,画像状态：学习状态平稳,风险等级：低
pjxyqwbj946,-0.262,画像状态：学习状态平稳,风险等级：低
pjxyqwbj225,-0.262,画像状态：学习状态平稳,风险等级：低
pjxuqwbj511,-0.262,画像状态：学习状态平稳,风险等级：低
pjwrqxbj884,-0.262,画像状态：学习状态平稳,风险等级：低
pjxyqxbl905,-0.262,画像状态：学习状态平稳,风险等级：低
pjwtqxbj947,-0.262,画像状态：学习状态平稳,风险等级：低
pjxyqwbj540,-0.262,画像状态：学习状态平稳,风险等级：低
pjxyqxbj240,-0.2621,画像状态：学习状态平稳,风险等级：低
pjxyqxbj352,-0.2621,画像状态：学习状态平稳,风险等级：低
pjxuqwbj770,-0.2621,画像状态：学习状态平稳,风险等级：低
pjxsqxbj821,-0.2621,画像状态：学习状态平稳,风险等级：低
pjxyqxbk853,-0.2622,画像状态：学习状态平稳,风险等级：低
pjxuqwbj658,-0.2622,画像状态：学习状态平稳,风险等级：低
pjxyqxbl817,-0.2622,画像状态：学习状态平稳,风险等级：低
pjxyqxbl751,-0.2623,画像状态：学习状态平稳,风险等级：低
pjxyqxbl825,-0.2623,画像状态：学习状态平稳,风险等级：低
pjxyqwbj013,-0.2623,画像状态：学习状态平稳,风险等级：低
pjxyqxbk546,-0.2623,画像状态：学习状态平稳,风险等级：低
pjxqqxbj973,-0.2624,画像状态：学习状态平稳,风险等级：低
pjxyqxbj002,-0.2624,画像状态：学习状态平稳,风险等级：低
pjxxzxbj998,-0.2624,画像状态：学习状态平稳,风险等级：低
pjxyqxbk304,-0.2624,画像状态：学习状态平稳,风险等级：低
pjxyqxbj491,-0.2624,画像状态：学习状态平稳,风险等级：低
pjxyqwbj125,-0.2625,画像状态：学习状态平稳,风险等级：低
pjxxxxbj916,-0.2625,画像状态：学习状态平稳,风险等级：低
pjxrqxbj908,-0.2625,画像状态：学习状态平稳,风险等级：低
pjxpqxbj975,-0.2626,画像状态：学习状态平稳,风险等级：低
pjwtqxbj943,-0.2627,画像状态：学习状态平稳,风险等级：低
pjxyqwbj592,-0.2627,画像状态：学习状态平稳,风险等级：低
pjxyqwbj764,-0.2627,画像状态：学习状态平稳,风险等级：低
pjxyqxbk573,-0.2627,画像状态：学习状态平稳,风险等级：低
pjxyqxbk676,-0.2628,画像状态：学习状态平稳,风险等级：低
pjxyqxbk452,-0.2628,画像状态：学习状态平稳,风险等级：低
pjxsqxbj969,-0.2628,画像状态：学习状态平稳,风险等级：低
pjxyqxbk863,-0.2629,画像状态：学习状态平稳,风险等级：低
pjxqqxbj975,-0.2629,画像状态：学习状态平稳,风险等级：低
pjxuqwbj853,-0.2629,画像状态：学习状态平稳,风险等级：低
pjxqqxbj981,-0.2629,画像状态：学习状态平稳,风险等级：低
pjxyqxbk583,-0.2629,画像状态：学习状态平稳,风险等级：低
pjxyqxbk910,-0.263,画像状态：学习状态平稳,风险等级：低
pjxyqxbk908,-0.263,画像状态：学习状态平稳,风险等级：低
pjxyqwbj769,-0.263,画像状态：学习状态平稳,风险等级：低
pjxyqwbj890,-0.2631,画像状态：学习状态平稳,风险等级：低
pjxyqxbk610,-0.2631,画像状态：学习状态平稳,风险等级：低
pjxyqwbj691,-0.2632,画像状态：学习状态平稳,风险等级：低
pjxyqwbj926,-0.2632,画像状态：学习状态平稳,风险等级：低
pjxyqxbk454,-0.2632,画像状态：学习状态平稳,风险等级：低
pjxyqxbj691,-0.2633,画像状态：学习状态平稳,风险等级：低
pjxqqxbj957,-0.2633,画像状态：学习状态平稳,风险等级：低
pjxyqxbj910,-0.2633,画像状态：学习状态平稳,风险等级：低
pjxyqwbk770,-0.2633,画像状态：学习状态平稳,风险等级：低
pjxyqwbj850,-0.2633,画像状态：学习状态平稳,风险等级：低
pjxyqxbl759,-0.2634,画像状态：学习状态平稳,风险等级：低
pjxyqwbj699,-0.2634,画像状态：学习状态平稳,风险等级：低
pjxsqxbj808,-0.2634,画像状态：学习状态平稳,风险等级：低
pjxyqxbk305,-0.2634,画像状态：学习状态平稳,风险等级：低
pjxyqxbj242,-0.2634,画像状态：学习状态平稳,风险等级：低
pjxyqwbj646,-0.2634,画像状态：学习状态平稳,风险等级：低
pjxyqxbj781,-0.2634,画像状态：学习状态平稳,风险等级：低
pjxyqwbk620,-0.2635,画像状态：学习状态平稳,风险等级：低
pjxyqxbk941,-0.2635,画像状态：学习状态平稳,风险等级：低
pjwrqxbj973,-0.2636,画像状态：学习状态平稳,风险等级：低
pjxyqxbj320,-0.2636,画像状态：学习状态平稳,风险等级：低
pjxyqxbj570,-0.2637,画像状态：学习状态平稳,风险等级：低
pjxyqxbl794,-0.2637,画像状态：学习状态平稳,风险等级：低
pjxrqxbj954,-0.2638,画像状态：学习状态平稳,风险等级：低
pjxyqxbk868,-0.2638,画像状态：学习状态平稳,风险等级：低
pjxyqxbj451,-0.2639,画像状态：学习状态平稳,风险等级：低
pjxyqxbj007,-0.2639,画像状态：学习状态平稳,风险等级：低
pjxyqxbk634,-0.2639,画像状态：学习状态平稳,风险等级：低
pjxyqxbk419,-0.2639,画像状态：学习状态平稳,风险等级：低
pjxyqwbj955,-0.2639,画像状态：学习状态平稳,风险等级：低
pjxyqwbk698,-0.264,画像状态：学习状态平稳,风险等级：低
pjxyqxbj692,-0.264,画像状态：学习状态平稳,风险等级：低
pjxyqwbj049,-0.264,画像状态：学习状态平稳,风险等级：低
pjxuqwbj994,-0.264,画像状态：学习状态平稳,风险等级：低
pjxyqxbj739,-0.264,画像状态：学习状态平稳,风险等级：低
pjxyqwbj403,-0.264,画像状态：学习状态平稳,风险等级：低
pjxyqwbj560,-0.264,画像状态：学习状态平稳,风险等级：低
pjxyqxbl839,-0.2641,画像状态：学习状态平稳,风险等级：低
pjxyqxbl717,-0.2641,画像状态：学习状态平稳,风险等级：低
pjxyqwbj985,-0.2641,画像状态：学习状态平稳,风险等级：低
pjxyqxbk780,-0.2641,画像状态：学习状态平稳,风险等级：低
pjxyqxbj054,-0.2641,画像状态：学习状态平稳,风险等级：低
pjxuqwbj892,-0.2642,画像状态：学习状态平稳,风险等级：低
pjxyqxbk927,-0.2642,画像状态：学习状态平稳,风险等级：低
pjxxzxkj991,-0.2642,画像状态：学习状态平稳,风险等级：低
pjxyqwbj870,-0.2642,画像状态：学习状态平稳,风险等级：低
pjxyqxbj038,-0.2642,画像状态：学习状态平稳,风险等级：低
pjxyqxbj725,-0.2642,画像状态：学习状态平稳,风险等级：低
pjxyqwbj092,-0.2642,画像状态：学习状态平稳,风险等级：低
pjxyqwbk951,-0.2642,画像状态：学习状态平稳,风险等级：低
pjxxxxbj923,-0.2642,画像状态：学习状态平稳,风险等级：低
pjxuqwbj944,-0.2643,画像状态：学习状态平稳,风险等级：低
pjxyqxbl673,-0.2643,画像状态：学习状态平稳,风险等级：低
pjxyqxbk950,-0.2643,画像状态：学习状态平稳,风险等级：低
pjxyqxbl866,-0.2644,画像状态：学习状态平稳,风险等级：低
pjxyqxbj616,-0.2644,画像状态：学习状态平稳,风险等级：低
pjxyqwbj883,-0.2644,画像状态：学习状态平稳,风险等级：低
pjxuqwbj643,-0.2644,画像状态：学习状态平稳,风险等级：低
pjxuqwbj837,-0.2646,画像状态：学习状态平稳,风险等级：低
pjxyqwbj146,-0.2646,画像状态：学习状态平稳,风险等级：低
pjxrqxbj963,-0.2646,画像状态：学习状态平稳,风险等级：低
pjxyqxbk640,-0.2646,画像状态：学习状态平稳,风险等级：低
pjxyqwbj497,-0.2647,画像状态：学习状态平稳,风险等级：低
pjxpqxbj997,-0.2647,画像状态：学习状态平稳,风险等级：低
pjxyqxbk446,-0.2648,画像状态：学习状态平稳,风险等级：低
pjxyqxbk737,-0.2648,画像状态：学习状态平稳,风险等级：低
pjxxxxbj963,-0.2648,画像状态：学习状态平稳,风险等级：低
pjxyqwbj902,-0.2649,画像状态：学习状态平稳,风险等级：低
pjxyqxbj348,-0.2649,画像状态：学习状态平稳,风险等级：低
pjxyqxbk297,-0.2649,画像状态：学习状态平稳,风险等级：低
pjxyqxbj319,-0.2649,画像状态：学习状态平稳,风险等级：低
pjxyqxbj533,-0.2649,画像状态：学习状态平稳,风险等级：低
pjxyqxbk031,-0.2651,画像状态：学习状态平稳,风险等级：低
pjxuqwbj443,-0.2651,画像状态：学习状态平稳,风险等级：低
pjxyqxbj933,-0.2651,画像状态：学习状态平稳,风险等级：低
pjxyqxbj068,-0.2651,画像状态：学习状态平稳,风险等级：低
pjxyqxbj653,-0.2652,画像状态：学习状态平稳,风险等级：低
pjxsqxbj953,-0.2652,画像状态：学习状态平稳,风险等级：低
pjxyqxbl797,-0.2652,画像状态：学习状态平稳,风险等级：低
pjxyqxbl815,-0.2652,画像状态：学习状态平稳,风险等级：低
pjxyqwbj052,-0.2653,画像状态：学习状态平稳,风险等级：低
pjxyqxbj182,-0.2653,画像状态：学习状态平稳,风险等级：低
pjxyqxbk070,-0.2653,画像状态：学习状态平稳,风险等级：低
pjwrqxbj991,-0.2653,画像状态：学习状态平稳,风险等级：低
pjxyqwbj054,-0.2654,画像状态：学习状态平稳,风险等级：低
pjxsqxbj986,-0.2654,画像状态：学习状态平稳,风险等级：低
pjxuqwbj638,-0.2654,画像状态：学习状态平稳,风险等级：低
pjxyqwbj087,-0.2654,画像状态：学习状态平稳,风险等级：低
pjxyqxbk969,-0.2654,画像状态：学习状态平稳,风险等级：低
pjxyqwbj584,-0.2654,画像状态：学习状态平稳,风险等级：低
pjxyqwbj007,-0.2655,画像状态：学习状态平稳,风险等级：低
pjxyqwbk578,-0.2655,画像状态：学习状态平稳,风险等级：低
pjxuqwbj787,-0.2655,画像状态：学习状态平稳,风险等级：低
pjxyqxbk836,-0.2656,画像状态：学习状态平稳,风险等级：低
pjxyqwbj763,-0.2656,画像状态：学习状态平稳,风险等级：低
pjxyqwbj333,-0.2656,画像状态：学习状态平稳,风险等级：低
pjxuqwbj642,-0.2657,画像状态：学习状态平稳,风险等级：低
pjxyqwbj486,-0.2657,画像状态：学习状态平稳,风险等级：低
pjxyqxbk115,-0.2658,画像状态：学习状态平稳,风险等级：低
pjxyqxbk812,-0.2658,画像状态：学习状态平稳,风险等级：低
pjxyqwbj402,-0.2658,画像状态：学习状态平稳,风险等级：低
pjxuqwbj708,-0.2658,画像状态：学习状态平稳,风险等级：低
pjxyqwbj190,-0.2659,画像状态：学习状态平稳,风险等级：低
pjxyqxbj831,-0.2659,画像状态：学习状态平稳,风险等级：低
pjxuqwbj463,-0.2659,画像状态：学习状态平稳,风险等级：低
pjxyqxbj223,-0.2659,画像状态：学习状态平稳,风险等级：低
pjxuzxbj997,-0.2659,画像状态：学习状态平稳,风险等级：低
pjxyqxbj476,-0.2659,画像状态：学习状态平稳,风险等级：低
pjxyqwbj400,-0.2659,画像状态：学习状态平稳,风险等级：低
pjxyqxbl945,-0.2659,画像状态：学习状态平稳,风险等级：低
pjxyqxbk731,-0.266,画像状态：学习状态平稳,风险等级：低
pjxyqxbj757,-0.266,画像状态：学习状态平稳,风险等级：低
pjxyqwbj790,-0.2661,画像状态：学习状态平稳,风险等级：低
pjxyqxbj474,-0.2661,画像状态：学习状态平稳,风险等级：低
pjxtztbj985,-0.2661,画像状态：学习状态平稳,风险等级：低
pjxuqwbj606,-0.2661,画像状态：学习状态平稳,风险等级：低
pjxyqxbk971,-0.2661,画像状态：学习状态平稳,风险等级：低
pjxyqwbj873,-0.2662,画像状态：学习状态平稳,风险等级：低
pjxyqxbj583,-0.2662,画像状态：学习状态平稳,风险等级：低
pjxuqwbj479,-0.2663,画像状态：学习状态平稳,风险等级：低
pjxyqxbk604,-0.2663,画像状态：学习状态平稳,风险等级：低
pjxyqxbl742,-0.2664,画像状态：学习状态平稳,风险等级：低
pjxyqxbj753,-0.2664,画像状态：学习状态平稳,风险等级：低
pjxrqxbj901,-0.2664,画像状态：学习状态平稳,风险等级：低
pjxyqxbj048,-0.2664,画像状态：学习状态平稳,风险等级：低
pjxyqwbj552,-0.2664,画像状态：学习状态平稳,风险等级：低
pjwrqxbj911,-0.2665,画像状态：学习状态平稳,风险等级：低
pjxyqxbj679,-0.2665,画像状态：学习状态平稳,风险等级：低
pjxyqxbj682,-0.2665,画像状态：学习状态平稳,风险等级：低
pjxxxxbj957,-0.2665,画像状态：学习状态平稳,风险等级：低
pjxyqwbj288,-0.2665,画像状态：学习状态平稳,风险等级：低
pjxyqxbk199,-0.2666,画像状态：学习状态平稳,风险等级：低
pjxyqxbk307,-0.2666,画像状态：学习状态平稳,风险等级：低
pjxrqxbj942,-0.2666,画像状态：学习状态平稳,风险等级：低
pjxyqwbj958,-0.2666,画像状态：学习状态平稳,风险等级：低
pjxyqxbk370,-0.2666,画像状态：学习状态平稳,风险等级：低
pjxyqwbj509,-0.2666,画像状态：学习状态平稳,风险等级：低
pjxyqwbj425,-0.2667,画像状态：学习状态平稳,风险等级：低
pjxyqxbk531,-0.2667,画像状态：学习状态平稳,风险等级：低
pjxsqxbj811,-0.2667,画像状态：学习状态平稳,风险等级：低
pjxsqxbj840,-0.2668,画像状态：学习状态平稳,风险等级：低
pjxyqwbj430,-0.2668,画像状态：学习状态平稳,风险等级：低
pjxuqwbj917,-0.2668,画像状态：学习状态平稳,风险等级：低
pjxyqxbj991,-0.2669,画像状态：学习状态平稳,风险等级：低
pjxyqwbj748,-0.2669,画像状态：学习状态平稳,风险等级：低
pjxyqxbj253,-0.2669,画像状态：学习状态平稳,风险等级：低
pjxuqwbj583,-0.2669,画像状态：学习状态平稳,风险等级：低
pjxyqxbj187,-0.2669,画像状态：学习状态平稳,风险等级：低
pjxyqxbk746,-0.2669,画像状态：学习状态平稳,风险等级：低
pjxyqxbj586,-0.267,画像状态：学习状态平稳,风险等级：低
pjxyqwbk799,-0.267,画像状态：学习状态平稳,风险等级：低
pjxyqxbj876,-0.267,画像状态：学习状态平稳,风险等级：低
pjxyqxbj733,-0.267,画像状态：学习状态平稳,风险等级：低
pjxxztfj995,-0.267,画像状态：学习状态平稳,风险等级：低
pjxpqxbj930,-0.2671,画像状态：学习状态平稳,风险等级：低
pjxyqwbj002,-0.2671,画像状态：学习状态平稳,风险等级：低
pjxyqxbk606,-0.2671,画像状态：学习状态平稳,风险等级：低
pjxuqwbj726,-0.2671,画像状态：学习状态平稳,风险等级：低
pjxyqxbl808,-0.2671,画像状态：学习状态平稳,风险等级：低
pjxyqwbj939,-0.2672,画像状态：学习状态平稳,风险等级：低
pjxuqwbj552,-0.2672,画像状态：学习状态平稳,风险等级：低
pjxyqwbj914,-0.2672,画像状态：学习状态平稳,风险等级：低
pjxyqxbj861,-0.2672,画像状态：学习状态平稳,风险等级：低
pjxyqxbj094,-0.2672,画像状态：学习状态平稳,风险等级：低
pjxyqxbk918,-0.2672,画像状态：学习状态平稳,风险等级：低
pjxyqxbj027,-0.2673,画像状态：学习状态平稳,风险等级：低
pjxyqxbk125,-0.2673,画像状态：学习状态平稳,风险等级：低
pjxqqxbj947,-0.2673,画像状态：学习状态平稳,风险等级：低
pjxxxxbj901,-0.2673,画像状态：学习状态平稳,风险等级：低
pjwrqxbj898,-0.2673,画像状态：学习状态平稳,风险等级：低
pjxyqwbk772,-0.2673,画像状态：学习状态平稳,风险等级：低
pjxyqxbk987,-0.2673,画像状态：学习状态平稳,风险等级：低
pjxwxxbj967,-0.2674,画像状态：学习状态平稳,风险等级：低
pjxrqxbj898,-0.2674,画像状态：学习状态平稳,风险等级：低
pjxyqxbl714,-0.2674,画像状态：学习状态平稳,风险等级：低
pjxsqxbj984,-0.2674,画像状态：学习状态平稳,风险等级：低
pjxyqwbj849,-0.2675,画像状态：学习状态平稳,风险等级：低
pjxtzxfj986,-0.2675,画像状态：学习状态平稳,风险等级：低
pjxyqwbj488,-0.2675,画像状态：学习状态平稳,风险等级：低
pjxvztfj976,-0.2675,画像状态：学习状态平稳,风险等级：低
pjxyqxbk149,-0.2675,画像状态：学习状态平稳,风险等级：低
pjxyqxbj898,-0.2675,画像状态：学习状态平稳,风险等级：低
pjxxxxbj944,-0.2675,画像状态：学习状态平稳,风险等级：低
pjxsqxbj882,-0.2675,画像状态：学习状态平稳,风险等级：低
pjxsqxbj764,-0.2676,画像状态：学习状态平稳,风险等级：低
pjxyqxbj419,-0.2676,画像状态：学习状态平稳,风险等级：低
pjxyqwbj793,-0.2676,画像状态：学习状态平稳,风险等级：低
pjxyqwbj347,-0.2676,画像状态：学习状态平稳,风险等级：低
pjxyqxbk063,-0.2677,画像状态：学习状态平稳,风险等级：低
pjxyqxbk351,-0.2677,画像状态：学习状态平稳,风险等级：低
pjxsqxbj962,-0.2677,画像状态：学习状态平稳,风险等级：低
pjwrqxbj965,-0.2677,画像状态：学习状态平稳,风险等级：低
pjxyqxbk553,-0.2677,画像状态：学习状态平稳,风险等级：低
pjxyqxbl878,-0.2677,画像状态：学习状态平稳,风险等级：低
pjxyqxbj154,-0.2677,画像状态：学习状态平稳,风险等级：低
pjxuqwbj565,-0.2678,画像状态：学习状态平稳,风险等级：低
pjxwzxbj988,-0.2678,画像状态：学习状态平稳,风险等级：低
pjxwzxfj993,-0.2678,画像状态：学习状态平稳,风险等级：低
pjxyqxbk661,-0.2678,画像状态：学习状态平稳,风险等级：低
pjxtztbj990,-0.2678,画像状态：学习状态平稳,风险等级：低
pjxvztfj974,-0.2678,画像状态：学习状态平稳,风险等级：低
pjxuqwbj497,-0.2679,画像状态：学习状态平稳,风险等级：低
pjxyqwbj321,-0.2679,画像状态：学习状态平稳,风险等级：低
pjxpqxbj937,-0.268,画像状态：学习状态平稳,风险等级：低
pjxuqwbj784,-0.268,画像状态：学习状态平稳,风险等级：低
pjxuqwbj735,-0.268,画像状态：学习状态平稳,风险等级：低
pjxyqwbj396,-0.268,画像状态：学习状态平稳,风险等级：低
pjxyqwbj665,-0.268,画像状态：学习状态平稳,风险等级：低
pjxyqxbj577,-0.2681,画像状态：学习状态平稳,风险等级：低
pjxuqwbj778,-0.2681,画像状态：学习状态平稳,风险等级：低
pjxyqxbj305,-0.2681,画像状态：学习状态平稳,风险等级：低
pjxyqxbk469,-0.2681,画像状态：学习状态平稳,风险等级：低
pjxyqwbj907,-0.2681,画像状态：学习状态平稳,风险等级：低
pjxvzrfj981,-0.2681,画像状态：学习状态平稳,风险等级：低
pjxyqwbk756,-0.2682,画像状态：学习状态平稳,风险等级：低
pjxwzxkj998,-0.2682,画像状态：学习状态平稳,风险等级：低
pjxyqxbk958,-0.2682,画像状态：学习状态平稳,风险等级：低
pjxwzxfj991,-0.2682,画像状态：学习状态平稳,风险等级：低
pjxyqwbj232,-0.2682,画像状态：学习状态平稳,风险等级：低
pjxxxxbj930,-0.2682,画像状态：学习状态平稳,风险等级：低
pjxyqxbj961,-0.2683,画像状态：学习状态平稳,风险等级：低
pjxxzxkj998,-0.2683,画像状态：学习状态平稳,风险等级：低
pjxsqxbj777,-0.2683,画像状态：学习状态平稳,风险等级：低
pjxyqxbk644,-0.2683,画像状态：学习状态平稳,风险等级：低
pjxyqwbj428,-0.2683,画像状态：学习状态平稳,风险等级：低
pjxyqwbj557,-0.2683,画像状态：学习状态平稳,风险等级：低
pjxyqxbk403,-0.2683,画像状态：学习状态平稳,风险等级：低
pjxyqxbk257,-0.2684,画像状态：学习状态平稳,风险等级：低
pjxyqxbj952,-0.2684,画像状态：学习状态平稳,风险等级：低
pjxyqxbk524,-0.2684,画像状态：学习状态平稳,风险等级：低
pjxyqxbj485,-0.2684,画像状态：学习状态平稳,风险等级：低
pjxyqwbj991,-0.2684,画像状态：学习状态平稳,风险等级：低
pjxyqxbj371,-0.2684,画像状态：学习状态平稳,风险等级：低
pjxuqwbj687,-0.2685,画像状态：学习状态平稳,风险等级：低
pjxyqwbk993,-0.2685,画像状态：学习状态平稳,风险等级：低
pjwrqxbj932,-0.2685,画像状态：学习状态平稳,风险等级：低
pjxyqxbj422,-0.2685,画像状态：学习状态平稳,风险等级：低
pjxyqxbj599,-0.2686,画像状态：学习状态平稳,风险等级：低
pjxyqxbk194,-0.2686,画像状态：学习状态平稳,风险等级：低
pjxyqxbk023,-0.2686,画像状态：学习状态平稳,风险等级：低
pjxyqxbl911,-0.2687,画像状态：学习状态平稳,风险等级：低
pjxyqxbk590,-0.2687,画像状态：学习状态平稳,风险等级：低
pjxyqxbk962,-0.2687,画像状态：学习状态平稳,风险等级：低
pjxyqxbj074,-0.2688,画像状态：学习状态平稳,风险等级：低
pjxyqxbj105,-0.2688,画像状态：学习状态平稳,风险等级：低
pjxyqwbj155,-0.2688,画像状态：学习状态平稳,风险等级：低
pjxrqxbj947,-0.2688,画像状态：学习状态平稳,风险等级：低
pjxyqxbk369,-0.2688,画像状态：学习状态平稳,风险等级：低
pjxyqxbj687,-0.2688,画像状态：学习状态平稳,风险等级：低
pjxuqwbj955,-0.2688,画像状态：学习状态平稳,风险等级：低
pjxuzxbj986,-0.2689,画像状态：学习状态平稳,风险等级：低
pjxyqwbj069,-0.2689,画像状态：学习状态平稳,风险等级：低
pjxwxxbj946,-0.2689,画像状态：学习状态平稳,风险等级：低
pjxyqxbl747,-0.2689,画像状态：学习状态平稳,风险等级：低
pjxyqxbk086,-0.2689,画像状态：学习状态平稳,风险等级：低
pjxyqxbk228,-0.2689,画像状态：学习状态平稳,风险等级：低
pjxyqxbj400,-0.269,画像状态：学习状态平稳,风险等级：低
pjxyqwbj917,-0.269,画像状态：学习状态平稳,风险等级：低
pjxyqxbj566,-0.269,画像状态：学习状态平稳,风险等级：低
pjxyqxbj589,-0.269,画像状态：学习状态平稳,风险等级：低
pjxsqxbj941,-0.269,画像状态：学习状态平稳,风险等级：低
pjxyqwbj825,-0.269,画像状态：学习状态平稳,风险等级：低
pjxxxxbj941,-0.269,画像状态：学习状态平稳,风险等级：低
pjxyqwbj072,-0.269,画像状态：学习状态平稳,风险等级：低
pjxyqxbj065,-0.269,画像状态：学习状态平稳,风险等级：低
pjxyqxbl826,-0.269,画像状态：学习状态平稳,风险等级：低
pjwrqxbj948,-0.269,画像状态：学习状态平稳,风险等级：低
pjxwxxbj970,-0.269,画像状态：学习状态平稳,风险等级：低
pjxxzxkj987,-0.269,画像状态：学习状态平稳,风险等级：低
pjxyqwbk638,-0.269,画像状态：学习状态平稳,风险等级：低
pjxyqxbj397,-0.2691,画像状态：学习状态平稳,风险等级：低
pjxyqxbk068,-0.2691,画像状态：学习状态平稳,风险等级：低
pjxuqwbj723,-0.2691,画像状态：学习状态平稳,风险等级：低
pjxyqxbk428,-0.2691,画像状态：学习状态平稳,风险等级：低
pjxyqxbj703,-0.2691,画像状态：学习状态平稳,风险等级：低
pjxxxxbj942,-0.2692,画像状态：学习状态平稳,风险等级：低
pjwrqxbj916,-0.2692,画像状态：学习状态平稳,风险等级：低
pjxyqxbk991,-0.2692,画像状态：学习状态平稳,风险等级：低
pjxyqxbj150,-0.2693,画像状态：学习状态平稳,风险等级：低
pjxuqwbj558,-0.2693,画像状态：学习状态平稳,风险等级：低
pjxyqxbk995,-0.2694,画像状态：学习状态平稳,风险等级：低
pjxyqwbj344,-0.2694,画像状态：学习状态平稳,风险等级：低
pjxuqwbj806,-0.2694,画像状态：学习状态平稳,风险等级：低
pjxyqxbk474,-0.2695,画像状态：学习状态平稳,风险等级：低
pjxyqwbj585,-0.2695,画像状态：学习状态平稳,风险等级：低
pjxyqxbj907,-0.2695,画像状态：学习状态平稳,风险等级：低
pjxyqxbk066,-0.2695,画像状态：学习状态平稳,风险等级：低
pjxyqxbj594,-0.2695,画像状态：学习状态平稳,风险等级：低
pjxyqxbk242,-0.2696,画像状态：学习状态平稳,风险等级：低
pjxuqwbj848,-0.2696,画像状态：学习状态平稳,风险等级：低
pjxyqxbk090,-0.2696,画像状态：学习状态平稳,风险等级：低
pjwrqxbj945,-0.2696,画像状态：学习状态平稳,风险等级：低
pjxyqxbj008,-0.2696,画像状态：学习状态平稳,风险等级：低
pjxyqxbk551,-0.2697,画像状态：学习状态平稳,风险等级：低
pjxyqxbk160,-0.2697,画像状态：学习状态平稳,风险等级：低
pjxyqxbk905,-0.2697,画像状态：学习状态平稳,风险等级：低
pjxyqxbk457,-0.2697,画像状态：学习状态平稳,风险等级：低
pjxyqxbj241,-0.2697,画像状态：学习状态平稳,风险等级：低
pjxyqxbk791,-0.2697,画像状态：学习状态平稳,风险等级：低
pjxuqwbj679,-0.2697,画像状态：学习状态平稳,风险等级：低
pjxyqxbl993,-0.2697,画像状态：学习状态平稳,风险等级：低
pjxyqxbk121,-0.2697,画像状态：学习状态平稳,风险等级：低
pjxuqwbj529,-0.2697,画像状态：学习状态平稳,风险等级：低
pjxyqxbk198,-0.2697,画像状态：学习状态平稳,风险等级：低
pjxyqxbj772,-0.2697,画像状态：学习状态平稳,风险等级：低
pjxyqxbj554,-0.2698,画像状态：学习状态平稳,风险等级：低
pjxuqwbj588,-0.2698,画像状态：学习状态平稳,风险等级：低
pjxxzxkj983,-0.2698,画像状态：学习状态平稳,风险等级：低
pjxyqxbj417,-0.2698,画像状态：学习状态平稳,风险等级：低
pjxyqxbj279,-0.2698,画像状态：学习状态平稳,风险等级：低
pjxyqwbk603,-0.2698,画像状态：学习状态平稳,风险等级：低
pjxpqxbj924,-0.2699,画像状态：学习状态平稳,风险等级：低
pjxyqwbk830,-0.2699,画像状态：学习状态平稳,风险等级：低
pjxvztfj990,-0.2699,画像状态：学习状态平稳,风险等级：低
pjxpqxbj985,-0.2699,画像状态：学习状态平稳,风险等级：低
pjxvztfj980,-0.2699,画像状态：学习状态平稳,风险等级：低
pjxvzrfj978,-0.2699,画像状态：学习状态平稳,风险等级：低
pjxtzxfj978,-0.2699,画像状态：学习状态平稳,风险等级：低
pjxuqwbj731,-0.27,画像状态：学习状态平稳,风险等级：低
pjxyqxbk224,-0.27,画像状态：学习状态平稳,风险等级：低
pjxyqxbj159,-0.27,画像状态：学习状态平稳,风险等级：低
pjxyqxbl724,-0.2701,画像状态：学习状态平稳,风险等级：低
pjxuqwbj547,-0.2701,画像状态：学习状态平稳,风险等级：低
pjxyqwbk808,-0.2701,画像状态：学习状态平稳,风险等级：低
pjxyqxbj771,-0.2701,画像状态：学习状态平稳,风险等级：低
pjxsqxbj800,-0.2701,画像状态：学习状态平稳,风险等级：低
pjxyqwbj928,-0.2701,画像状态：学习状态平稳,风险等级：低
pjxyqxbk382,-0.2701,画像状态：学习状态平稳,风险等级：低
pjxyqxbk329,-0.2701,画像状态：学习状态平稳,风险等级：低
pjxyqxbj559,-0.2701,画像状态：学习状态平稳,风险等级：低
pjxyqxbk021,-0.2701,画像状态：学习状态平稳,风险等级：低
pjxyqxbj333,-0.2702,画像状态：学习状态平稳,风险等级：低
pjxyqwbj116,-0.2702,画像状态：学习状态平稳,风险等级：低
pjxpqxbj911,-0.2702,画像状态：学习状态平稳,风险等级：低
pjxyqxbk655,-0.2702,画像状态：学习状态平稳,风险等级：低
pjwrqxbj919,-0.2702,画像状态：学习状态平稳,风险等级：低
pjxyqxbk846,-0.2702,画像状态：学习状态平稳,风险等级：低
pjxyqxbk358,-0.2702,画像状态：学习状态平稳,风险等级：低
pjxyqxbj580,-0.2702,画像状态：学习状态平稳,风险等级：低
pjxqqxbj970,-0.2702,画像状态：学习状态平稳,风险等级：低
pjxuqwbj850,-0.2703,画像状态：学习状态平稳,风险等级：低
pjxyqxbk302,-0.2703,画像状态：学习状态平稳,风险等级：低
pjxyqxbj871,-0.2703,画像状态：学习状态平稳,风险等级：低
pjxxxxbj914,-0.2703,画像状态：学习状态平稳,风险等级：低
pjxyqwbk755,-0.2704,画像状态：学习状态平稳,风险等级：低
pjxuqwbj714,-0.2704,画像状态：学习状态平稳,风险等级：低
pjxyqwbk581,-0.2704,画像状态：学习状态平稳,风险等级：低
pjwtqxbj977,-0.2704,画像状态：学习状态平稳,风险等级：低
pjxyqwbj351,-0.2705,画像状态：学习状态平稳,风险等级：低
pjxyqwbj073,-0.2705,画像状态：学习状态平稳,风险等级：低
pjxyqxbl965,-0.2705,画像状态：学习状态平稳,风险等级：低
pjxyqxbk841,-0.2705,画像状态：学习状态平稳,风险等级：低
pjxyqxbj195,-0.2706,画像状态：学习状态平稳,风险等级：低
pjxyqxbk783,-0.2706,画像状态：学习状态平稳,风险等级：低
pjxyqxbk854,-0.2706,画像状态：学习状态平稳,风险等级：低
pjxyqxbj355,-0.2706,画像状态：学习状态平稳,风险等级：低
pjxyqxbj237,-0.2706,画像状态：学习状态平稳,风险等级：低
pjxyqwbj839,-0.2706,画像状态：学习状态平稳,风险等级：低
pjxuzxbj984,-0.2706,画像状态：学习状态平稳,风险等级：低
pjxyqxbj765,-0.2706,画像状态：学习状态平稳,风险等级：低
pjxyqxbj823,-0.2706,画像状态：学习状态平稳,风险等级：低
pjxuqwbj952,-0.2707,画像状态：学习状态平稳,风险等级：低
pjxyqxbj984,-0.2707,画像状态：学习状态平稳,风险等级：低
pjxuqwbj631,-0.2707,画像状态：学习状态平稳,风险等级：低
pjxyqxbk391,-0.2707,画像状态：学习状态平稳,风险等级：低
pjxyqxbj686,-0.2707,画像状态：学习状态平稳,风险等级：低
pjxyqxbj815,-0.2708,画像状态：学习状态平稳,风险等级：低
pjxyqxbl913,-0.2708,画像状态：学习状态平稳,风险等级：低
pjxyqxbj217,-0.2708,画像状态：学习状态平稳,风险等级：低
pjxyqxbl806,-0.2708,画像状态：学习状态平稳,风险等级：低
pjxpqxbj986,-0.2708,画像状态：学习状态平稳,风险等级：低
pjxuzsfj988,-0.2708,画像状态：学习状态平稳,风险等级：低
pjxyqwbj293,-0.2708,画像状态：学习状态平稳,风险等级：低
pjxyqwbj397,-0.2708,画像状态：学习状态平稳,风险等级：低
pjxuqwbj767,-0.2708,画像状态：学习状态平稳,风险等级：低
pjxyqxbj403,-0.2708,画像状态：学习状态平稳,风险等级：低
pjxyqxbk742,-0.2709,画像状态：学习状态平稳,风险等级：低
pjxyqxbj301,-0.2709,画像状态：学习状态平稳,风险等级：低
pjxyqxbj035,-0.2709,画像状态：学习状态平稳,风险等级：低
pjxyqxbj039,-0.2709,画像状态：学习状态平稳,风险等级：低
pjxyqxbk803,-0.2709,画像状态：学习状态平稳,风险等级：低
pjxyqxbj280,-0.2709,画像状态：学习状态平稳,风险等级：低
pjxuqwbj873,-0.271,画像状态：学习状态平稳,风险等级：低
pjxyqxbj392,-0.271,画像状态：学习状态平稳,风险等级：低
pjxyqxbj327,-0.271,画像状态：学习状态平稳,风险等级：低
pjxyqxbj862,-0.271,画像状态：学习状态平稳,风险等级：低
pjxyqwbk605,-0.271,画像状态：学习状态平稳,风险等级：低
pjxyqxbl704,-0.271,画像状态：学习状态平稳,风险等级：低
pjxyqxbj379,-0.271,画像状态：学习状态平稳,风险等级：低
pjxyqwbk694,-0.2711,画像状态：学习状态平稳,风险等级：低
pjxyqxbl727,-0.2712,画像状态：学习状态平稳,风险等级：低
pjxyqxbk147,-0.2712,画像状态：学习状态平稳,风险等级：低
pjxuqwbj878,-0.2712,画像状态：学习状态平稳,风险等级：低
pjxsqxbj877,-0.2712,画像状态：学习状态平稳,风险等级：低
pjxyqwbk650,-0.2713,画像状态：学习状态平稳,风险等级：低
pjxyqxbk048,-0.2713,画像状态：学习状态平稳,风险等级：低
pjxyqxbj529,-0.2714,画像状态：学习状态平稳,风险等级：低
pjxyqwbj833,-0.2714,画像状态：学习状态平稳,风险等级：低
pjxyqwbj574,-0.2714,画像状态：学习状态平稳,风险等级：低
pjxyqxbj638,-0.2715,画像状态：学习状态平稳,风险等级：低
pjxyqwbk523,-0.2715,画像状态：学习状态平稳,风险等级：低
pjxyqxbj067,-0.2715,画像状态：学习状态平稳,风险等级：低
pjxyqxbl812,-0.2715,画像状态：学习状态平稳,风险等级：低
pjxyqxbk728,-0.2716,画像状态：学习状态平稳,风险等级：低
pjxyqxbl780,-0.2716,画像状态：学习状态平稳,风险等级：低
pjxyqwbj285,-0.2716,画像状态：学习状态平稳,风险等级：低
pjxyqxbl919,-0.2716,画像状态：学习状态平稳,风险等级：低
pjxyqwbk537,-0.2716,画像状态：学习状态平稳,风险等级：低
pjxyqwbj834,-0.2716,画像状态：学习状态平稳,风险等级：低
pjxyqwbj391,-0.2716,画像状态：学习状态平稳,风险等级：低
pjxyqxbl927,-0.2717,画像状态：学习状态平稳,风险等级：低
pjxyqxbk080,-0.2717,画像状态：学习状态平稳,风险等级：低
pjxyqxbk015,-0.2717,画像状态：学习状态平稳,风险等级：低
pjxyqxbk753,-0.2717,画像状态：学习状态平稳,风险等级：低
pjxyqxbj640,-0.2717,画像状态：学习状态平稳,风险等级：低
pjxyqxbk150,-0.2718,画像状态：学习状态平稳,风险等级：低
pjxwxxbj908,-0.2718,画像状态：学习状态平稳,风险等级：低
pjxyqxbl906,-0.2718,画像状态：学习状态平稳,风险等级：低
pjxuzvbj991,-0.2718,画像状态：学习状态平稳,风险等级：低
pjxwxxbj972,-0.2718,画像状态：学习状态平稳,风险等级：低
pjxyqxbl837,-0.2718,画像状态：学习状态平稳,风险等级：低
pjxyqwbj309,-0.2718,画像状态：学习状态平稳,风险等级：低
pjxyqwbj500,-0.2719,画像状态：学习状态平稳,风险等级：低
pjxyqxbl701,-0.2719,画像状态：学习状态平稳,风险等级：低
pjxyqxbj261,-0.272,画像状态：学习状态平稳,风险等级：低
pjxyqxbk201,-0.272,画像状态：学习状态平稳,风险等级：低
pjxxxxbj987,-0.272,画像状态：学习状态平稳,风险等级：低
pjxyqxbj124,-0.272,画像状态：学习状态平稳,风险等级：低
pjxyqwbj053,-0.272,画像状态：学习状态平稳,风险等级：低
pjxyqwbk621,-0.272,画像状态：学习状态平稳,风险等级：低
pjxyqxbk872,-0.272,画像状态：学习状态平稳,风险等级：低
pjxsqxbj885,-0.272,画像状态：学习状态平稳,风险等级：低
pjxrqxbj994,-0.2721,画像状态：学习状态平稳,风险等级：低
pjxyqxbl980,-0.2721,画像状态：学习状态平稳,风险等级：低
pjxsqxbj908,-0.2721,画像状态：学习状态平稳,风险等级：低
pjxyqwbj582,-0.2722,画像状态：学习状态平稳,风险等级：低
pjxyqxbk378,-0.2722,画像状态：学习状态平稳,风险等级：低
pjxyqwbj718,-0.2722,画像状态：学习状态平稳,风险等级：低
pjxyqxbj919,-0.2723,画像状态：学习状态平稳,风险等级：低
pjxyqxbk923,-0.2723,画像状态：学习状态平稳,风险等级：低
pjxyqxbj985,-0.2723,画像状态：学习状态平稳,风险等级：低
pjxyqwbj664,-0.2723,画像状态：学习状态平稳,风险等级：低
pjxyqxbk801,-0.2723,画像状态：学习状态平稳,风险等级：低
pjvyzxbj995,-0.2723,画像状态：学习状态平稳,风险等级：低
pjxyqxbk715,-0.2724,画像状态：学习状态平稳,风险等级：低
pjxyqxbk637,-0.2724,画像状态：学习状态平稳,风险等级：低
pjxuqwbj644,-0.2724,画像状态：学习状态平稳,风险等级：低
pjxyqwbj912,-0.2724,画像状态：学习状态平稳,风险等级：低
pjxyqxbk481,-0.2724,画像状态：学习状态平稳,风险等级：低
pjxpqxbj992,-0.2724,画像状态：学习状态平稳,风险等级：低
pjxyqxbk878,-0.2724,画像状态：学习状态平稳,风险等级：低
pjxuqwbj535,-0.2724,画像状态：学习状态平稳,风险等级：低
pjxyqxbl984,-0.2724,画像状态：学习状态平稳,风险等级：低
pjxyqxbk022,-0.2724,画像状态：学习状态平稳,风险等级：低
pjxyqxbl934,-0.2724,画像状态：学习状态平稳,风险等级：低
pjxyqxbk915,-0.2725,画像状态：学习状态平稳,风险等级：低
pjxxxxbj921,-0.2726,画像状态：学习状态平稳,风险等级：低
pjxyqxbk138,-0.2726,画像状态：学习状态平稳,风险等级：低
pjxyqxbk681,-0.2727,画像状态：学习状态平稳,风险等级：低
pjxwzxbj997,-0.2727,画像状态：学习状态平稳,风险等级：低
pjwtqxbj960,-0.2727,画像状态：学习状态平稳,风险等级：低
pjxuqwbj988,-0.2727,画像状态：学习状态平稳,风险等级：低
pjxyqwbj360,-0.2727,画像状态：学习状态平稳,风险等级：低
pjxuqwbj528,-0.2728,画像状态：学习状态平稳,风险等级：低
pjxvzxbj997,-0.2728,画像状态：学习状态平稳,风险等级：低
pjxsqxbj859,-0.2728,画像状态：学习状态平稳,风险等级：低
pjxyqwbj594,-0.2728,画像状态：学习状态平稳,风险等级：低
pjxyqxbl991,-0.2728,画像状态：学习状态平稳,风险等级：低
pjxyqxbj647,-0.2729,画像状态：学习状态平稳,风险等级：低
pjxyqxbl816,-0.273,画像状态：学习状态平稳,风险等级：低
pjxyqxbj433,-0.273,画像状态：学习状态平稳,风险等级：低
pjxyqxbj066,-0.273,画像状态：学习状态平稳,风险等级：低
pjxyqwbj302,-0.2731,画像状态：学习状态平稳,风险等级：低
pjxuqwbj495,-0.2731,画像状态：学习状态平稳,风险等级：低
pjxyqwbj469,-0.2731,画像状态：学习状态平稳,风险等级：低
pjxyqxbj359,-0.2731,画像状态：学习状态平稳,风险等级：低
pjxyqxbl858,-0.2731,画像状态：学习状态平稳,风险等级：低
pjxyqwbk741,-0.2731,画像状态：学习状态平稳,风险等级：低
pjxyqwbk788,-0.2731,画像状态：学习状态平稳,风险等级：低
pjxyqwbk806,-0.2731,画像状态：学习状态平稳,风险等级：低
pjxpqxbj926,-0.2731,画像状态：学习状态平稳,风险等级：低
pjxuqwbj526,-0.2731,画像状态：学习状态平稳,风险等级：低
pjxyqxbk882,-0.2731,画像状态：学习状态平稳,风险等级：低
pjxyqxbj868,-0.2731,画像状态：学习状态平稳,风险等级：低
pjxyqxbj885,-0.2731,画像状态：学习状态平稳,风险等级：低
pjxyqwbj038,-0.2732,画像状态：学习状态平稳,风险等级：低
pjxyqwbj830,-0.2732,画像状态：学习状态平稳,风险等级：低
pjxyqxbl738,-0.2732,画像状态：学习状态平稳,风险等级：低
pjxuqwbj650,-0.2732,画像状态：学习状态平稳,风险等级：低
pjxqqxbj974,-0.2733,画像状态：学习状态平稳,风险等级：低
pjxyqxbj334,-0.2733,画像状态：学习状态平稳,风险等级：低
pjxyqxbk582,-0.2733,画像状态：学习状态平稳,风险等级：低
pjxyqxbj117,-0.2733,画像状态：学习状态平稳,风险等级：低
pjxuqwbj698,-0.2733,画像状态：学习状态平稳,风险等级：低
pjxyqxbj947,-0.2733,画像状态：学习状态平稳,风险等级：低
pjxyqwbk792,-0.2733,画像状态：学习状态平稳,风险等级：低
pjxyqwbj949,-0.2734,画像状态：学习状态平稳,风险等级：低
pjxuqwbj833,-0.2734,画像状态：学习状态平稳,风险等级：低
pjxyqxbk464,-0.2734,画像状态：学习状态平稳,风险等级：低
pjxuzvbj996,-0.2734,画像状态：学习状态平稳,风险等级：低
pjxyqxbk210,-0.2734,画像状态：学习状态平稳,风险等级：低
pjxyqxbj950,-0.2735,画像状态：学习状态平稳,风险等级：低
pjxyqxbl886,-0.2735,画像状态：学习状态平稳,风险等级：低
pjxyqwbj311,-0.2735,画像状态：学习状态平稳,风险等级：低
pjxyqxbk411,-0.2735,画像状态：学习状态平稳,风险等级：低
pjxuqwbj788,-0.2736,画像状态：学习状态平稳,风险等级：低
pjxyqxbk705,-0.2736,画像状态：学习状态平稳,风险等级：低
pjxuqwbj633,-0.2736,画像状态：学习状态平稳,风险等级：低
pjxyqxbj987,-0.2736,画像状态：学习状态平稳,风险等级：低
pjxyqxbk460,-0.2736,画像状态：学习状态平稳,风险等级：低
pjxuqwbj641,-0.2737,画像状态：学习状态平稳,风险等级：低
pjxuqwbj724,-0.2737,画像状态：学习状态平稳,风险等级：低
pjxuqwbj894,-0.2737,画像状态：学习状态平稳,风险等级：低
pjxyqwbj737,-0.2737,画像状态：学习状态平稳,风险等级：低
pjxyqxbj545,-0.2738,画像状态：学习状态平稳,风险等级：低
pjxwxxbj951,-0.2738,画像状态：学习状态平稳,风险等级：低
pjxyqwbk559,-0.2738,画像状态：学习状态平稳,风险等级：低
pjxyqxbj954,-0.2738,画像状态：学习状态平稳,风险等级：低
pjxyqxbj989,-0.2738,画像状态：学习状态平稳,风险等级：低
pjxyqxbj250,-0.2738,画像状态：学习状态平稳,风险等级：低
pjxuqwbj677,-0.2739,画像状态：学习状态平稳,风险等级：低
pjxyqwbj368,-0.2739,画像状态：学习状态平稳,风险等级：低
pjxuqwbj953,-0.2739,画像状态：学习状态平稳,风险等级：低
pjxyqxbj432,-0.2739,画像状态：学习状态平稳,风险等级：低
pjxyqxbk525,-0.2739,画像状态：学习状态平稳,风险等级：低
pjxsqxbj994,-0.2739,画像状态：学习状态平稳,风险等级：低
pjxpqxbj956,-0.2739,画像状态：学习状态平稳,风险等级：低
pjxyqxbj872,-0.2739,画像状态：学习状态平稳,风险等级：低
pjxyqwbk668,-0.2739,画像状态：学习状态平稳,风险等级：低
pjxyqwbj739,-0.2739,画像状态：学习状态平稳,风险等级：低
pjxyqxbk429,-0.274,画像状态：学习状态平稳,风险等级：低
pjxyqxbj636,-0.274,画像状态：学习状态平稳,风险等级：低
pjxsqxbj790,-0.274,画像状态：学习状态平稳,风险等级：低
pjxyqwbj485,-0.274,画像状态：学习状态平稳,风险等级：低
pjxyqxbl730,-0.274,画像状态：学习状态平稳,风险等级：低
pjxxxxbj988,-0.274,画像状态：学习状态平稳,风险等级：低
pjxyqxbj576,-0.2741,画像状态：学习状态平稳,风险等级：低
pjxyqwbk736,-0.2741,画像状态：学习状态平稳,风险等级：低
pjxyqxbk272,-0.2741,画像状态：学习状态平稳,风险等级：低
pjxxzxkj995,-0.2741,画像状态：学习状态平稳,风险等级：低
pjxwzxkj996,-0.2741,画像状态：学习状态平稳,风险等级：低
pjxsqxbj900,-0.2741,画像状态：学习状态平稳,风险等级：低
pjxyqxbl904,-0.2741,画像状态：学习状态平稳,风险等级：低
pjxuqwbj800,-0.2741,画像状态：学习状态平稳,风险等级：低
pjxyqxbj973,-0.2742,画像状态：学习状态平稳,风险等级：低
pjxuqwbj785,-0.2742,画像状态：学习状态平稳,风险等级：低
pjxyqxbl900,-0.2742,画像状态：学习状态平稳,风险等级：低
pjxuqwbj797,-0.2742,画像状态：学习状态平稳,风险等级：低
pjxuqwbj760,-0.2742,画像状态：学习状态平稳,风险等级：低
pjxyqxbj214,-0.2742,画像状态：学习状态平稳,风险等级：低
pjxuqwbj958,-0.2742,画像状态：学习状态平稳,风险等级：低
pjxyqxbk760,-0.2742,画像状态：学习状态平稳,风险等级：低
pjxyqwbj945,-0.2742,画像状态：学习状态平稳,风险等级：低
pjxyqwbj322,-0.2743,画像状态：学习状态平稳,风险等级：低
pjxyqxbj238,-0.2743,画像状态：学习状态平稳,风险等级：低
pjwrqxbj977,-0.2743,画像状态：学习状态平稳,风险等级：低
pjxuqwbj914,-0.2743,画像状态：学习状态平稳,风险等级：低
pjxuqwbj719,-0.2743,画像状态：学习状态平稳,风险等级：低
pjxuqwbj967,-0.2744,画像状态：学习状态平稳,风险等级：低
pjxxzxkj990,-0.2744,画像状态：学习状态平稳,风险等级：低
pjxyqwbk697,-0.2744,画像状态：学习状态平稳,风险等级：低
pjxyqxbj972,-0.2744,画像状态：学习状态平稳,风险等级：低
pjxyqxbk822,-0.2745,画像状态：学习状态平稳,风险等级：低
pjxsqxbj981,-0.2745,画像状态：学习状态平稳,风险等级：低
pjxxxxbj975,-0.2745,画像状态：学习状态平稳,风险等级：低
pjxyqwbk991,-0.2745,画像状态：学习状态平稳,风险等级：低
pjxyqxbk603,-0.2745,画像状态：学习状态平稳,风险等级：低
pjxyqwbj897,-0.2745,画像状态：学习状态平稳,风险等级：低
pjxyqxbj807,-0.2745,画像状态：学习状态平稳,风险等级：低
pjxuqwbj621,-0.2745,画像状态：学习状态平稳,风险等级：低
pjxyqxbj869,-0.2746,画像状态：学习状态平稳,风险等级：低
pjxrqxbj894,-0.2746,画像状态：学习状态平稳,风险等级：低
pjvyzvfj994,-0.2746,画像状态：学习状态平稳,风险等级：低
pjxyqwbj463,-0.2746,画像状态：学习状态平稳,风险等级：低
pjxxxxbj922,-0.2746,画像状态：学习状态平稳,风险等级：低
pjxyqwbj078,-0.2746,画像状态：学习状态平稳,风险等级：低
pjxyqwbj216,-0.2746,画像状态：学习状态平稳,风险等级：低
pjxyqxbj278,-0.2746,画像状态：学习状态平稳,风险等级：低
pjxyqxbl929,-0.2746,画像状态：学习状态平稳,风险等级：低
pjxsqxbj820,-0.2747,画像状态：学习状态平稳,风险等级：低
pjxuqwbj512,-0.2747,画像状态：学习状态平稳,风险等级：低
pjwrqxbj923,-0.2747,画像状态：学习状态平稳,风险等级：低
pjxuqwbj701,-0.2747,画像状态：学习状态平稳,风险等级：低
pjxyqwbj384,-0.2747,画像状态：学习状态平稳,风险等级：低
pjxyqxbj527,-0.2747,画像状态：学习状态平稳,风险等级：低
pjxyqxbj628,-0.2748,画像状态：学习状态平稳,风险等级：低
pjvyzvfj998,-0.2748,画像状态：学习状态平稳,风险等级：低
pjxyqxbk828,-0.2748,画像状态：学习状态平稳,风险等级：低
pjxpqxbj978,-0.2748,画像状态：学习状态平稳,风险等级：低
pjxsqxbj792,-0.2748,画像状态：学习状态平稳,风险等级：低
pjxyqxbk757,-0.2748,画像状态：学习状态平稳,风险等级：低
pjxyqxbl765,-0.2749,画像状态：学习状态平稳,风险等级：低
pjxyqwbk761,-0.2749,画像状态：学习状态平稳,风险等级：低
pjxyqxbj794,-0.2749,画像状态：学习状态平稳,风险等级：低
pjxyqwbj648,-0.2749,画像状态：学习状态平稳,风险等级：低
pjxyqwbj808,-0.2749,画像状态：学习状态平稳,风险等级：低
pjxyqxbk827,-0.2749,画像状态：学习状态平稳,风险等级：低
pjxyqxbl743,-0.275,画像状态：学习状态平稳,风险等级：低
pjxyqxbl876,-0.275,画像状态：学习状态平稳,风险等级：低
pjxyqxbj084,-0.275,画像状态：学习状态平稳,风险等级：低
pjxyqxbj165,-0.275,画像状态：学习状态平稳,风险等级：低
pjxtztbj986,-0.275,画像状态：学习状态平稳,风险等级：低
pjxyqxbj034,-0.2751,画像状态：学习状态平稳,风险等级：低
pjxyqxbj791,-0.2751,画像状态：学习状态平稳,风险等级：低
pjxyqxbk470,-0.2751,画像状态：学习状态平稳,风险等级：低
pjxyqxbk679,-0.2751,画像状态：学习状态平稳,风险等级：低
pjxyqwbk964,-0.2751,画像状态：学习状态平稳,风险等级：低
pjxuqwbj713,-0.2751,画像状态：学习状态平稳,风险等级：低
pjxxzxkj981,-0.2751,画像状态：学习状态平稳,风险等级：低
pjxuqwbj460,-0.2752,画像状态：学习状态平稳,风险等级：低
pjxyqxbj565,-0.2752,画像状态：学习状态平稳,风险等级：低
pjxyqxbj391,-0.2752,画像状态：学习状态平稳,风险等级：低
pjxuqwbj761,-0.2752,画像状态：学习状态平稳,风险等级：低
pjxuqwbj539,-0.2753,画像状态：学习状态平稳,风险等级：低
pjxyqxbj896,-0.2753,画像状态：学习状态平稳,风险等级：低
pjxyqxbk137,-0.2753,画像状态：学习状态平稳,风险等级：低
pjxyqxbj290,-0.2753,画像状态：学习状态平稳,风险等级：低
pjxyqwbj033,-0.2753,画像状态：学习状态平稳,风险等级：低
pjxyqxbj243,-0.2753,画像状态：学习状态平稳,风险等级：低
pjxyqxbj505,-0.2753,画像状态：学习状态平稳,风险等级：低
pjxyqwbk617,-0.2754,画像状态：学习状态平稳,风险等级：低
pjxuqwbj734,-0.2754,画像状态：学习状态平稳,风险等级：低
pjxyqxbk961,-0.2754,画像状态：学习状态平稳,风险等级：低
pjxyqxbj282,-0.2754,画像状态：学习状态平稳,风险等级：低
pjxyqxbk484,-0.2754,画像状态：学习状态平稳,风险等级：低
pjxwzxbj990,-0.2754,画像状态：学习状态平稳,风险等级：低
pjxyqwbj122,-0.2754,画像状态：学习状态平稳,风险等级：低
pjxyqxbk597,-0.2754,画像状态：学习状态平稳,风险等级：低
pjxyqxbl946,-0.2754,画像状态：学习状态平稳,风险等级：低
pjxyqwbj410,-0.2755,画像状态：学习状态平稳,风险等级：低
pjxxxxbj943,-0.2755,画像状态：学习状态平稳,风险等级：低
pjxyqxbk350,-0.2755,画像状态：学习状态平稳,风险等级：低
pjxyqxbj800,-0.2755,画像状态：学习状态平稳,风险等级：低
pjxuqwbj904,-0.2755,画像状态：学习状态平稳,风险等级：低
pjxyqwbj154,-0.2755,画像状态：学习状态平稳,风险等级：低
pjxyqwbj927,-0.2756,画像状态：学习状态平稳,风险等级：低
pjxyqxbj846,-0.2756,画像状态：学习状态平稳,风险等级：低
pjxyqxbj978,-0.2756,画像状态：学习状态平稳,风险等级：低
pjxyqwbj867,-0.2756,画像状态：学习状态平稳,风险等级：低
pjxyqxbj866,-0.2756,画像状态：学习状态平稳,风险等级：低
pjwrqxbj951,-0.2756,画像状态：学习状态平稳,风险等级：低
pjxpqxbj963,-0.2756,画像状态：学习状态平稳,风险等级：低
pjxyqwbj133,-0.2756,画像状态：学习状态平稳,风险等级：低
pjxwzxfj987,-0.2756,画像状态：学习状态平稳,风险等级：低
pjxyqwbj989,-0.2756,画像状态：学习状态平稳,风险等级：低
pjxyqxbk046,-0.2756,画像状态：学习状态平稳,风险等级：低
pjxyqxbl916,-0.2757,画像状态：学习状态平稳,风险等级：低
pjxuqwbj519,-0.2757,画像状态：学习状态平稳,风险等级：低
pjxyqwbj327,-0.2757,画像状态：学习状态平稳,风险等级：低
pjxyqxbj492,-0.2757,画像状态：学习状态平稳,风险等级：低
pjxsqxbj949,-0.2758,画像状态：学习状态平稳,风险等级：低
pjxyqxbl999,-0.2758,画像状态：学习状态平稳,风险等级：低
pjxyqxbk336,-0.2758,画像状态：学习状态平稳,风险等级：低
pjxyqwbj001,-0.2758,画像状态：学习状态平稳,风险等级：低
pjxyqwbk521,-0.2758,画像状态：学习状态平稳,风险等级：低
pjxyqxbk947,-0.2758,画像状态：学习状态平稳,风险等级：低
pjxyqxbj511,-0.2758,画像状态：学习状态平稳,风险等级：低
pjxuqwbj478,-0.2758,画像状态：学习状态平稳,风险等级：低
pjxpqxbj914,-0.2758,画像状态：学习状态平稳,风险等级：低
pjxsqxbj826,-0.2758,画像状态：学习状态平稳,风险等级：低
pjxuqwbj947,-0.2758,画像状态：学习状态平稳,风险等级：低
pjxyqxbj255,-0.2759,画像状态：学习状态平稳,风险等级：低
pjxyqwbj169,-0.2759,画像状态：学习状态平稳,风险等级：低
pjxyqxbl827,-0.2759,画像状态：学习状态平稳,风险等级：低
pjxyqwbk731,-0.276,画像状态：学习状态平稳,风险等级：低
pjxxztbj998,-0.276,画像状态：学习状态平稳,风险等级：低
pjxuqwbj470,-0.276,画像状态：学习状态平稳,风险等级：低
pjxyqwbj209,-0.276,画像状态：学习状态平稳,风险等级：低
pjxyqxbl710,-0.276,画像状态：学习状态平稳,风险等级：低
pjxyqxbk965,-0.276,画像状态：学习状态平稳,风险等级：低
pjxyqwbj022,-0.276,画像状态：学习状态平稳,风险等级：低
pjxyqxbj541,-0.276,画像状态：学习状态平稳,风险等级：低
pjxuqwbj694,-0.276,画像状态：学习状态平稳,风险等级：低
pjxyqxbj439,-0.276,画像状态：学习状态平稳,风险等级：低
pjxyqxbk686,-0.276,画像状态：学习状态平稳,风险等级：低
pjxyqxbk953,-0.2761,画像状态：学习状态平稳,风险等级：低
pjxrqxbj928,-0.2761,画像状态：学习状态平稳,风险等级：低
pjxyqxbj779,-0.2761,画像状态：学习状态平稳,风险等级：低
pjxuqwbj796,-0.2761,画像状态：学习状态平稳,风险等级：低
pjxyqwbj163,-0.2761,画像状态：学习状态平稳,风险等级：低
pjxyqxbk811,-0.2761,画像状态：学习状态平稳,风险等级：低
pjxyqxbl964,-0.2761,画像状态：学习状态平稳,风险等级：低
pjxyqxbk528,-0.2761,画像状态：学习状态平稳,风险等级：低
pjxyqxbk131,-0.2762,画像状态：学习状态平稳,风险等级：低
pjxyqxbj828,-0.2762,画像状态：学习状态平稳,风险等级：低
pjxyqxbk231,-0.2762,画像状态：学习状态平稳,风险等级：低
pjwtqxbj929,-0.2763,画像状态：学习状态平稳,风险等级：低
pjxyqxbj659,-0.2763,画像状态：学习状态平稳,风险等级：低
pjxyqxbl758,-0.2763,画像状态：学习状态平稳,风险等级：低
pjxyqwbj685,-0.2764,画像状态：学习状态平稳,风险等级：低
pjxyqxbj835,-0.2764,画像状态：学习状态平稳,风险等级：低
pjxyqxbk852,-0.2764,画像状态：学习状态平稳,风险等级：低
pjxyqxbj584,-0.2764,画像状态：学习状态平稳,风险等级：低
pjxyqxbj192,-0.2764,画像状态：学习状态平稳,风险等级：低
pjxyqwbj041,-0.2765,画像状态：学习状态平稳,风险等级：低
pjxyqwbk810,-0.2765,画像状态：学习状态平稳,风险等级：低
pjxyqwbk632,-0.2765,画像状态：学习状态平稳,风险等级：低
pjxtztbj996,-0.2765,画像状态：学习状态平稳,风险等级：低
pjxrqxbj972,-0.2765,画像状态：学习状态平稳,风险等级：低
pjxyqxbj454,-0.2765,画像状态：学习状态平稳,风险等级：低
pjxrqxbj911,-0.2765,画像状态：学习状态平稳,风险等级：低
pjxsqxbj942,-0.2765,画像状态：学习状态平稳,风险等级：低
pjxwzxbj993,-0.2765,画像状态：学习状态平稳,风险等级：低
pjxuqwbj666,-0.2766,画像状态：学习状态平稳,风险等级：低
pjxyqxbk935,-0.2766,画像状态：学习状态平稳,风险等级：低
pjxuqwbj962,-0.2766,画像状态：学习状态平稳,风险等级：低
pjxyqxbk899,-0.2766,画像状态：学习状态平稳,风险等级：低
pjxyqwbj348,-0.2766,画像状态：学习状态平稳,风险等级：低
pjxrqxbj918,-0.2766,画像状态：学习状态平稳,风险等级：低
pjxyqxbj760,-0.2766,画像状态：学习状态平稳,风险等级：低
pjxyqwbj305,-0.2766,画像状态：学习状态平稳,风险等级：低
pjxuqwbj449,-0.2767,画像状态：学习状态平稳,风险等级：低
pjxyqxbj395,-0.2767,画像状态：学习状态平稳,风险等级：低
pjxyqxbl684,-0.2767,画像状态：学习状态平稳,风险等级：低
pjxyqxbk535,-0.2767,画像状态：学习状态平稳,风险等级：低
pjxyqwbj050,-0.2767,画像状态：学习状态平稳,风险等级：低
pjxyqxbk098,-0.2768,画像状态：学习状态平稳,风险等级：低
pjxyqxbk067,-0.2768,画像状态：学习状态平稳,风险等级：低
pjxyqwbj369,-0.2768,画像状态：学习状态平稳,风险等级：低
pjxyqxbj795,-0.2768,画像状态：学习状态平稳,风险等级：低
pjxuqwbj717,-0.2768,画像状态：学习状态平稳,风险等级：低
pjxyqxbk543,-0.2768,画像状态：学习状态平稳,风险等级：低
pjxyqxbk848,-0.2768,画像状态：学习状态平稳,风险等级：低
pjxyqwbj993,-0.2768,画像状态：学习状态平稳,风险等级：低
pjxyqxbk880,-0.2768,画像状态：学习状态平稳,风险等级：低
pjxwxxbj914,-0.2769,画像状态：学习状态平稳,风险等级：低
pjxyqwbj366,-0.2769,画像状态：学习状态平稳,风险等级：低
pjxyqxbj840,-0.2769,画像状态：学习状态平稳,风险等级：低
pjwuzxbj992,-0.2769,画像状态：学习状态平稳,风险等级：低
pjxyqxbj012,-0.2769,画像状态：学习状态平稳,风险等级：低
pjxyqxbj578,-0.2769,画像状态：学习状态平稳,风险等级：低
pjxuqwbj691,-0.277,画像状态：学习状态平稳,风险等级：低
pjxyqwbj398,-0.277,画像状态：学习状态平稳,风险等级：低
pjwrqxbj992,-0.277,画像状态：学习状态平稳,风险等级：低
pjxpqxbj920,-0.277,画像状态：学习状态平稳,风险等级：低
pjxyqxbj271,-0.2771,画像状态：学习状态平稳,风险等级：低
pjxxxxbj910,-0.2771,画像状态：学习状态平稳,风险等级：低
pjxwzxkj993,-0.2771,画像状态：学习状态平稳,风险等级：低
pjxyqwbj616,-0.2772,画像状态：学习状态平稳,风险等级：低
pjxyqxbl789,-0.2772,画像状态：学习状态平稳,风险等级：低
pjxyqxbk684,-0.2772,画像状态：学习状态平稳,风险等级：低
pjxyqxbl955,-0.2772,画像状态：学习状态平稳,风险等级：低
pjxyqxbk625,-0.2772,画像状态：学习状态平稳,风险等级：低
pjxpqxbj976,-0.2772,画像状态：学习状态平稳,风险等级：低
pjxyqxbj286,-0.2772,画像状态：学习状态平稳,风险等级：低
pjxyqxbj257,-0.2773,画像状态：学习状态平稳,风险等级：低
pjxqqxbj986,-0.2773,画像状态：学习状态平稳,风险等级：低
pjxyqwbj082,-0.2774,画像状态：学习状态平稳,风险等级：低
pjxyqxbk718,-0.2774,画像状态：学习状态平稳,风险等级：低
pjxyqxbk777,-0.2774,画像状态：学习状态平稳,风险等级：低
pjxyqwbj998,-0.2774,画像状态：学习状态平稳,风险等级：低
pjxuqwbj811,-0.2774,画像状态：学习状态平稳,风险等级：低
pjxsqxbj983,-0.2775,画像状态：学习状态平稳,风险等级：低
pjwrqxbj901,-0.2775,画像状态：学习状态平稳,风险等级：低
pjxyqwbk807,-0.2775,画像状态：学习状态平稳,风险等级：低
pjxxxxbj945,-0.2775,画像状态：学习状态平稳,风险等级：低
pjxyqwbj047,-0.2775,画像状态：学习状态平稳,风险等级：低
pjxyqwbj407,-0.2775,画像状态：学习状态平稳,风险等级：低
pjxqqxbj951,-0.2775,画像状态：学习状态平稳,风险等级：低
pjxuqwbj814,-0.2775,画像状态：学习状态平稳,风险等级：低
pjwrzxbj996,-0.2775,画像状态：学习状态平稳,风险等级：低
pjxyqxbk269,-0.2775,画像状态：学习状态平稳,风险等级：低
pjxyqxbj897,-0.2775,画像状态：学习状态平稳,风险等级：低
pjwrqxbj988,-0.2776,画像状态：学习状态平稳,风险等级：低
pjxsqxbj976,-0.2776,画像状态：学习状态平稳,风险等级：低
pjxyqxbl987,-0.2776,画像状态：学习状态平稳,风险等级：低
pjxyqwbj563,-0.2776,画像状态：学习状态平稳,风险等级：低
pjxyqwbk717,-0.2777,画像状态：学习状态平稳,风险等级：低
pjxyqxbk751,-0.2777,画像状态：学习状态平稳,风险等级：低
pjxyqxbk840,-0.2777,画像状态：学习状态平稳,风险等级：低
pjxyqxbj052,-0.2777,画像状态：学习状态平稳,风险等级：低
pjxyqwbk708,-0.2777,画像状态：学习状态平稳,风险等级：低
pjxyqxbj625,-0.2777,画像状态：学习状态平稳,风险等级：低
pjxyqxbk907,-0.2777,画像状态：学习状态平稳,风险等级：低
pjxyqwbj267,-0.2777,画像状态：学习状态平稳,风险等级：低
pjxyqxbj914,-0.2777,画像状态：学习状态平稳,风险等级：低
pjxyqwbj034,-0.2777,画像状态：学习状态平稳,风险等级：低
pjxuqwbj496,-0.2777,画像状态：学习状态平稳,风险等级：低
pjxuqwbj905,-0.2778,画像状态：学习状态平稳,风险等级：低
pjxyqwbj658,-0.2778,画像状态：学习状态平稳,风险等级：低
pjxyqxbk032,-0.2779,画像状态：学习状态平稳,风险等级：低
pjxyqwbj361,-0.2779,画像状态：学习状态平稳,风险等级：低
pjxyqxbj722,-0.2779,画像状态：学习状态平稳,风险等级：低
pjxyqxbl699,-0.2779,画像状态：学习状态平稳,风险等级：低
pjxyqxbk865,-0.2779,画像状态：学习状态平稳,风险等级：低
pjxuqwbj739,-0.2779,画像状态：学习状态平稳,风险等级：低
pjxyqxbj120,-0.2779,画像状态：学习状态平稳,风险等级：低
pjxyqwbk575,-0.2779,画像状态：学习状态平稳,风险等级：低
pjxyqxbk900,-0.2779,画像状态：学习状态平稳,风险等级：低
pjxyqxbk549,-0.2779,画像状态：学习状态平稳,风险等级：低
pjxyqxbj585,-0.2779,画像状态：学习状态平稳,风险等级：低
pjxyqxbl830,-0.278,画像状态：学习状态平稳,风险等级：低
pjxyqxbj428,-0.278,画像状态：学习状态平稳,风险等级：低
pjxyqxbj465,-0.278,画像状态：学习状态平稳,风险等级：低
pjxyqwbj385,-0.278,画像状态：学习状态平稳,风险等级：低
pjxyqwbj627,-0.278,画像状态：学习状态平稳,风险等级：低
pjwrqxbj935,-0.278,画像状态：学习状态平稳,风险等级：低
pjxuqwbj751,-0.278,画像状态：学习状态平稳,风险等级：低
pjxyqxbj239,-0.278,画像状态：学习状态平稳,风险等级：低
pjxuqwbj585,-0.278,画像状态：学习状态平稳,风险等级：低
pjxyqxbk937,-0.278,画像状态：学习状态平稳,风险等级：低
pjxyqxbk005,-0.278,画像状态：学习状态平稳,风险等级：低
pjxyqxbl925,-0.2781,画像状态：学习状态平稳,风险等级：低
pjwrqxbj926,-0.2781,画像状态：学习状态平稳,风险等级：低
pjxyqxbj088,-0.2781,画像状态：学习状态平稳,风险等级：低
pjxuqwbj571,-0.2781,画像状态：学习状态平稳,风险等级：低
pjxyqxbl970,-0.2781,画像状态：学习状态平稳,风险等级：低
pjxyqwbj876,-0.2781,画像状态：学习状态平稳,风险等级：低
pjxyqxbk075,-0.2781,画像状态：学习状态平稳,风险等级：低
pjxyqwbj315,-0.2781,画像状态：学习状态平稳,风险等级：低
pjxyqxbj519,-0.2781,画像状态：学习状态平稳,风险等级：低
pjxyqwbj577,-0.2781,画像状态：学习状态平稳,风险等级：低
pjxyqxbk506,-0.2781,画像状态：学习状态平稳,风险等级：低
pjxyqwbk967,-0.2781,画像状态：学习状态平稳,风险等级：低
pjxyqwbj554,-0.2782,画像状态：学习状态平稳,风险等级：低
pjxyqxbk144,-0.2782,画像状态：学习状态平稳,风险等级：低
pjxyqxbk011,-0.2782,画像状态：学习状态平稳,风险等级：低
pjxyqxbj273,-0.2782,画像状态：学习状态平稳,风险等级：低
pjxyqxbk855,-0.2782,画像状态：学习状态平稳,风险等级：低
pjxyqwbk584,-0.2782,画像状态：学习状态平稳,风险等级：低
pjxyqxbk105,-0.2782,画像状态：学习状态平稳,风险等级：低
pjxyqxbj139,-0.2783,画像状态：学习状态平稳,风险等级：低
pjxyqxbk733,-0.2783,画像状态：学习状态平稳,风险等级：低
pjxuqwbj507,-0.2783,画像状态：学习状态平稳,风险等级：低
pjxyqxbj575,-0.2783,画像状态：学习状态平稳,风险等级：低
pjxyqxbk943,-0.2783,画像状态：学习状态平稳,风险等级：低
pjxyqxbk167,-0.2783,画像状态：学习状态平稳,风险等级：低
pjxuzxbj987,-0.2783,画像状态：学习状态平稳,风险等级：低
pjxyqwbj548,-0.2783,画像状态：学习状态平稳,风险等级：低
pjxyqwbk604,-0.2784,画像状态：学习状态平稳,风险等级：低
pjxuqwbj974,-0.2784,画像状态：学习状态平稳,风险等级：低
pjxsqxbj801,-0.2784,画像状态：学习状态平稳,风险等级：低
pjxsqxbj944,-0.2784,画像状态：学习状态平稳,风险等级：低
pjxyqxbk343,-0.2784,画像状态：学习状态平稳,风险等级：低
pjxyqxbj728,-0.2784,画像状态：学习状态平稳,风险等级：低
pjxwzxfj977,-0.2784,画像状态：学习状态平稳,风险等级：低
pjxyqxbk059,-0.2784,画像状态：学习状态平稳,风险等级：低
pjxyqwbj278,-0.2784,画像状态：学习状态平稳,风险等级：低
pjxvzxbj989,-0.2784,画像状态：学习状态平稳,风险等级：低
pjxyqwbj016,-0.2784,画像状态：学习状态平稳,风险等级：低
pjxuqwbj527,-0.2784,画像状态：学习状态平稳,风险等级：低
pjxyqxbj345,-0.2784,画像状态：学习状态平稳,风险等级：低
pjxyqxbk826,-0.2784,画像状态：学习状态平稳,风险等级：低
pjxyqxbk700,-0.2784,画像状态：学习状态平稳,风险等级：低
pjxyqxbj405,-0.2784,画像状态：学习状态平稳,风险等级：低
pjxuqwbj485,-0.2784,画像状态：学习状态平稳,风险等级：低
pjxyqxbj524,-0.2785,画像状态：学习状态平稳,风险等级：低
pjxyqxbk503,-0.2785,画像状态：学习状态平稳,风险等级：低
pjxyqxbl793,-0.2785,画像状态：学习状态平稳,风险等级：低
pjxuqwbj925,-0.2785,画像状态：学习状态平稳,风险等级：低
pjxyqwbj223,-0.2785,画像状态：学习状态平稳,风险等级：低
pjxuqwbj647,-0.2786,画像状态：学习状态平稳,风险等级：低
pjxyqxbj225,-0.2786,画像状态：学习状态平稳,风险等级：低
pjxyqxbk276,-0.2786,画像状态：学习状态平稳,风险等级：低
pjxyqxbk163,-0.2786,画像状态：学习状态平稳,风险等级：低
pjxsqxbj982,-0.2786,画像状态：学习状态平稳,风险等级：低
pjxwxxbj964,-0.2787,画像状态：学习状态平稳,风险等级：低
pjxuqwbj477,-0.2787,画像状态：学习状态平稳,风险等级：低
pjxyqxbj460,-0.2787,画像状态：学习状态平稳,风险等级：低
pjxyqwbj640,-0.2787,画像状态：学习状态平稳,风险等级：低
pjxyqwbj452,-0.2788,画像状态：学习状态平稳,风险等级：低
pjxuqwbj996,-0.2788,画像状态：学习状态平稳,风险等级：低
pjxuqwbj618,-0.2788,画像状态：学习状态平稳,风险等级：低
pjxtzxbj997,-0.2788,画像状态：学习状态平稳,风险等级：低
pjxpqxbj957,-0.2788,画像状态：学习状态平稳,风险等级：低
pjxpqxbj973,-0.2788,画像状态：学习状态平稳,风险等级：低
pjxuqwbj488,-0.2788,画像状态：学习状态平稳,风险等级：低
pjxyqwbj031,-0.2788,画像状态：学习状态平稳,风险等级：低
pjxyqxbk209,-0.2788,画像状态：学习状态平稳,风险等级：低
pjxyqwbj531,-0.2788,画像状态：学习状态平稳,风险等级：低
pjxsqxbj940,-0.2789,画像状态：学习状态平稳,风险等级：低
pjxyqwbj084,-0.2789,画像状态：学习状态平稳,风险等级：低
pjxyqxbk934,-0.2789,画像状态：学习状态平稳,风险等级：低
pjxyqxbj927,-0.2789,画像状态：学习状态平稳,风险等级：低
pjxyqxbk135,-0.279,画像状态：学习状态平稳,风险等级：低
pjxyqxbj789,-0.279,画像状态：学习状态平稳,风险等级：低
pjxyqxbj152,-0.279,画像状态：学习状态平稳,风险等级：低
pjxuqwbj928,-0.279,画像状态：学习状态平稳,风险等级：低
pjxyqxbj626,-0.279,画像状态：学习状态平稳,风险等级：低
pjxyqxbj724,-0.279,画像状态：学习状态平稳,风险等级：低
pjxwzxkj991,-0.279,画像状态：学习状态平稳,风险等级：低
pjxyqxbj277,-0.279,画像状态：学习状态平稳,风险等级：低
pjxuqwbj695,-0.279,画像状态：学习状态平稳,风险等级：低
pjxyqwbj487,-0.279,画像状态：学习状态平稳,风险等级：低
pjwrqxbj994,-0.279,画像状态：学习状态平稳,风险等级：低
pjxxztfj972,-0.279,画像状态：学习状态平稳,风险等级：低
pjxsqxbj893,-0.2791,画像状态：学习状态平稳,风险等级：低
pjxyqwbj935,-0.2791,画像状态：学习状态平稳,风险等级：低
pjxuqwbj568,-0.2791,画像状态：学习状态平稳,风险等级：低
pjxyqxbk683,-0.2791,画像状态：学习状态平稳,风险等级：低
pjxyqwbj910,-0.2791,画像状态：学习状态平稳,风险等级：低
pjxyqwbk505,-0.2791,画像状态：学习状态平稳,风险等级：低
pjxyqwbj325,-0.2792,画像状态：学习状态平稳,风险等级：低
pjxyqwbj408,-0.2792,画像状态：学习状态平稳,风险等级：低
pjxyqxbk497,-0.2792,画像状态：学习状态平稳,风险等级：低
pjxyqxbk527,-0.2792,画像状态：学习状态平稳,风险等级：低
pjxuqwbj758,-0.2792,画像状态：学习状态平稳,风险等级：低
pjxyqwbj896,-0.2792,画像状态：学习状态平稳,风险等级：低
pjxuqwbj871,-0.2792,画像状态：学习状态平稳,风险等级：低
pjxyqwbj538,-0.2792,画像状态：学习状态平稳,风险等级：低
pjxyqxbk331,-0.2793,画像状态：学习状态平稳,风险等级：低
pjxwzxkj992,-0.2793,画像状态：学习状态平稳,风险等级：低
pjxwzxbj998,-0.2793,画像状态：学习状态平稳,风险等级：低
pjxyqxbj648,-0.2793,画像状态：学习状态平稳,风险等级：低
pjxyqxbk632,-0.2793,画像状态：学习状态平稳,风险等级：低
pjxyqwbj375,-0.2793,画像状态：学习状态平稳,风险等级：低
pjxyqxbj370,-0.2793,画像状态：学习状态平稳,风险等级：低
pjxyqxbj174,-0.2793,画像状态：学习状态平稳,风险等级：低
pjxyqxbj024,-0.2793,画像状态：学习状态平稳,风险等级：低
pjxyqxbk426,-0.2793,画像状态：学习状态平稳,风险等级：低
pjxyqxbj064,-0.2793,画像状态：学习状态平稳,风险等级：低
pjxyqxbk434,-0.2794,画像状态：学习状态平稳,风险等级：低
pjxyqxbl774,-0.2794,画像状态：学习状态平稳,风险等级：低
pjxuqwbj536,-0.2794,画像状态：学习状态平稳,风险等级：低
pjxyqxbk598,-0.2794,画像状态：学习状态平稳,风险等级：低
pjwrqxbj920,-0.2794,画像状态：学习状态平稳,风险等级：低
pjxyqxbj714,-0.2795,画像状态：学习状态平稳,风险等级：低
pjxyqxbl953,-0.2796,画像状态：学习状态平稳,风险等级：低
pjxyqxbk519,-0.2796,画像状态：学习状态平稳,风险等级：低
pjxyqwbj923,-0.2796,画像状态：学习状态平稳,风险等级：低
pjxyqxbl736,-0.2796,画像状态：学习状态平稳,风险等级：低
pjwrqxbj955,-0.2796,画像状态：学习状态平稳,风险等级：低
pjxyqxbk290,-0.2796,画像状态：学习状态平稳,风险等级：低
pjxuqwbj857,-0.2796,画像状态：学习状态平稳,风险等级：低
pjxyqxbj964,-0.2796,画像状态：学习状态平稳,风险等级：低
pjxyqwbj789,-0.2796,画像状态：学习状态平稳,风险等级：低
pjxwzxbj987,-0.2797,画像状态：学习状态平稳,风险等级：低
pjxyqxbj832,-0.2797,画像状态：学习状态平稳,风险等级：低
pjxyqxbk547,-0.2797,画像状态：学习状态平稳,风险等级：低
pjxyqwbk724,-0.2797,画像状态：学习状态平稳,风险等级：低
pjxyqwbk713,-0.2797,画像状态：学习状态平稳,风险等级：低
pjxyqxbj399,-0.2797,画像状态：学习状态平稳,风险等级：低
pjxuqwbj445,-0.2797,画像状态：学习状态平稳,风险等级：低
pjwrqxbj913,-0.2798,画像状态：学习状态平稳,风险等级：低
pjxsqxbj922,-0.2798,画像状态：学习状态平稳,风险等级：低
pjxyqxbj574,-0.2798,画像状态：学习状态平稳,风险等级：低
pjxyqxbk562,-0.2798,画像状态：学习状态平稳,风险等级：低
pjxyqxbj049,-0.2798,画像状态：学习状态平稳,风险等级：低
pjxyqxbk926,-0.2799,画像状态：学习状态平稳,风险等级：低
pjxyqwbj409,-0.2799,画像状态：学习状态平稳,风险等级：低
pjxuqwbj468,-0.28,画像状态：学习状态平稳,风险等级：低
pjxyqxbk444,-0.28,画像状态：学习状态平稳,风险等级：低
pjxxxxbj970,-0.28,画像状态：学习状态平稳,风险等级：低
pjxyqxbk567,-0.28,画像状态：学习状态平稳,风险等级：低
pjxyqxbk318,-0.28,画像状态：学习状态平稳,风险等级：低
pjxyqwbj245,-0.28,画像状态：学习状态平稳,风险等级：低
pjxyqxbk232,-0.28,画像状态：学习状态平稳,风险等级：低
pjxyqxbj812,-0.2801,画像状态：学习状态平稳,风险等级：低
pjxyqwbj796,-0.2801,画像状态：学习状态平稳,风险等级：低
pjxyqxbk148,-0.2802,画像状态：学习状态平稳,风险等级：低
pjwrqxbj974,-0.2802,画像状态：学习状态平稳,风险等级：低
pjxyqxbk951,-0.2802,画像状态：学习状态平稳,风险等级：低
pjxyqxbk442,-0.2802,画像状态：学习状态平稳,风险等级：低
pjxyqxbk779,-0.2802,画像状态：学习状态平稳,风险等级：低
pjxyqwbk813,-0.2802,画像状态：学习状态平稳,风险等级：低
pjxyqxbk795,-0.2802,画像状态：学习状态平稳,风险等级：低
pjxuqwbj721,-0.2802,画像状态：学习状态平稳,风险等级：低
pjxwxxbj963,-0.2803,画像状态：学习状态平稳,风险等级：低
pjxvzxfj970,-0.2803,画像状态：学习状态平稳,风险等级：低
pjxsqxbj787,-0.2803,画像状态：学习状态平稳,风险等级：低
pjxyqxbk513,-0.2803,画像状态：学习状态平稳,风险等级：低
pjxyqwbk923,-0.2803,画像状态：学习状态平稳,风险等级：低
pjxyqxbk316,-0.2803,画像状态：学习状态平稳,风险等级：低
pjxyqwbj944,-0.2803,画像状态：学习状态平稳,风险等级：低
pjxyqwbj602,-0.2804,画像状态：学习状态平稳,风险等级：低
pjxyqwbj622,-0.2804,画像状态：学习状态平稳,风险等级：低
pjxyqxbk389,-0.2804,画像状态：学习状态平稳,风险等级：低
pjxyqwbj869,-0.2804,画像状态：学习状态平稳,风险等级：低
pjxyqxbl821,-0.2805,画像状态：学习状态平稳,风险等级：低
pjxyqxbj144,-0.2805,画像状态：学习状态平稳,风险等级：低
pjxsqxbj816,-0.2805,画像状态：学习状态平稳,风险等级：低
pjxyqwbj785,-0.2805,画像状态：学习状态平稳,风险等级：低
pjxyqxbj443,-0.2805,画像状态：学习状态平稳,风险等级：低
pjxyqxbl757,-0.2806,画像状态：学习状态平稳,风险等级：低
pjxyqxbj040,-0.2806,画像状态：学习状态平稳,风险等级：低
pjxyqxbk263,-0.2807,画像状态：学习状态平稳,风险等级：低
pjxyqxbj569,-0.2807,画像状态：学习状态平稳,风险等级：低
pjxvzxfj972,-0.2807,画像状态：学习状态平稳,风险等级：低
pjwrqxbj980,-0.2807,画像状态：学习状态平稳,风险等级：低
pjxsqxbj998,-0.2807,画像状态：学习状态平稳,风险等级：低
pjxyqxbj060,-0.2807,画像状态：学习状态平稳,风险等级：低
pjwtqxbj922,-0.2807,画像状态：学习状态平稳,风险等级：低
pjxsqxbj844,-0.2807,画像状态：学习状态平稳,风险等级：低
pjxuqwbj673,-0.2807,画像状态：学习状态平稳,风险等级：低
pjxtztbj987,-0.2808,画像状态：学习状态平稳,风险等级：低
pjxyqxbk844,-0.2808,画像状态：学习状态平稳,风险等级：低
pjxyqxbk116,-0.2808,画像状态：学习状态平稳,风险等级：低
pjxuqwbj854,-0.2808,画像状态：学习状态平稳,风险等级：低
pjxuqwbj804,-0.2808,画像状态：学习状态平稳,风险等级：低
pjxyqxbj296,-0.2808,画像状态：学习状态平稳,风险等级：低
pjxyqxbl804,-0.2809,画像状态：学习状态平稳,风险等级：低
pjxyqxbj801,-0.2809,画像状态：学习状态平稳,风险等级：低
pjxsqxbj946,-0.2809,画像状态：学习状态平稳,风险等级：低
pjxuqwbj935,-0.2809,画像状态：学习状态平稳,风险等级：低
pjxyqwbj868,-0.2809,画像状态：学习状态平稳,风险等级：低
pjxuqwbj916,-0.2809,画像状态：学习状态平稳,风险等级：低
pjxyqwbj889,-0.281,画像状态：学习状态平稳,风险等级：低
pjxuqwbj572,-0.281,画像状态：学习状态平稳,风险等级：低
pjxyqxbl921,-0.281,画像状态：学习状态平稳,风险等级：低
pjxyqxbk530,-0.281,画像状态：学习状态平稳,风险等级：低
pjxyqxbk873,-0.281,画像状态：学习状态平稳,风险等级：低
pjxyqwbj632,-0.281,画像状态：学习状态平稳,风险等级：低
pjxyqxbj609,-0.281,画像状态：学习状态平稳,风险等级：低
pjxuqwbj615,-0.281,画像状态：学习状态平稳,风险等级：低
pjxyqxbl739,-0.281,画像状态：学习状态平稳,风险等级：低
pjxyqxbj864,-0.281,画像状态：学习状态平稳,风险等级：低
pjxyqxbk710,-0.281,画像状态：学习状态平稳,风险等级：低
pjxyqwbk538,-0.2811,画像状态：学习状态平稳,风险等级：低
pjxyqxbk614,-0.2811,画像状态：学习状态平稳,风险等级：低
pjxyqwbj924,-0.2811,画像状态：学习状态平稳,风险等级：低
pjxuqwbj699,-0.2811,画像状态：学习状态平稳,风险等级：低
pjxyqxbk171,-0.2811,画像状态：学习状态平稳,风险等级：低
pjxsqxbj823,-0.2811,画像状态：学习状态平稳,风险等级：低
pjxyqxbj015,-0.2811,画像状态：学习状态平稳,风险等级：低
pjxyqxbj657,-0.2812,画像状态：学习状态平稳,风险等级：低
pjxyqwbj611,-0.2812,画像状态：学习状态平稳,风险等级：低
pjxuqwbj584,-0.2812,画像状态：学习状态平稳,风险等级：低
pjxyqxbl716,-0.2812,画像状态：学习状态平稳,风险等级：低
pjxyqxbj148,-0.2812,画像状态：学习状态平稳,风险等级：低
pjxyqxbj484,-0.2812,画像状态：学习状态平稳,风险等级：低
pjxuqwbj930,-0.2812,画像状态：学习状态平稳,风险等级：低
pjxyqwbj062,-0.2813,画像状态：学习状态平稳,风险等级：低
pjxyqwbj261,-0.2813,画像状态：学习状态平稳,风险等级：低
pjxyqxbk595,-0.2813,画像状态：学习状态平稳,风险等级：低
pjxyqxbk047,-0.2813,画像状态：学习状态平稳,风险等级：低
pjxyqxbl989,-0.2813,画像状态：学习状态平稳,风险等级：低
pjxuqwbj748,-0.2813,画像状态：学习状态平稳,风险等级：低
pjxyqxbk328,-0.2813,画像状态：学习状态平稳,风险等级：低
pjxwxxbj905,-0.2813,画像状态：学习状态平稳,风险等级：低
pjxyqwbj185,-0.2814,画像状态：学习状态平稳,风险等级：低
pjxyqxbl767,-0.2814,画像状态：学习状态平稳,风险等级：低
pjxyqxbj082,-0.2814,画像状态：学习状态平稳,风险等级：低
pjxyqxbk281,-0.2814,画像状态：学习状态平稳,风险等级：低
pjxvzxfj998,-0.2814,画像状态：学习状态平稳,风险等级：低
pjxqzxbj973,-0.2814,画像状态：学习状态平稳,风险等级：低
pjxyqxbk869,-0.2814,画像状态：学习状态平稳,风险等级：低
pjxyqwbj674,-0.2814,画像状态：学习状态平稳,风险等级：低
pjxyqxbk330,-0.2814,画像状态：学习状态平稳,风险等级：低
pjxyqxbl988,-0.2814,画像状态：学习状态平稳,风险等级：低
pjxsqxbj925,-0.2815,画像状态：学习状态平稳,风险等级：低
pjxuqwbj745,-0.2815,画像状态：学习状态平稳,风险等级：低
pjxyqxbk867,-0.2815,画像状态：学习状态平稳,风险等级：低
pjxyqxbk388,-0.2815,画像状态：学习状态平稳,风险等级：低
pjxyqxbl781,-0.2815,画像状态：学习状态平稳,风险等级：低
pjxsqxbj772,-0.2815,画像状态：学习状态平稳,风险等级：低
pjxyqxbl891,-0.2815,画像状态：学习状态平稳,风险等级：低
pjxyqwbj340,-0.2815,画像状态：学习状态平稳,风险等级：低
pjxyqxbj829,-0.2815,画像状态：学习状态平稳,风险等级：低
pjxyqwbk999,-0.2815,画像状态：学习状态平稳,风险等级：低
pjxyqxbj698,-0.2816,画像状态：学习状态平稳,风险等级：低
pjxyqwbk943,-0.2816,画像状态：学习状态平稳,风险等级：低
pjxyqxbj879,-0.2816,画像状态：学习状态平稳,风险等级：低
pjxyqxbl937,-0.2817,画像状态：学习状态平稳,风险等级：低
pjxyqxbk035,-0.2817,画像状态：学习状态平稳,风险等级：低
pjxyqwbk511,-0.2817,画像状态：学习状态平稳,风险等级：低
pjxyqxbj788,-0.2817,画像状态：学习状态平稳,风险等级：低
pjxrqxbj916,-0.2817,画像状态：学习状态平稳,风险等级：低
pjxuqwbj580,-0.2817,画像状态：学习状态平稳,风险等级：低
pjxwxxbj953,-0.2817,画像状态：学习状态平稳,风险等级：低
pjxxztbj990,-0.2817,画像状态：学习状态平稳,风险等级：低
pjxsqxbj997,-0.2818,画像状态：学习状态平稳,风险等级：低
pjxyqxbl957,-0.2818,画像状态：学习状态平稳,风险等级：低
pjxyqxbk787,-0.2819,画像状态：学习状态平稳,风险等级：低
pjxyqxbl952,-0.2819,画像状态：学习状态平稳,风险等级：低
pjxyqwbk653,-0.2819,画像状态：学习状态平稳,风险等级：低
pjxuqwbj881,-0.2819,画像状态：学习状态平稳,风险等级：低
pjxyqxbk349,-0.282,画像状态：学习状态平稳,风险等级：低
pjxyqwbk595,-0.282,画像状态：学习状态平稳,风险等级：低
pjxuqwbj772,-0.282,画像状态：学习状态平稳,风险等级：低
pjxyqwbj445,-0.282,画像状态：学习状态平稳,风险等级：低
pjxyqxbj098,-0.282,画像状态：学习状态平稳,风险等级：低
pjxyqxbj799,-0.282,画像状态：学习状态平稳,风险等级：低
pjxsqxbj965,-0.282,画像状态：学习状态平稳,风险等级：低
pjxyqwbj758,-0.282,画像状态：学习状态平稳,风险等级：低
pjxyqxbj501,-0.282,画像状态：学习状态平稳,风险等级：低
pjxyqxbj520,-0.282,画像状态：学习状态平稳,风险等级：低
pjxxzxkj979,-0.282,画像状态：学习状态平稳,风险等级：低
pjwrqxbj905,-0.282,画像状态：学习状态平稳,风险等级：低
pjxyqxbk539,-0.282,画像状态：学习状态平稳,风险等级：低
pjxyqwbj300,-0.282,画像状态：学习状态平稳,风险等级：低
pjxyqxbj980,-0.282,画像状态：学习状态平稳,风险等级：低
pjxyqwbj203,-0.282,画像状态：学习状态平稳,风险等级：低
pjxyqxbk155,-0.282,画像状态：学习状态平稳,风险等级：低
pjxyqxbk945,-0.2821,画像状态：学习状态平稳,风险等级：低
pjxyqxbl723,-0.2821,画像状态：学习状态平稳,风险等级：低
pjxyqwbj266,-0.2821,画像状态：学习状态平稳,风险等级：低
pjxyqxbk300,-0.2821,画像状态：学习状态平稳,风险等级：低
pjxyqwbk540,-0.2821,画像状态：学习状态平稳,风险等级：低
pjxyqxbk755,-0.2821,画像状态：学习状态平稳,风险等级：低
pjxyqxbj330,-0.2821,画像状态：学习状态平稳,风险等级：低
pjxyqwbj822,-0.2821,画像状态：学习状态平稳,风险等级：低
pjxyqxbl893,-0.2821,画像状态：学习状态平稳,风险等级：低
pjxwxxbj918,-0.2821,画像状态：学习状态平稳,风险等级：低
pjxyqwbj773,-0.2822,画像状态：学习状态平稳,风险等级：低
pjxwxxbj930,-0.2822,画像状态：学习状态平稳,风险等级：低
pjxxxxbj966,-0.2822,画像状态：学习状态平稳,风险等级：低
pjxyqxbk898,-0.2822,画像状态：学习状态平稳,风险等级：低
pjxyqwbj282,-0.2822,画像状态：学习状态平稳,风险等级：低
pjxyqxbk748,-0.2822,画像状态：学习状态平稳,风险等级：低
pjxsqxbj904,-0.2823,画像状态：学习状态平稳,风险等级：低
pjxyqwbk577,-0.2823,画像状态：学习状态平稳,风险等级：低
pjxyqxbk264,-0.2823,画像状态：学习状态平稳,风险等级：低
pjxuqwbj992,-0.2823,画像状态：学习状态平稳,风险等级：低
pjxyqxbj092,-0.2823,画像状态：学习状态平稳,风险等级：低
pjxyqxbk064,-0.2823,画像状态：学习状态平稳,风险等级：低
pjxxzxkj997,-0.2823,画像状态：学习状态平稳,风险等级：低
pjxuqwbj883,-0.2823,画像状态：学习状态平稳,风险等级：低
pjxyqxbk657,-0.2823,画像状态：学习状态平稳,风险等级：低
pjxrqxbj981,-0.2823,画像状态：学习状态平稳,风险等级：低
pjxyqxbk338,-0.2823,画像状态：学习状态平稳,风险等级：低
pjxyqxbj784,-0.2823,画像状态：学习状态平稳,风险等级：低
pjxuqwbj634,-0.2823,画像状态：学习状态平稳,风险等级：低
pjxyqxbk695,-0.2824,画像状态：学习状态平稳,风险等级：低
pjxyqwbj933,-0.2824,画像状态：学习状态平稳,风险等级：低
pjxwxxbj915,-0.2824,画像状态：学习状态平稳,风险等级：低
pjxyqxbj412,-0.2824,画像状态：学习状态平稳,风险等级：低
pjxyqxbk820,-0.2824,画像状态：学习状态平稳,风险等级：低
pjxyqwbk762,-0.2825,画像状态：学习状态平稳,风险等级：低
pjxyqxbj404,-0.2825,画像状态：学习状态平稳,风险等级：低
pjxyqxbk036,-0.2825,画像状态：学习状态平稳,风险等级：低
pjxyqxbj220,-0.2825,画像状态：学习状态平稳,风险等级：低
pjxyqwbj698,-0.2825,画像状态：学习状态平稳,风险等级：低
pjxuzsfj983,-0.2826,画像状态：学习状态平稳,风险等级：低
pjxuqwbj594,-0.2826,画像状态：学习状态平稳,风险等级：低
pjxyqxbk993,-0.2826,画像状态：学习状态平稳,风险等级：低
pjxsqxbj966,-0.2826,画像状态：学习状态平稳,风险等级：低
pjxyqxbk000,-0.2826,画像状态：学习状态平稳,风险等级：低
pjxsqxbj970,-0.2826,画像状态：学习状态平稳,风险等级：低
pjxyqwbj316,-0.2826,画像状态：学习状态平稳,风险等级：低
pjxuqwbj858,-0.2826,画像状态：学习状态平稳,风险等级：低
pjxuqwbj712,-0.2826,画像状态：学习状态平稳,风险等级：低
pjxyqxbj164,-0.2826,画像状态：学习状态平稳,风险等级：低
pjxyqxbj365,-0.2826,画像状态：学习状态平稳,风险等级：低
pjxyqwbk749,-0.2827,画像状态：学习状态平稳,风险等级：低
pjxyqxbk314,-0.2827,画像状态：学习状态平稳,风险等级：低
pjxyqxbj272,-0.2827,画像状态：学习状态平稳,风险等级：低
pjxtztbj989,-0.2827,画像状态：学习状态平稳,风险等级：低
pjxyqxbl962,-0.2827,画像状态：学习状态平稳,风险等级：低
pjxsqxbj996,-0.2827,画像状态：学习状态平稳,风险等级：低
pjxyqxbl884,-0.2827,画像状态：学习状态平稳,风险等级：低
pjxyqwbk551,-0.2827,画像状态：学习状态平稳,风险等级：低
pjxpqxbj919,-0.2827,画像状态：学习状态平稳,风险等级：低
pjxyqwbj871,-0.2827,画像状态：学习状态平稳,风险等级：低
pjxyqxbj595,-0.2827,画像状态：学习状态平稳,风险等级：低
pjxyqxbj448,-0.2827,画像状态：学习状态平稳,风险等级：低
pjxyqxbl874,-0.2827,画像状态：学习状态平稳,风险等级：低
pjxuqwbj890,-0.2828,画像状态：学习状态平稳,风险等级：低
pjxyqxbk957,-0.2828,画像状态：学习状态平稳,风险等级：低
pjxyqwbj058,-0.2828,画像状态：学习状态平稳,风险等级：低
pjxyqxbk631,-0.2828,画像状态：学习状态平稳,风险等级：低
pjxpqxbj998,-0.2828,画像状态：学习状态平稳,风险等级：低
pjxyqwbj412,-0.2828,画像状态：学习状态平稳,风险等级：低
pjxyqxbj948,-0.2828,画像状态：学习状态平稳,风险等级：低
pjxuqwbj589,-0.2828,画像状态：学习状态平稳,风险等级：低
pjxyqxbk788,-0.2829,画像状态：学习状态平稳,风险等级：低
pjxxxxbj904,-0.2829,画像状态：学习状态平稳,风险等级：低
pjxyqxbj506,-0.2829,画像状态：学习状态平稳,风险等级：低
pjxqqxbj988,-0.2829,画像状态：学习状态平稳,风险等级：低
pjxyqwbk727,-0.2829,画像状态：学习状态平稳,风险等级：低
pjxyqxbj588,-0.2829,画像状态：学习状态平稳,风险等级：低
pjxyqwbj394,-0.2829,画像状态：学习状态平稳,风险等级：低
pjxuqwbj766,-0.2829,画像状态：学习状态平稳,风险等级：低
pjxyqxbk375,-0.2829,画像状态：学习状态平稳,风险等级：低
pjxsqxbj789,-0.283,画像状态：学习状态平稳,风险等级：低
pjxyqxbj293,-0.283,画像状态：学习状态平稳,风险等级：低
pjxyqxbj888,-0.283,画像状态：学习状态平稳,风险等级：低
pjxyqxbj928,-0.283,画像状态：学习状态平稳,风险等级：低
pjxwzxfj992,-0.283,画像状态：学习状态平稳,风险等级：低
pjxyqxbk706,-0.283,画像状态：学习状态平稳,风险等级：低
pjxuzsfj984,-0.283,画像状态：学习状态平稳,风险等级：低
pjxyqwbj388,-0.283,画像状态：学习状态平稳,风险等级：低
pjxyqxbj635,-0.283,画像状态：学习状态平稳,风险等级：低
pjxyqxbk656,-0.2831,画像状态：学习状态平稳,风险等级：低
pjxyqxbj857,-0.2831,画像状态：学习状态平稳,风险等级：低
pjxyqwbk710,-0.2831,画像状态：学习状态平稳,风险等级：低
pjxyqwbj570,-0.2831,画像状态：学习状态平稳,风险等级：低
pjxyqxbj129,-0.2831,画像状态：学习状态平稳,风险等级：低
pjxyqxbk472,-0.2831,画像状态：学习状态平稳,风险等级：低
pjxyqxbl907,-0.2831,画像状态：学习状态平稳,风险等级：低
pjxyqxbj957,-0.2831,画像状态：学习状态平稳,风险等级：低
pjxsqxbj831,-0.2832,画像状态：学习状态平稳,风险等级：低
pjxyqxbj581,-0.2832,画像状态：学习状态平稳,风险等级：低
pjxyqxbk334,-0.2832,画像状态：学习状态平稳,风险等级：低
pjxyqxbk767,-0.2832,画像状态：学习状态平稳,风险等级：低
pjxyqxbk500,-0.2832,画像状态：学习状态平稳,风险等级：低
pjxyqxbk208,-0.2832,画像状态：学习状态平稳,风险等级：低
pjxyqwbj624,-0.2832,画像状态：学习状态平稳,风险等级：低
pjxvztfj991,-0.2832,画像状态：学习状态平稳,风险等级：低
pjxyqxbj001,-0.2832,画像状态：学习状态平稳,风险等级：低
pjxwzxkj985,-0.2832,画像状态：学习状态平稳,风险等级：低
pjxpqxbj912,-0.2832,画像状态：学习状态平稳,风险等级：低
pjxyqxbj834,-0.2833,画像状态：学习状态平稳,风险等级：低
pjxyqxbk162,-0.2833,画像状态：学习状态平稳,风险等级：低
pjxyqxbk765,-0.2833,画像状态：学习状态平稳,风险等级：低
pjxxztfj982,-0.2833,画像状态：学习状态平稳,风险等级：低
pjxyqxbl992,-0.2833,画像状态：学习状态平稳,风险等级：低
pjxyqxbj228,-0.2833,画像状态：学习状态平稳,风险等级：低
pjxyqxbl869,-0.2833,画像状态：学习状态平稳,风险等级：低
pjxpqxbj932,-0.2833,画像状态：学习状态平稳,风险等级：低
pjxpqxbj954,-0.2833,画像状态：学习状态平稳,风险等级：低
pjxyqxbl810,-0.2833,画像状态：学习状态平稳,风险等级：低
pjvyzvfj974,-0.2833,画像状态：学习状态平稳,风险等级：低
pjxyqxbj021,-0.2833,画像状态：学习状态平稳,风险等级：低
pjxyqwbj701,-0.2833,画像状态：学习状态平稳,风险等级：低
pjxyqxbj932,-0.2833,画像状态：学习状态平稳,风险等级：低
pjxuzsfj981,-0.2834,画像状态：学习状态平稳,风险等级：低
pjxyqxbj736,-0.2834,画像状态：学习状态平稳,风险等级：低
pjxyqwbj772,-0.2834,画像状态：学习状态平稳,风险等级：低
pjxyqxbl939,-0.2834,画像状态：学习状态平稳,风险等级：低
pjxyqxbk978,-0.2834,画像状态：学习状态平稳,风险等级：低
pjxyqxbk477,-0.2835,画像状态：学习状态平稳,风险等级：低
pjxwzxkj989,-0.2835,画像状态：学习状态平稳,风险等级：低
pjxyqxbj968,-0.2835,画像状态：学习状态平稳,风险等级：低
pjxyqxbk596,-0.2836,画像状态：学习状态平稳,风险等级：低
pjxyqxbj043,-0.2836,画像状态：学习状态平稳,风险等级：低
pjxyqxbj969,-0.2836,画像状态：学习状态平稳,风险等级：低
pjxyqxbk566,-0.2836,画像状态：学习状态平稳,风险等级：低
pjxuqwbj600,-0.2836,画像状态：学习状态平稳,风险等级：低
pjxyqxbj867,-0.2837,画像状态：学习状态平稳,风险等级：低
pjxyqxbk151,-0.2837,画像状态：学习状态平稳,风险等级：低
pjxyqwbj859,-0.2837,画像状态：学习状态平稳,风险等级：低
pjxyqxbk377,-0.2837,画像状态：学习状态平稳,风险等级：低
pjxyqwbj044,-0.2837,画像状态：学习状态平稳,风险等级：低
pjxyqxbj889,-0.2838,画像状态：学习状态平稳,风险等级：低
pjxyqwbj904,-0.2838,画像状态：学习状态平稳,风险等级：低
pjxyqwbk519,-0.2838,画像状态：学习状态平稳,风险等级：低
pjxuqwbj755,-0.2838,画像状态：学习状态平稳,风险等级：低
pjxxxxbj933,-0.2838,画像状态：学习状态平稳,风险等级：低
pjxyqwbj274,-0.2838,画像状态：学习状态平稳,风险等级：低
pjxyqxbj125,-0.2838,画像状态：学习状态平稳,风险等级：低
pjxyqxbk013,-0.2838,画像状态：学习状态平稳,风险等级：低
pjxyqxbk185,-0.2838,画像状态：学习状态平稳,风险等级：低
pjxyqwbk549,-0.2839,画像状态：学习状态平稳,风险等级：低
pjxyqxbj046,-0.2839,画像状态：学习状态平稳,风险等级：低
pjxyqxbj562,-0.2839,画像状态：学习状态平稳,风险等级：低
pjxyqxbl889,-0.2839,画像状态：学习状态平稳,风险等级：低
pjxyqxbk522,-0.284,画像状态：学习状态平稳,风险等级：低
pjxyqwbj339,-0.284,画像状态：学习状态平稳,风险等级：低
pjxyqxbk262,-0.284,画像状态：学习状态平稳,风险等级：低
pjxyqwbk747,-0.284,画像状态：学习状态平稳,风险等级：低
pjxyqxbk286,-0.284,画像状态：学习状态平稳,风险等级：低
pjxpqxbj962,-0.2841,画像状态：学习状态平稳,风险等级：低
pjxyqwbk728,-0.2841,画像状态：学习状态平稳,风险等级：低
pjxyqxbl879,-0.2841,画像状态：学习状态平稳,风险等级：低
pjxyqxbj269,-0.2843,画像状态：学习状态平稳,风险等级：低
pjxyqxbl686,-0.2843,画像状态：学习状态平稳,风险等级：低
pjxtztbj998,-0.2844,画像状态：学习状态平稳,风险等级：低
pjxyqxbk677,-0.2844,画像状态：学习状态平稳,风险等级：低
pjxyqwbj003,-0.2845,画像状态：学习状态平稳,风险等级：低
pjxyqxbj132,-0.2845,画像状态：学习状态平稳,风险等级：低
pjxyqwbj299,-0.2845,画像状态：学习状态平稳,风险等级：低
pjxyqxbj546,-0.2845,画像状态：学习状态平稳,风险等级：低
pjxyqwbj046,-0.2846,画像状态：学习状态平稳,风险等级：低
pjxwxxbj949,-0.2846,画像状态：学习状态平稳,风险等级：低
pjxyqxbk007,-0.2846,画像状态：学习状态平稳,风险等级：低
pjxyqxbk992,-0.2846,画像状态：学习状态平稳,风险等级：低
pjxuzsfj977,-0.2846,画像状态：学习状态平稳,风险等级：低
pjxuqwbj757,-0.2847,画像状态：学习状态平稳,风险等级：低
pjxsqxbj863,-0.2848,画像状态：学习状态平稳,风险等级：低
pjxuqwbj608,-0.2849,画像状态：学习状态平稳,风险等级：低
pjxpqxbj925,-0.2852,画像状态：学习状态平稳,风险等级：低
