SID,推荐去向1,推荐去向2
pjxyqxbj512,保研,境外留学
pjxyqxbj262,直接就业,境外留学
pjxyqxbj261,保研,直接就业
pjxyqxbj511,直接就业,考研
pjxyqxbj257,直接就业,待业/其他
pjxyqxbj548,直接就业,待业/其他
pjxyqxbj987,直接就业,待业/其他
pjxyqxbj470,保研,考研
pjxyqxbj469,直接就业,待业/其他
pjxyqxbj507,直接就业,境外留学
pjxyqxbj255,直接就业,待业/其他
pjxyqxbj506,直接就业,待业/其他
pjxyqxbj546,境外留学,直接就业
pjxyqxbj253,境外留学,直接就业
pjxyqxbj430,直接就业,待业/其他
pjxyqxbj428,保研,境外留学
pjxyqxbj465,直接就业,待业/其他
pjxyqxbj464,境外留学,保研
pjxyqxbj505,直接就业,待业/其他
pjxyqxbj927,保研,境外留学
pjxyqxbj964,直接就业,待业/其他
pjxyqxbj945,境外留学,保研
pjxyqxbj347,直接就业,待业/其他
pjxyqxbj422,保研,直接就业
pjxyqxbj460,保研,境外留学
pjxyqxbj501,直接就业,待业/其他
pjxyqxbj459,直接就业,境外留学
pjxyqxbj961,直接就业,待业/其他
pjxyqxbj957,直接就业,待业/其他
pjxyqxbj345,直接就业,待业/其他
pjxyqxbj305,直接就业,待业/其他
pjxyqxbj384,直接就业,待业/其他
pjxyqxbj379,直接就业,待业/其他
pjxyqxbj419,保研,考研
pjxyqxbj418,保研,直接就业
pjxyqxbj417,直接就业,待业/其他
pjxyqxbj955,保研,境外留学
pjxyqxbj954,境外留学,直接就业
pjxyqxbj301,保研,境外留学
pjxyqxbj340,境外留学,考研
pjxyqxbj415,直接就业,境外留学
pjxyqxbj374,直接就业,保研
pjxyqxbj995,直接就业,待业/其他
pjxyqxbj993,直接就业,待业/其他
pjxyqxbj898,直接就业,境外留学
pjxyqxbj897,境外留学,直接就业
pjxyqxbj858,保研,境外留学
pjxyqxbj896,保研,境外留学
pjxyqxbj895,保研,境外留学
pjxyqxbj337,直接就业,待业/其他
pjxyqxbj296,直接就业,待业/其他
pjxyqxbj334,直接就业,待业/其他
pjxyqxbj333,保研,直接就业
pjxyqxbj991,直接就业,待业/其他
pjxyqxbj949,直接就业,境外留学
pjxyqxbj948,保研,直接就业
pjxyqxbj947,直接就业,待业/其他
pjxyqxbj985,保研,直接就业
pjxyqxbj984,直接就业,待业/其他
pjxyqxbj857,境外留学,保研
pjxyqxbj817,保研,考研
pjxyqxbj893,保研,境外留学
pjxyqxbj294,直接就业,待业/其他
pjxyqxbj293,保研,直接就业
pjxyqxbj332,保研,境外留学
pjxyqxbj290,保研,境外留学
pjxyqxbj815,直接就业,待业/其他
pjxyqxbj854,保研,境外留学
pjxyqxbj853,保研,境外留学
pjxyqxbj813,保研,考研
pjxyqxbj851,保研,境外留学
pjxyqxbj889,境外留学,考研
pjxyqxbj888,保研,考研
pjxyqxbj885,境外留学,直接就业
pjxyqxbj989,直接就业,待业/其他
pjxyqxbj772,保研,直接就业
pjxyqxbj812,直接就业,待业/其他
pjxyqxbj771,保研,境外留学
pjxyqxbj848,保研,境外留学
pjxyqxbj846,保研,境外留学
pjxyqxbj884,保研,境外留学
pjxyqxbj953,直接就业,待业/其他
pjxyqxbj694,保研,考研
pjxyqxbj692,境外留学,直接就业
pjxyqxbj734,境外留学,直接就业
pjxyqxbj733,境外留学,保研
pjxyqxbj770,直接就业,保研
pjxyqxbj769,直接就业,待业/其他
pjxyqxbj731,直接就业,境外留学
pjxyqxbj807,考研,直接就业
pjxyqxbj952,直接就业,考研
pjxyqxbj608,直接就业,境外留学
pjxyqxbj607,保研,直接就业
pjxyqxbj691,直接就业,境外留学
pjxyqxbj729,直接就业,境外留学
pjxyqxbj728,境外留学,直接就业
pjxyqxbj765,境外留学,直接就业
pjxyqxbj726,直接就业,境外留学
pjxyqxbj762,直接就业,境外留学
pjxyqxbj801,保研,直接就业
pjxyqxbj605,直接就业,考研
pjxyqxbj562,直接就业,待业/其他
pjxyqxbj648,保研,境外留学
pjxyqxbj647,境外留学,直接就业
pjxyqxbj646,境外留学,保研
pjxyqxbj688,直接就业,境外留学
pjxyqxbj687,直接就业,境外留学
pjxyqxbj645,直接就业,境外留学
pjxyqxbj686,直接就业,境外留学
pjxyqxbj725,直接就业,待业/其他
pjxyqxbj724,保研,境外留学
pjxyqxbj761,直接就业,考研
pjxyqxbj722,直接就业,境外留学
pjxyqxbj559,直接就业,待业/其他
pjxyqxbj643,直接就业,境外留学
pjxyqxbj642,直接就业,境外留学
pjxyqxbj683,直接就业,待业/其他
pjxyqxbj682,直接就业,考研
pjxyqxbj640,直接就业,考研
pjxyqxbj681,保研,直接就业
pjxyqxbj557,直接就业,待业/其他
pjxyqxbj599,直接就业,考研
pjxyqxbj638,保研,直接就业
pjxyqxbj679,保研,直接就业
pjxyqxbj637,直接就业,待业/其他
pjxyqxbj636,直接就业,待业/其他
pjxyqxbj474,保研,直接就业
pjxyqxbj554,直接就业,考研
pjxyqxbj595,直接就业,考研
pjxyqxbj635,保研,境外留学
pjxyqxbj594,境外留学,保研
pjxyqxbj950,保研,直接就业
pjxyqwbj889,直接就业,待业/其他
pjxyqwbj888,直接就业,科研/行政过渡
pjxyqwbj288,直接就业,待业/其他
pjxyqwbj886,直接就业,待业/其他
pjxyqwbj885,保研,境外留学
pjxyqwbj285,直接就业,待业/其他
pjxyqwbj884,保研,直接就业
pjxyqwbj883,直接就业,待业/其他
pjxyqwbj326,保研,直接就业
pjxyqwbj325,直接就业,待业/其他
pjxyqwbj282,直接就业,保研
pjxyqwbj362,直接就业,考研
pjxyqwbj322,保研,境外留学
pjxyqwbj321,直接就业,境外留学
pjxyqwbj361,直接就业,考研
pjxyqwbj360,保研,境外留学
pjxyqwbj400,直接就业,待业/其他
pjxyqwbj358,直接就业,境外留学
pjxyqwbj398,保研,考研
pjxyqwbj397,直接就业,待业/其他
pjxyqwbj356,直接就业,待业/其他
pjxyqwbj844,保研,境外留学
pjxyqwbj803,直接就业,待业/其他
pjxyqwbj842,直接就业,考研
pjxyqwbj841,境外留学,直接就业
pjxyqwbj283,直接就业,考研
pjxyqwbj279,直接就业,境外留学
pjxyqwbj278,直接就业,待业/其他
pjxyqwbj318,直接就业,境外留学
pjxyqwbj277,直接就业,待业/其他
pjxyqwbj316,直接就业,待业/其他
pjxyqwbj315,直接就业,境外留学
pjxyqwbj802,考研,境外留学
pjxyqwbj758,直接就业,境外留学
pjxyqwbj799,保研,考研
pjxyqwbj839,直接就业,境外留学
pjxyqwbj838,境外留学,保研
pjxyqwbj797,直接就业,待业/其他
pjxyqwbj837,直接就业,待业/其他
pjxyqwbj877,保研,境外留学
pjxyqwbj876,保研,直接就业
pjxyqwbj276,直接就业,待业/其他
pjxyqwbj274,直接就业,保研
pjxyqwbj873,直接就业,待业/其他
pjxyqwbj312,直接就业,境外留学
pjxyqwbj755,保研,境外留学
pjxyqwbj796,保研,境外留学
pjxyqwbj754,直接就业,境外留学
pjxyqwbj836,境外留学,直接就业
pjxyqwbj834,境外留学,直接就业
pjxyqwbj833,保研,境外留学
pjxyqwbj872,直接就业,考研
pjxyqwbj871,直接就业,待业/其他
pjxyqwbj830,直接就业,境外留学
pjxyqwbj272,直接就业,考研
pjxyqwbj870,直接就业,待业/其他
pjxyqwbj869,直接就业,待业/其他
pjxyqwbj737,直接就业,待业/其他
pjxyqwbj678,保研,境外留学
pjxyqwbj718,保研,境外留学
pjxyqwbj677,保研,直接就业
pjxyqwbj793,直接就业,境外留学
pjxyqwbj791,直接就业,境外留学
pjxyqwbj790,直接就业,待业/其他
pjxyqwbj789,直接就业,待业/其他
pjxyqwbj788,保研,直接就业
pjxyqwbj828,保研,直接就业
pjxyqwbj868,直接就业,待业/其他
pjxyqwbj698,境外留学,直接就业
pjxyqwbj697,直接就业,待业/其他
pjxyqwbj695,保研,境外留学
pjxyqwbj636,直接就业,考研
pjxyqwbj674,保研,境外留学
pjxyqwbj673,境外留学,保研
pjxyqwbj713,保研,境外留学
pjxyqwbj748,保研,境外留学
pjxyqwbj710,直接就业,待业/其他
pjxyqwbj787,保研,境外留学
pjxyqwbj785,直接就业,境外留学
pjxyqwbj825,境外留学,直接就业
pjxyqwbj782,直接就业,境外留学
pjxyqwbj269,直接就业,境外留学
pjxyqwbj594,境外留学,直接就业
pjxyqwbj634,直接就业,考研
pjxyqwbj632,直接就业,待业/其他
pjxyqwbj592,直接就业,待业/其他
pjxyqwbj631,直接就业,待业/其他
pjxyqwbj671,直接就业,考研
pjxyqwbj709,直接就业,待业/其他
pjxyqwbj669,直接就业,境外留学
pjxyqwbj706,保研,境外留学
pjxyqwbj744,直接就业,待业/其他
pjxyqwbj742,直接就业,待业/其他
pjxyqwbj741,保研,境外留学
pjxyqwbj739,保研,境外留学
pjxyqwbj867,境外留学,保研
pjxyqwbj865,保研,境外留学
pjxyqwbj552,保研,境外留学
pjxyqwbj591,直接就业,待业/其他
pjxyqwbj590,直接就业,待业/其他
pjxyqwbj630,保研,直接就业
pjxyqwbj589,直接就业,待业/其他
pjxyqwbj588,直接就业,境外留学
pjxyqwbj628,保研,境外留学
pjxyqwbj627,直接就业,待业/其他
pjxyqwbj665,保研,境外留学
pjxyqwbj664,保研,考研
pjxyqwbj701,直接就业,境外留学
pjxyqwbj699,直接就业,待业/其他
pjxyqwbj822,保研,境外留学
pjxyqxbj940,直接就业,境外留学
pjxyqwbj509,境外留学,直接就业
pjxyqwbj548,直接就业,境外留学
pjxyqwbj585,直接就业,待业/其他
pjxyqwbj584,直接就业,待业/其他
pjxyqwbj625,保研,直接就业
pjxyqwbj624,直接就业,待业/其他
pjxyqwbj622,保研,考研
pjxyqwbj663,保研,考研
pjxyqwbj662,直接就业,考研
pjxyqwbj621,直接就业,待业/其他
pjxyqwbj660,保研,境外留学
pjxyqwbj659,直接就业,境外留学
pjxyqwbj658,直接就业,境外留学
pjxyqwbj780,保研,境外留学
pjxyqxbj935,保研,境外留学
pjxyqxbj933,直接就业,考研
pjxyqwbj508,境外留学,直接就业
pjxyqwbj506,直接就业,境外留学
pjxyqwbj251,保研,境外留学
pjxyqwbj249,保研,境外留学
pjxyqwbj542,直接就业,待业/其他
pjxyqwbj582,直接就业,保研
pjxyqwbj579,直接就业,待业/其他
pjxyqwbj617,考研,境外留学
pjxyqwbj656,直接就业,境外留学
pjxyqwbj616,保研,境外留学
pjxyqwbj615,直接就业,待业/其他
pjxyqxbj932,直接就业,待业/其他
pjxyqxbj929,直接就业,待业/其他
pjxyqxbj928,直接就业,待业/其他
pjxyqwbj464,直接就业,境外留学
pjxyqwbj463,直接就业,境外留学
pjxyqwbj248,直接就业,境外留学
pjxyqwbj540,保研,考研
pjxyqwbj245,保研,境外留学
pjxyqwbj538,保研,境外留学
pjxyqwbj577,直接就业,待业/其他
pjxyqwbj574,直接就业,境外留学
pjxyqxbj981,考研,直接就业
pjxyqxbj980,直接就业,待业/其他
pjxyqxbj979,直接就业,待业/其他
pjxyqxbj978,直接就业,待业/其他
pjxyqxbj973,直接就业,保研
pjxyqxbj972,直接就业,待业/其他
pjxyqxbj969,直接就业,待业/其他
pjxyqwbj461,直接就业,待业/其他
pjxyqwbj421,直接就业,境外留学
pjxyqwbj459,直接就业,境外留学
pjxyqwbj500,直接就业,待业/其他
pjxyqwbj497,直接就业,待业/其他
pjxyqwbj243,直接就业,保研
pjxyqwbj242,保研,境外留学
pjxyqwbj535,保研,境外留学
pjxyqwbj534,保研,境外留学
pjxyqwbj532,保研,考研
pjxyqwbj531,保研,境外留学
pjxyqwbj530,境外留学,考研
pjxyqxbj968,保研,直接就业
pjxyqxbj967,直接就业,待业/其他
pjxyqwbj418,直接就业,境外留学
pjxyqwbj417,保研,境外留学
pjxyqwbj456,直接就业,境外留学
pjxyqwbj455,保研,境外留学
pjxyqwbj454,直接就业,考研
pjxyqwbj453,境外留学,保研
pjxyqwbj452,直接就业,待业/其他
pjxyqwbj492,直接就业,待业/其他
pjxyqwbj237,直接就业,境外留学
pjxyqwbj236,保研,境外留学
pjxyqwbj375,保研,直接就业
pjxyqwbj336,直接就业,待业/其他
pjxyqwbj412,直接就业,待业/其他
pjxyqwbj410,直接就业,保研
pjxyqwbj409,直接就业,待业/其他
pjxyqwbj488,直接就业,待业/其他
pjxyqwbj487,保研,境外留学
pjxyqwbj486,考研,保研
pjxyqwbj232,保研,境外留学
pjxyqwbj485,直接就业,境外留学
pjxyqwbj334,直接就业,待业/其他
pjxyqwbj333,直接就业,待业/其他
pjxyqwbj293,直接就业,待业/其他
pjxyqwbj331,保研,境外留学
pjxyqwbj369,直接就业,考研
pjxyqwbj368,保研,境外留学
pjxyqwbj408,保研,境外留学
pjxyqwbj407,保研,考研
pjxyqwbj367,保研,境外留学
pjxyqwbj445,保研,境外留学
pjxyqwbj444,直接就业,境外留学
pjxyqwbj441,保研,境外留学
pjxyqwbj328,直接就业,境外留学
pjxyqwbj327,境外留学,直接就业
pjxyqwbj366,境外留学,直接就业
pjxyqwbj403,保研,境外留学
pjxyqwbj402,直接就业,境外留学
pjxyqwbj401,直接就业,考研
pjxyqxbj879,直接就业,保研
pjxyqxbj919,保研,考研
pjxyqxbj918,境外留学,直接就业
pjxyqxbj320,保研,直接就业
pjxyqxbj319,直接就业,待业/其他
pjxyqxbj915,境外留学,直接就业
pjxyqxbj914,保研,境外留学
pjxyqxbj358,直接就业,待业/其他
pjxyqxbj317,直接就业,待业/其他
pjxyqxbj355,保研,直接就业
pjxyqxbj315,保研,直接就业
pjxyqxbj395,直接就业,待业/其他
pjxyqxbj353,保研,境外留学
pjxyqxbj392,直接就业,保研
pjxyqxbj352,保研,境外留学
pjxyqxbj432,境外留学,直接就业
pjxyqxbj391,保研,境外留学
pjxyqxbj841,保研,境外留学
pjxyqxbj840,直接就业,境外留学
pjxyqxbj800,保研,考研
pjxyqxbj838,直接就业,待业/其他
pjxyqxbj876,境外留学,直接就业
pjxyqxbj911,直接就业,境外留学
pjxyqxbj314,直接就业,境外留学
pjxyqxbj910,直接就业,考研
pjxyqxbj909,直接就业,待业/其他
pjxyqxbj312,保研,直接就业
pjxyqxbj348,直接就业,待业/其他
pjxyqxbj799,直接就业,待业/其他
pjxyqxbj798,直接就业,考研
pjxyqxbj835,境外留学,待业/其他
pjxyqxbj795,直接就业,待业/其他
pjxyqxbj834,境外留学,直接就业
pjxyqxbj872,保研,境外留学
pjxyqxbj871,境外留学,直接就业
pjxyqxbj832,直接就业,待业/其他
pjxyqxbj907,保研,境外留学
pjxyqxbj869,境外留学,保研
pjxyqxbj868,保研,境外留学
pjxyqxbj905,直接就业,待业/其他
pjxyqxbj760,境外留学,直接就业
pjxyqxbj718,直接就业,待业/其他
pjxyqxbj757,保研,境外留学
pjxyqxbj794,直接就业,待业/其他
pjxyqxbj756,直接就业,待业/其他
pjxyqxbj791,保研,直接就业
pjxyqxbj831,境外留学,直接就业
pjxyqxbj830,直接就业,待业/其他
pjxyqxbj829,直接就业,待业/其他
pjxyqxbj828,直接就业,待业/其他
pjxyqxbj867,保研,境外留学
pjxyqxbj866,保研,境外留学
pjxyqxbj827,直接就业,待业/其他
pjxyqxbj903,境外留学,保研
pjxyqxbj864,保研,考研
pjxyqxbj776,直接就业,待业/其他
pjxyqxbj737,直接就业,保研
pjxyqxbj736,直接就业,待业/其他
pjxyqxbj717,保研,考研
pjxyqxbj676,保研,境外留学
pjxyqxbj714,保研,境外留学
pjxyqxbj754,直接就业,待业/其他
pjxyqxbj753,直接就业,待业/其他
pjxyqxbj789,直接就业,待业/其他
pjxyqxbj788,直接就业,待业/其他
pjxyqxbj823,直接就业,待业/其他
pjxyqxbj862,保研,境外留学
pjxyqxbj861,保研,境外留学
pjxyqxbj712,直接就业,境外留学
pjxyqxbj710,直接就业,待业/其他
pjxyqxbj709,直接就业,境外留学
pjxyqxbj750,保研,直接就业
pjxyqxbj749,直接就业,待业/其他
pjxyqxbj784,直接就业,待业/其他
pjxyqxbj781,直接就业,待业/其他
pjxyqxbj780,直接就业,境外留学
pjxyqxbj779,直接就业,境外留学
pjxyqxbj633,保研,直接就业
pjxyqxbj630,直接就业,考研
pjxyqxbj588,直接就业,待业/其他
pjxyqxbj670,保研,直接就业
pjxyqxbj629,直接就业,待业/其他
pjxyqxbj628,直接就业,保研
pjxyqxbj669,直接就业,考研
pjxyqxbj667,境外留学,直接就业
pjxyqxbj707,境外留学,保研
pjxyqxbj744,直接就业,考研
pjxyqxbj743,直接就业,待业/其他
pjxyqxbj703,直接就业,考研
pjxyqxbj777,直接就业,待业/其他
pjxyqxbj740,直接就业,待业/其他
pjxyqxbj589,直接就业,保研
pjxyqxbj545,直接就业,待业/其他
pjxyqxbj586,直接就业,考研
pjxyqxbj585,直接就业,待业/其他
pjxyqxbj584,直接就业,境外留学
pjxyqxbj626,直接就业,待业/其他
pjxyqxbj625,保研,考研
pjxyqxbj663,直接就业,考研
pjxyqxbj662,保研,境外留学
pjxyqxbj701,直接就业,境外留学
pjxyqxbj659,直接就业,境外留学
pjxyqxbj739,直接就业,境外留学
pjxyqxbj818,保研,直接就业
pjxyqxbj544,保研,境外留学
pjxyqxbj251,直接就业,待业/其他
pjxyqxbj541,保研,直接就业
pjxyqxbj583,直接就业,待业/其他
pjxyqxbj288,保研,境外留学
pjxyqxbj581,直接就业,待业/其他
pjxyqxbj580,保研,直接就业
pjxyqxbj578,保研,直接就业
pjxyqxbj658,直接就业,境外留学
pjxyqxbj657,待业/其他,直接就业
pjxyqxbj698,直接就业,待业/其他
pjxyqxbj250,直接就业,待业/其他
pjxyqxbj540,境外留学,待业/其他
pjxyqxbj286,保研,直接就业
pjxyqxbj537,保研,境外留学
pjxyqxbj285,保研,境外留学
pjxyqxbj284,保研,直接就业
pjxyqxbj577,保研,直接就业
pjxyqxbj576,直接就业,待业/其他
pjxyqxbj283,保研,考研
pjxyqxbj282,直接就业,待业/其他
pjxyqxbj575,直接就业,考研
pjxyqxbj574,直接就业,境外留学
pjxyqxbj616,直接就业,待业/其他
pjxyqxbj615,直接就业,待业/其他
pjxyqxbj653,保研,境外留学
pjxyqxbj496,保研,境外留学
pjxyqxbj533,保研,境外留学
pjxyqxbj280,直接就业,待业/其他
pjxyqxbj279,保研,境外留学
pjxyqxbj571,保研,境外留学
pjxyqxbj278,直接就业,待业/其他
pjxyqxbj277,直接就业,科研/行政过渡
pjxyqxbj570,保研,直接就业
pjxyqxbj569,直接就业,境外留学
pjxyqxbj566,直接就业,待业/其他
pjxyqxbj610,直接就业,待业/其他
pjxyqxbj609,直接就业,待业/其他
pjxyqxbj455,直接就业,待业/其他
pjxyqxbj454,保研,境外留学
pjxyqxbj452,直接就业,待业/其他
pjxyqxbj492,直接就业,境外留学
pjxyqxbj491,保研,境外留学
pjxyqxbj490,直接就业,考研
pjxyqxbj529,直接就业,待业/其他
pjxyqxbj528,直接就业,待业/其他
pjxyqxbj527,直接就业,待业/其他
pjxyqxbj273,直接就业,待业/其他
pjxyqxbj565,直接就业,待业/其他
pjxyqxbj272,直接就业,待业/其他
pjxyqxbj412,直接就业,待业/其他
pjxyqxbj410,保研,直接就业
pjxyqxbj451,直接就业,境外留学
pjxyqxbj448,考研,境外留学
pjxyqxbj485,直接就业,境外留学
pjxyqxbj525,保研,境外留学
pjxyqxbj484,保研,考研
pjxyqxbj524,直接就业,待业/其他
pjxyqxbj522,保研,境外留学
pjxyqxbj271,直接就业,待业/其他
pjxyqxbj521,保研,境外留学
pjxyqxbj269,直接就业,境外留学
pjxyqxbj371,保研,境外留学
pjxyqxbj330,保研,境外留学
pjxyqxbj370,直接就业,待业/其他
pjxyqxbj405,境外留学,直接就业
pjxyqxbj404,直接就业,考研
pjxyqxbj443,直接就业,待业/其他
pjxyqxbj483,保研,境外留学
pjxyqxbj520,保研,境外留学
pjxyqxbj519,直接就业,境外留学
pjxyqxbj478,保研,境外留学
pjxyqxbj327,直接就业,待业/其他
pjxyqxbj365,保研,境外留学
pjxyqxbj403,直接就业,待业/其他
pjxyqxbj400,直接就业,待业/其他
pjxyqxbj440,保研,考研
pjxyqxbj439,直接就业,考研
pjxyqxbj399,直接就业,待业/其他
pjxyqxbj476,直接就业,境外留学
pjxyqxbj922,直接就业,考研
pjxyqxbj921,保研,直接就业
pjxyqxbj325,保研,境外留学
pjxyqxbj323,直接就业,待业/其他
pjxyqxbj361,保研,境外留学
pjxyqxbj359,考研,直接就业
pjxyqxbj397,直接就业,保研
pjxyqxbj433,直接就业,境外留学
pjxyqxbk863,直接就业,境外留学
pjxyqxbk822,境外留学,保研
pjxyqxbk900,直接就业,考研
pjxyqxbk861,直接就业,境外留学
pjxyqxbk899,直接就业,境外留学
pjxyqxbk898,直接就业,境外留学
pjxyqxbk937,保研,直接就业
pjxyqxbk936,保研,考研
pjxyqxbk935,保研,境外留学
pjxyqxbk934,直接就业,待业/其他
pjxyqxbk895,直接就业,待业/其他
pjxyqxbk974,直接就业,考研
pjxyqxbj012,直接就业,待业/其他
pjxyqxbk971,直接就业,待业/其他
pjxyqxbj051,保研,境外留学
pjxyqxbj049,直接就业,考研
pjxyqxbj048,考研,保研
pjxyqxbj008,直接就业,待业/其他
pjxyqxbj007,直接就业,境外留学
pjxyqxbj088,直接就业,待业/其他
pjxyqxbj046,保研,境外留学
pjxyqxbj086,直接就业,境外留学
pjxyqxbj044,直接就业,境外留学
pjxyqxbj125,直接就业,考研
pjxyqxbj084,直接就业,待业/其他
pjxyqxbj082,直接就业,待业/其他
pjxyqxbk823,直接就业,待业/其他
pjxyqxbk783,直接就业,考研
pjxyqxbk782,直接就业,待业/其他
pjxyqxbk820,保研,境外留学
pjxyqxbk780,直接就业,境外留学
pjxyqxbk855,直接就业,考研
pjxyqxbk894,直接就业,待业/其他
pjxyqxbk854,直接就业,待业/其他
pjxyqxbk853,直接就业,境外留学
pjxyqxbk929,保研,境外留学
pjxyqxbk927,保研,直接就业
pjxyqxbk969,直接就业,考研
pjxyqxbk926,直接就业,待业/其他
pjxyqxbj006,直接就业,待业/其他
pjxyqxbk965,直接就业,保研
pjxyqxbj043,直接就业,考研
pjxyqxbj002,直接就业,待业/其他
pjxyqxbj040,保研,考研
pjxyqxbj080,直接就业,待业/其他
pjxyqxbj039,保研,境外留学
pjxyqxbj038,保研,境外留学
pjxyqxbk737,直接就业,待业/其他
pjxyqxbk779,直接就业,待业/其他
pjxyqxbk778,直接就业,待业/其他
pjxyqxbk777,直接就业,境外留学
pjxyqxbk816,保研,直接就业
pjxyqxbk775,境外留学,直接就业
pjxyqxbk813,直接就业,考研
pjxyqxbk852,保研,境外留学
pjxyqxbk812,直接就业,待业/其他
pjxyqxbk889,直接就业,境外留学
pjxyqxbk848,直接就业,考研
pjxyqxbk885,直接就业,境外留学
pjxyqxbk923,直接就业,境外留学
pjxyqxbk962,保研,境外留学
pjxyqxbk961,保研,考研
pjxyqxbk997,直接就业,境外留学
pjxyqxbk319,保研,境外留学
pjxyqxbk695,保研,境外留学
pjxyqxbk733,直接就业,待业/其他
pjxyqxbk611,直接就业,待业/其他
pjxyqxbk732,直接就业,待业/其他
pjxyqxbk772,直接就业,待业/其他
pjxyqxbk731,境外留学,直接就业
pjxyqxbk811,直接就业,境外留学
pjxyqxbk810,境外留学,保研
pjxyqxbk847,直接就业,考研
pjxyqxbk846,境外留学,考研
pjxyqxbk807,直接就业,待业/其他
pjxyqxbk844,直接就业,考研
pjxyqxbk882,直接就业,待业/其他
pjxyqxbk843,考研,直接就业
pjxyqxbk880,保研,境外留学
pjxyqxbk918,直接就业,待业/其他
pjxyqxbk277,直接就业,考研
pjxyqxbk276,直接就业,境外留学
pjxyqxbk954,境外留学,直接就业
pjxyqxbk953,直接就业,待业/其他
pjxyqxbk364,直接就业,境外留学
pjxyqxbk610,考研,境外留学
pjxyqxbk609,直接就业,考研
pjxyqxbk728,直接就业,境外留学
pjxyqxbk606,直接就业,待业/其他
pjxyqxbk767,直接就业,待业/其他
pjxyqxbk765,直接就业,待业/其他
pjxyqxbk764,直接就业,待业/其他
pjxyqxbk804,直接就业,待业/其他
pjxyqxbk803,考研,保研
pjxyqxbk841,保研,境外留学
pjxyqxbk801,直接就业,境外留学
pjxyqxbk840,境外留学,直接就业
pjxyqxbk839,直接就业,境外留学
pjxyqxbk878,直接就业,考研
pjxyqxbk916,直接就业,待业/其他
pjxyqxbk958,保研,直接就业
pjxyqxbk957,保研,直接就业
pjxyqxbk911,保研,直接就业
pjxyqxbk872,境外留学,考研
pjxyqxbk649,保研,境外留学
pjxyqxbk604,直接就业,待业/其他
pjxyqxbk603,保研,考研
pjxyqxbk685,直接就业,境外留学
pjxyqxbk723,直接就业,待业/其他
pjxyqxbk601,保研,直接就业
pjxyqxbk722,直接就业,境外留学
pjxyqxbk760,直接就业,待业/其他
pjxyqxbk720,直接就业,境外留学
pjxyqxbk759,直接就业,保研
pjxyqxbk799,保研,境外留学
pjxyqxbk798,保研,境外留学
pjxyqxbk797,保研,考研
pjxyqxbk836,直接就业,保研
pjxyqxbk835,直接就业,考研
pjxyqxbk828,直接就业,待业/其他
pjxyqxbk788,直接就业,考研
pjxyqxbk787,直接就业,境外留学
pjxyqxbk743,直接就业,待业/其他
pjxyqxbk742,直接就业,待业/其他
pjxyqxbk647,保研,直接就业
pjxyqxbk686,直接就业,境外留学
pjxyqxbk684,保研,境外留学
pjxyqxbk683,保研,境外留学
pjxyqxbk682,保研,境外留学
pjxyqxbk598,直接就业,待业/其他
pjxyqxbk680,保研,境外留学
pjxyqxbk597,直接就业,境外留学
pjxyqxbk718,直接就业,待业/其他
pjxyqxbk717,保研,境外留学
pjxyqxbk595,直接就业,待业/其他
pjxyqxbk757,直接就业,境外留学
pjxyqxbk755,直接就业,境外留学
pjxyqxbk715,保研,境外留学
pjxyqxbk795,保研,境外留学
pjxyqxbk794,境外留学,直接就业
pjxyqxbk753,直接就业,待业/其他
pjxyqxbk792,直接就业,境外留学
pjxyqxbk700,直接就业,境外留学
pjxyqxbk657,直接就业,考研
pjxyqxbk656,保研,直接就业
pjxyqxbj243,直接就业,考研
pjxyqxbj242,保研,境外留学
pjxyqxbj241,直接就业,待业/其他
pjxyqxbk644,直接就业,考研
pjxyqxbj240,境外留学,考研
pjxyqxbj239,保研,直接就业
pjxyqxbk643,直接就业,待业/其他
pjxyqxbk642,保研,境外留学
pjxyqxbk681,保研,境外留学
pjxyqxbk640,直接就业,境外留学
pjxyqxbk679,保研,境外留学
pjxyqxbk596,直接就业,待业/其他
pjxyqxbk677,境外留学,保研
pjxyqxbk676,保研,境外留学
pjxyqxbk594,直接就业,待业/其他
pjxyqxbk592,保研,直接就业
pjxyqxbk713,直接就业,考研
pjxyqxbk751,直接就业,待业/其他
pjxyqxbk791,保研,考研
pjxyqxbk748,直接就业,考研
pjxyqxbk655,保研,境外留学
pjxyqxbk614,直接就业,待业/其他
pjxyqxbk613,直接就业,待业/其他
pjxyqxbj207,境外留学,直接就业
pjxyqxbj165,直接就业,境外留学
pjxyqxbj160,保研,境外留学
pjxyqxbj238,保研,直接就业
pjxyqxbj198,保研,境外留学
pjxyqxbj237,保研,直接就业
pjxyqxbk637,境外留学,保研
pjxyqxbk674,保研,境外留学
pjxyqxbk633,直接就业,境外留学
pjxyqxbk590,保研,境外留学
pjxyqxbk710,保研,境外留学
pjxyqxbk706,直接就业,考研
pjxyqxbk705,直接就业,境外留学
pjxyqxbj164,保研,境外留学
pjxyqxbj124,保研,直接就业
pjxyqxbj001,保研,考研
pjxyqxbj159,保研,境外留学
pjxyqxbj158,直接就业,待业/其他
pjxyqxbj120,保研,境外留学
pjxyqxbj119,直接就业,待业/其他
pjxyqxbj155,境外留学,直接就业
pjxyqxbj195,保研,境外留学
pjxyqxbj230,保研,直接就业
pjxyqxbk634,保研,境外留学
pjxyqxbk632,直接就业,境外留学
pjxyqxbk631,直接就业,待业/其他
pjxyqxbj228,境外留学,直接就业
pjxyqxbk630,考研,保研
pjxyqxbk669,直接就业,待业/其他
pjxyqxbk667,直接就业,境外留学
pjxyqxbk583,直接就业,待业/其他
pjxyqxbk582,直接就业,待业/其他
pjxyqxbk665,保研,境外留学
pjxyqxbk581,直接就业,保研
pjxyqxbk995,保研,境外留学
pjxyqxbk915,直接就业,待业/其他
pjxyqxbj035,直接就业,待业/其他
pjxyqxbj034,境外留学,直接就业
pjxyqxbj117,保研,境外留学
pjxyqxbj154,保研,境外留学
pjxyqxbj153,保研,境外留学
pjxyqxbj114,直接就业,待业/其他
pjxyqxbj113,保研,境外留学
pjxyqxbj152,保研,直接就业
pjxyqxbj151,保研,境外留学
pjxyqxbj192,直接就业,待业/其他
pjxyqxbj150,保研,境外留学
pjxyqxbj188,直接就业,境外留学
pjxyqxbj187,直接就业,考研
pjxyqxbj225,直接就业,待业/其他
pjxyqxbk629,保研,境外留学
pjxyqxbj224,境外留学,直接就业
pjxyqxbk627,直接就业,待业/其他
pjxyqxbk626,直接就业,待业/其他
pjxyqxbk625,保研,考研
pjxyqxbk663,保研,境外留学
pjxyqxbk662,直接就业,待业/其他
pjxyqxbk579,直接就业,待业/其他
pjxyqxbk661,直接就业,待业/其他
pjxyqxbk873,直接就业,境外留学
pjxyqxbk993,境外留学,保研
pjxyqxbk992,直接就业,待业/其他
pjxyqxbj075,保研,境外留学
pjxyqxbj074,保研,境外留学
pjxyqxbj073,直接就业,待业/其他
pjxyqxbj148,直接就业,境外留学
pjxyqxbj147,直接就业,境外留学
pjxyqxbj146,保研,境外留学
pjxyqxbj145,保研,境外留学
pjxyqxbj223,境外留学,保研
pjxyqxbj182,直接就业,待业/其他
pjxyqxbj221,直接就业,待业/其他
pjxyqxbj220,保研,境外留学
pjxyqxbk621,境外留学,直接就业
pjxyqxbk789,直接就业,待业/其他
pjxyqxbk950,保研,境外留学
pjxyqxbj032,境外留学,直接就业
pjxyqxbk991,保研,境外留学
pjxyqxbj031,直接就业,待业/其他
pjxyqxbj029,境外留学,直接就业
pjxyqxbj068,直接就业,待业/其他
pjxyqxbj067,直接就业,保研
pjxyqxbj106,保研,直接就业
pjxyqxbj066,直接就业,待业/其他
pjxyqxbj105,直接就业,考研
pjxyqxbj144,直接就业,待业/其他
pjxyqxbj103,保研,直接就业
pjxyqxbj180,直接就业,待业/其他
pjxyqxbj139,保研,境外留学
pjxyqxbj217,直接就业,考研
pjxyqxbj214,保研,境外留学
pjxyqxbk746,直接就业,境外留学
pjxyqxbk745,直接就业,待业/其他
pjxyqxbk703,保研,直接就业
pjxyqxbk947,保研,境外留学
pjxyqxbk908,保研,境外留学
pjxyqxbk907,保研,境外留学
pjxyqxbk987,境外留学,直接就业
pjxyqxbj027,直接就业,境外留学
pjxyqxbj024,直接就业,待业/其他
pjxyqxbj065,直接就业,考研
pjxyqxbj064,直接就业,待业/其他
pjxyqxbj023,保研,境外留学
pjxyqxbj063,直接就业,待业/其他
pjxyqxbj102,直接就业,待业/其他
pjxyqxbj060,直接就业,境外留学
pjxyqxbj100,直接就业,待业/其他
pjxyqxbj098,直接就业,境外留学
pjxyqxbj174,保研,境外留学
pjxyqxbj173,直接就业,待业/其他
pjxyqxbk578,保研,境外留学
pjxyqxbk867,保研,境外留学
pjxyqxbk865,保研,境外留学
pjxyqxbk945,直接就业,考研
pjxyqxbk905,保研,境外留学
pjxyqxbk943,直接就业,待业/其他
pjxyqxbj021,直接就业,待业/其他
pjxyqxbk981,直接就业,境外留学
pjxyqxbj058,保研,境外留学
pjxyqxbj018,直接就业,待业/其他
pjxyqxbj096,直接就业,待业/其他
pjxyqxbj054,直接就业,待业/其他
pjxyqxbj095,境外留学,保研
pjxyqxbj094,境外留学,直接就业
pjxyqxbj093,直接就业,待业/其他
pjxyqxbj092,直接就业,待业/其他
pjxyqxbj132,直接就业,待业/其他
pjxyqxbj131,保研,境外留学
pjxyqxbj169,直接就业,考研
pjxyqxbj129,境外留学,保研
pjxyqxbk615,直接就业,保研
pjxyqxbk825,直接就业,科研/行政过渡
pjxyqxbk903,境外留学,保研
pjxyqxbk902,直接就业,考研
pjxyqxbk941,保研,境外留学
pjxyqxbk939,直接就业,境外留学
pjxyqxbk980,保研,直接就业
pjxyqxbk978,直接就业,境外留学
pjxyqxbj015,直接就业,考研
pjxyqxbj052,保研,境外留学
pjxyqxbj089,直接就业,待业/其他
pjxyqxbj167,保研,境外留学
pjxyqxbl975,直接就业,待业/其他
pjxyqxbk015,直接就业,待业/其他
pjxyqxbk053,直接就业,考研
pjxyqxbk013,直接就业,待业/其他
pjxyqxbk052,保研,境外留学
pjxyqxbk090,保研,境外留学
pjxyqxbk048,直接就业,保研
pjxyqxbk168,直接就业,待业/其他
pjxyqxbk125,直接就业,境外留学
pjxyqxbk166,直接就业,待业/其他
pjxyqxbk165,直接就业,待业/其他
pjxyqxbl913,直接就业,待业/其他
pjxyqxbk163,直接就业,待业/其他
pjxyqxbk162,直接就业,境外留学
pjxyqxbl911,直接就业,考研
pjxyqxbl910,直接就业,考研
pjxyqxbl907,直接就业,待业/其他
pjxyqxbk201,直接就业,境外留学
pjxyqxbl906,保研,直接就业
pjxyqxbk199,保研,境外留学
pjxyqxbk198,直接就业,待业/其他
pjxyqxbl905,直接就业,考研
pjxyqxbk019,直接就业,考研
pjxyqxbk566,保研,直接就业
pjxyqxbk565,直接就业,境外留学
pjxyqxbk011,直接就业,境外留学
pjxyqxbl970,直接就业,境外留学
pjxyqxbl969,直接就业,境外留学
pjxyqxbk007,直接就业,考研
pjxyqxbk047,直接就业,考研
pjxyqxbk046,直接就业,考研
pjxyqxbk005,直接就业,境外留学
pjxyqxbk086,直接就业,考研
pjxyqxbk121,保研,境外留学
pjxyqxbk160,保研,直接就业
pjxyqxbk159,保研,境外留学
pjxyqxbk158,保研,直接就业
pjxyqxbl904,直接就业,待业/其他
pjxyqxbk195,直接就业,待业/其他
pjxyqxbk194,直接就业,保研
pjxyqxbk567,直接就业,待业/其他
pjxyqxbk524,保研,境外留学
pjxyqxbk562,保研,考研
pjxyqxbl966,直接就业,待业/其他
pjxyqxbl965,直接就业,保研
pjxyqxbl964,直接就业,待业/其他
pjxyqxbk043,直接就业,待业/其他
pjxyqxbk042,直接就业,待业/其他
pjxyqxbk081,直接就业,待业/其他
pjxyqxbk080,直接就业,待业/其他
pjxyqxbk039,直接就业,待业/其他
pjxyqxbk079,直接就业,考研
pjxyqxbk076,保研,直接就业
pjxyqxbk116,直接就业,境外留学
pjxyqxbk115,考研,境外留学
pjxyqxbk155,直接就业,待业/其他
pjxyqxbk154,直接就业,待业/其他
pjxyqxbk023,直接就业,考研
pjxyqxbk022,直接就业,考研
pjxyqxbl980,直接就业,待业/其他
pjxyqxbk527,境外留学,保研
pjxyqxbk525,直接就业,待业/其他
pjxyqxbk522,境外留学,直接就业
pjxyqxbk521,保研,境外留学
pjxyqxbk520,保研,境外留学
pjxyqxbk519,境外留学,直接就业
pjxyqxbk556,直接就业,待业/其他
pjxyqxbl963,直接就业,保研
pjxyqxbk555,境外留学,直接就业
pjxyqxbl962,直接就业,待业/其他
pjxyqxbk000,直接就业,境外留学
pjxyqxbl999,直接就业,待业/其他
pjxyqxbl996,保研,境外留学
pjxyqxbk036,直接就业,考研
pjxyqxbk075,直接就业,待业/其他
pjxyqxbk035,直接就业,考研
pjxyqxbk074,直接就业,待业/其他
pjxyqxbk072,直接就业,待业/其他
pjxyqxbl939,保研,境外留学
pjxyqxbk486,直接就业,境外留学
pjxyqxbk484,保研,境外留学
pjxyqxbk481,保研,境外留学
pjxyqxbk479,直接就业,待业/其他
pjxyqxbk477,直接就业,待业/其他
pjxyqxbk516,保研,境外留学
pjxyqxbk553,保研,考研
pjxyqxbk513,保研,考研
pjxyqxbk552,直接就业,境外留学
pjxyqxbk551,直接就业,待业/其他
pjxyqxbl957,直接就业,境外留学
pjxyqxbl955,直接就业,待业/其他
pjxyqxbl954,保研,考研
pjxyqxbl993,直接就业,境外留学
pjxyqxbl992,直接就业,待业/其他
pjxyqxbk032,直接就业,考研
pjxyqxbl991,直接就业,待业/其他
pjxyqxbk031,直接就业,境外留学
pjxyqxbk070,保研,境外留学
pjxyqxbk068,直接就业,待业/其他
pjxyqxbk067,直接就业,待业/其他
pjxyqxbl937,直接就业,考研
pjxyqxbk530,直接就业,境外留学
pjxyqxbk444,保研,境外留学
pjxyqxbk442,直接就业,待业/其他
pjxyqxbk402,保研,境外留学
pjxyqxbk401,直接就业,待业/其他
pjxyqxbk437,境外留学,直接就业
pjxyqxbk474,保研,境外留学
pjxyqxbk472,境外留学,直接就业
pjxyqxbk549,直接就业,考研
pjxyqxbk547,保研,考研
pjxyqxbk546,直接就业,境外留学
pjxyqxbl953,直接就业,待业/其他
pjxyqxbl952,保研,境外留学
pjxyqxbl950,直接就业,考研
pjxyqxbl990,直接就业,待业/其他
pjxyqxbl989,保研,境外留学
pjxyqxbl988,直接就业,考研
pjxyqxbl987,直接就业,考研
pjxyqxbk027,保研,境外留学
pjxyqxbk025,直接就业,待业/其他
pjxyqxbl900,直接就业,待业/其他
pjxyqxbk151,直接就业,考研
pjxyqxbk403,保研,直接就业
pjxyqxbk399,直接就业,考研
pjxyqxbk358,保研,境外留学
pjxyqxbk398,保研,境外留学
pjxyqxbk434,直接就业,境外留学
pjxyqxbk470,直接就业,待业/其他
pjxyqxbk469,直接就业,境外留学
pjxyqxbk468,直接就业,待业/其他
pjxyqxbk506,保研,境外留学
pjxyqxbk505,保研,境外留学
pjxyqxbk543,考研,直接就业
pjxyqxbk503,保研,直接就业
pjxyqxbl946,直接就业,保研
pjxyqxbl945,境外留学,待业/其他
pjxyqxbl985,直接就业,境外留学
pjxyqxbl984,直接就业,待业/其他
pjxyqxbl943,直接就业,待业/其他
pjxyqxbl982,直接就业,待业/其他
pjxyqxbk150,直接就业,境外留学
pjxyqxbk149,直接就业,待业/其他
pjxyqxbk317,保研,境外留学
pjxyqxbk316,直接就业,待业/其他
pjxyqxbk354,直接就业,考研
pjxyqxbk391,直接就业,境外留学
pjxyqxbk429,保研,境外留学
pjxyqxbk428,保研,考研
pjxyqxbk426,境外留学,保研
pjxyqxbk464,直接就业,待业/其他
pjxyqxbk501,直接就业,科研/行政过渡
pjxyqxbk500,直接就业,待业/其他
pjxyqxbk539,直接就业,待业/其他
pjxyqxbk537,直接就业,考研
pjxyqxbk535,直接就业,待业/其他
pjxyqxbk534,保研,直接就业
pjxyqxbk107,直接就业,待业/其他
pjxyqxbk066,境外留学,直接就业
pjxyqxbk318,保研,直接就业
pjxyqxbk314,直接就业,境外留学
pjxyqxbk273,直接就业,境外留学
pjxyqxbk351,直接就业,境外留学
pjxyqxbk350,保研,直接就业
pjxyqxbk349,直接就业,境外留学
pjxyqxbk389,直接就业,待业/其他
pjxyqxbk388,境外留学,直接就业
pjxyqxbk460,直接就业,待业/其他
pjxyqxbk458,直接就业,考研
pjxyqxbk457,直接就业,待业/其他
pjxyqxbk497,直接就业,境外留学
pjxyqxbk495,直接就业,待业/其他
pjxyqxbk533,保研,境外留学
pjxyqxbk531,保研,直接就业
pjxyqxbk065,直接就业,待业/其他
pjxyqxbk064,直接就业,待业/其他
pjxyqxbk024,保研,境外留学
pjxyqxbk272,直接就业,境外留学
pjxyqxbk232,直接就业,待业/其他
pjxyqxbk231,境外留学,直接就业
pjxyqxbk269,直接就业,待业/其他
pjxyqxbk268,直接就业,待业/其他
pjxyqxbk307,保研,境外留学
pjxyqxbk346,直接就业,待业/其他
pjxyqxbk305,保研,境外留学
pjxyqxbk343,直接就业,待业/其他
pjxyqxbk382,保研,直接就业
pjxyqxbk419,直接就业,待业/其他
pjxyqxbk454,直接就业,待业/其他
pjxyqxbk415,保研,境外留学
pjxyqxbk452,保研,境外留学
pjxyqxbk491,境外留学,直接就业
pjxyqxbk489,直接就业,待业/其他
pjxyqxbk236,直接就业,考研
pjxyqxbk230,直接就业,待业/其他
pjxyqxbk228,直接就业,境外留学
pjxyqxbk264,保研,境外留学
pjxyqxbk304,直接就业,境外留学
pjxyqxbk263,保研,境外留学
pjxyqxbk302,直接就业,待业/其他
pjxyqxbk342,保研,境外留学
pjxyqxbk341,直接就业,境外留学
pjxyqxbk339,直接就业,考研
pjxyqxbk378,境外留学,直接就业
pjxyqxbk377,直接就业,境外留学
pjxyqxbk338,直接就业,待业/其他
pjxyqxbk375,境外留学,直接就业
pjxyqxbk414,直接就业,待业/其他
pjxyqxbk411,保研,考研
pjxyqxbk448,直接就业,境外留学
pjxyqxbk190,直接就业,待业/其他
pjxyqxbl934,保研,直接就业
pjxyqxbk224,保研,境外留学
pjxyqxbl931,直接就业,待业/其他
pjxyqxbk222,直接就业,境外留学
pjxyqxbk262,直接就业,待业/其他
pjxyqxbk261,直接就业,待业/其他
pjxyqxbk300,直接就业,境外留学
pjxyqxbk298,直接就业,待业/其他
pjxyqxbk297,直接就业,境外留学
pjxyqxbk336,保研,直接就业
pjxyqxbk335,保研,直接就业
pjxyqxbk295,直接就业,待业/其他
pjxyqxbk334,保研,直接就业
pjxyqxbk373,直接就业,待业/其他
pjxyqxbk370,直接就业,待业/其他
pjxyqxbk369,境外留学,直接就业
pjxyqxbk368,保研,境外留学
pjxyqxbk446,境外留学,直接就业
pjxyqxbk185,境外留学,直接就业
pjxyqxbk144,直接就业,待业/其他
pjxyqxbk183,保研,境外留学
pjxyqxbk182,直接就业,待业/其他
pjxyqxbl930,直接就业,境外留学
pjxyqxbl929,保研,考研
pjxyqxbl927,保研,境外留学
pjxyqxbk220,直接就业,境外留学
pjxyqxbl925,直接就业,考研
pjxyqxbk218,直接就业,境外留学
pjxyqxbk257,直接就业,待业/其他
pjxyqxbk294,直接就业,待业/其他
pjxyqxbk253,直接就业,境外留学
pjxyqxbk331,境外留学,保研
pjxyqxbk330,直接就业,境外留学
pjxyqxbk329,保研,境外留学
pjxyqxbk328,保研,考研
pjxyqxbk148,直接就业,待业/其他
pjxyqxbk147,保研,直接就业
pjxyqxbk101,境外留学,直接就业
pjxyqxbk140,直接就业,境外留学
pjxyqxbk180,保研,直接就业
pjxyqxbk217,直接就业,待业/其他
pjxyqxbk211,直接就业,待业/其他
pjxyqxbk290,保研,直接就业
pjxyqxbk287,直接就业,待业/其他
pjxyqxbk286,保研,直接就业
pjxyqxbk325,直接就业,境外留学
pjxyqxbk105,保研,直接就业
pjxyqxbk098,直接就业,待业/其他
pjxyqxbk097,直接就业,保研
pjxyqxbk138,直接就业,考研
pjxyqxbk137,考研,直接就业
pjxyqxbk135,直接就业,境外留学
pjxyqxbl921,直接就业,待业/其他
pjxyqxbl919,直接就业,待业/其他
pjxyqxbl918,直接就业,待业/其他
pjxyqxbk210,直接就业,待业/其他
pjxyqxbk209,直接就业,境外留学
pjxyqxbk208,考研,直接就业
pjxyqxbk246,保研,境外留学
pjxyqxbk281,保研,境外留学
pjxyqxbk242,境外留学,保研
pjxyqxbk063,直接就业,境外留学
pjxyqxbk059,直接就业,境外留学
pjxyqxbk095,保研,考研
pjxyqxbk094,境外留学,直接就业
pjxyqxbk131,直接就业,待业/其他
pjxyqxbk171,直接就业,待业/其他
pjxyqxbl916,直接就业,待业/其他
pjxyqxbk167,保研,直接就业
pjxyqxbl912,直接就业,境外留学
pjxyqxbk204,直接就业,境外留学
pjxyqxbk243,保研,境外留学
pjxyqxbk239,直接就业,待业/其他
pjxyqxbk021,考研,直接就业
pjxyqwbj775,保研,考研
pjxyqwbj305,保研,境外留学
pjxyqwbj262,境外留学,直接就业
pjxyqwbj388,直接就业,境外留学
pjxyqwbj385,直接就业,境外留学
pjxyqwbj425,直接就业,境外留学
pjxyqwbj384,保研,境外留学
pjxyqwbj422,直接就业,境外留学
pjxyqwbj821,直接就业,待业/其他
pjxyqwbj820,直接就业,待业/其他
pjxyqwbj777,直接就业,境外留学
pjxyqwbj773,直接就业,考研
pjxyqwbj261,直接就业,境外留学
pjxyqwbj859,保研,境外留学
pjxyqxbj162,直接就业,待业/其他
pjxyqwbj344,直接就业,境外留学
pjxyqwbj380,直接就业,待业/其他
pjxyqwbj341,直接就业,保研
pjxyqwbj379,保研,境外留学
pjxyqwbj776,直接就业,待业/其他
pjxyqwbj734,直接就业,境外留学
pjxyqwbj252,保研,境外留学
pjxyqwbj847,境外留学,直接就业
pjxyqxbj121,直接就业,考研
pjxyqwbj302,直接就业,待业/其他
pjxyqwbj301,直接就业,待业/其他
pjxyqwbj300,保研,境外留学
pjxyqwbj340,直接就业,境外留学
pjxyqwbj339,直接就业,境外留学
pjxyqwbj338,境外留学,保研
pjxyqwbj733,保研,境外留学
pjxyqwbj732,保研,境外留学
pjxyqwbj253,直接就业,境外留学
pjxyqwbj856,境外留学,保研
pjxyqwbj299,直接就业,待业/其他
pjxyqwbj692,直接就业,待业/其他
pjxyqwbj760,直接就业,待业/其他
pjxyqwbj857,直接就业,境外留学
pjxyqwbj853,保研,境外留学
pjxyqwbj255,直接就业,境外留学
pjxyqwbj613,直接就业,境外留学
pjxyqwbj611,保研,境外留学
pjxyqwbj651,保研,境外留学
pjxyqwbj691,保研,境外留学
pjxyqxbk951,保研,境外留学
pjxyqwbj772,直接就业,待业/其他
pjxyqwbj811,直接就业,待业/其他
pjxyqwbj852,保研,境外留学
pjxyqwbj850,保研,直接就业
pjxyqwbj849,保研,直接就业
pjxyqwbj570,直接就业,保研
pjxyqwbj569,直接就业,待业/其他
pjxyqwbj608,保研,直接就业
pjxyqwbj648,保研,境外留学
pjxyqxbk910,直接就业,考研
pjxyqwbj728,保研,直接就业
pjxyqwbj769,保研,直接就业
pjxyqwbj809,直接就业,考研
pjxyqwbj808,直接就业,境外留学
pjxyqwbj807,保研,境外留学
pjxyqwbj527,保研,境外留学
pjxyqwbj566,直接就业,境外留学
pjxyqwbj525,直接就业,境外留学
pjxyqxbk909,直接就业,待业/其他
pjxyqxbk869,考研,直接就业
pjxyqwbj727,保研,直接就业
pjxyqwbj726,直接就业,境外留学
pjxyqwbj764,直接就业,待业/其他
pjxyqwbj763,直接就业,待业/其他
pjxyqwbj524,保研,境外留学
pjxyqwbj523,直接就业,境外留学
pjxyqwbj564,直接就业,境外留学
pjxyqwbj563,保研,直接就业
pjxyqxbk868,直接就业,待业/其他
pjxyqxbk827,保研,直接就业
pjxyqwbj688,直接就业,境外留学
pjxyqwbj687,直接就业,境外留学
pjxyqwbj685,直接就业,待业/其他
pjxyqwbj479,保研,境外留学
pjxyqwbj522,直接就业,待业/其他
pjxyqxbk826,直接就业,境外留学
pjxyqwbj646,保研,考研
pjxyqwbj605,直接就业,待业/其他
pjxyqwbj642,直接就业,境外留学
pjxyqwbj437,保研,境外留学
pjxyqwbj478,保研,直接就业
pjxyqwbj225,保研,境外留学
pjxyqwbj604,直接就业,待业/其他
pjxyqwbj602,保研,境外留学
pjxyqwbj640,保研,境外留学
pjxyqwbj396,保研,直接就业
pjxyqwbj395,境外留学,考研
pjxyqwbj435,保研,考研
pjxyqwbj394,保研,境外留学
pjxyqwbj224,保研,境外留学
pjxyqwbj476,直接就业,待业/其他
pjxyqwbj560,保研,境外留学
pjxyqwbj598,保研,境外留学
pjxyqwbj557,保研,直接就业
pjxyqwbj393,直接就业,境外留学
pjxyqwbj391,直接就业,考研
pjxyqwbj351,境外留学,直接就业
pjxyqwbj433,直接就业,考研
pjxyqxbk697,直接就业,待业/其他
pjxyqxbk573,直接就业,待业/其他
pjxyqwbj518,保研,直接就业
pjxyqwbj223,保研,境外留学
pjxyqwbj555,直接就业,境外留学
pjxyqwbj515,保研,境外留学
pjxyqwbj554,保研,境外留学
pjxyqwbj311,保研,直接就业
pjxyqwbj309,保研,境外留学
pjxyqwbj431,保研,境外留学
pjxyqxbk572,直接就业,待业/其他
pjxyqxbk571,保研,直接就业
pjxyqwbj221,境外留学,直接就业
pjxyqwbj219,保研,境外留学
pjxyqwbj267,直接就业,待业/其他
pjxyqwbj307,境外留学,保研
pjxyqwbj266,保研,直接就业
pjxyqwbj348,直接就业,待业/其他
pjxyqwbj347,直接就业,境外留学
pjxyqwbj472,直接就业,境外留学
pjxyqwbj216,保研,境外留学
pjxyqwbj469,保研,境外留学
pjxyqwbj864,直接就业,待业/其他
pjxyqwbj430,保研,境外留学
pjxyqwbj428,保研,境外留学
pjxyqwbj468,保研,直接就业
pjxyqwbk673,直接就业,待业/其他
pjxyqwbk713,直接就业,待业/其他
pjxyqwbk671,直接就业,待业/其他
pjxyqwbk710,保研,直接就业
pjxyqwbk749,保研,考研
pjxyqwbk708,直接就业,境外留学
pjxyqwbk747,直接就业,考研
pjxyqwbk746,直接就业,待业/其他
pjxyqwbk788,考研,保研
pjxyqwbk787,保研,考研
pjxyqwbk745,直接就业,待业/其他
pjxyqwbk826,直接就业,待业/其他
pjxyqwbk824,保研,直接就业
pjxvzxfj980,直接就业,境外留学
pjxuzxbj984,直接就业,待业/其他
pjxvzxfj972,直接就业,待业/其他
pjxvzxfj970,直接就业,境外留学
pjxwxxbj910,直接就业,待业/其他
pjxuqwbj881,直接就业,考研
pjxuqwbj840,保研,境外留学
pjxuqwbj839,保研,境外留学
pjxuqwbj838,直接就业,考研
pjxuqwbj712,直接就业,境外留学
pjxuqwbj711,直接就业,境外留学
pjxyqwbk511,直接就业,待业/其他
pjxyqwbk510,直接就业,待业/其他
pjxyqwbk548,直接就业,境外留学
pjxyqwbk547,直接就业,待业/其他
pjxyqwbk668,直接就业,待业/其他
pjxyqwbk544,保研,境外留学
pjxyqwbk543,直接就业,待业/其他
pjxyqwbk666,保研,境外留学
pjxyqwbk665,直接就业,境外留学
pjxyqwbk706,保研,直接就业
pjxyqwbk664,保研,考研
pjxyqwbk741,直接就业,待业/其他
pjxyqwbk782,直接就业,科研/行政过渡
pjxyqwbk740,直接就业,待业/其他
pjxuzvbj996,直接就业,境外留学
pjxuqwbj976,保研,直接就业
pjxuqwbj751,境外留学,保研
pjxuqwbj750,直接就业,境外留学
pjxxztbj995,直接就业,待业/其他
pjxxztbj994,直接就业,待业/其他
pjxxxxbj958,保研,境外留学
pjxwzxbj996,境外留学,考研
pjxyqwbk542,直接就业,境外留学
pjxyqwbk624,直接就业,境外留学
pjxyqwbk541,直接就业,待业/其他
pjxyqwbk540,直接就业,待业/其他
pjxyqwbk662,保研,境外留学
pjxyqwbk538,直接就业,境外留学
pjxyqwbk537,境外留学,保研
pjxyqwbk661,直接就业,境外留学
pjxyqwbk701,直接就业,待业/其他
pjxyqwbk700,直接就业,待业/其他
pjxyqwbk698,直接就业,待业/其他
pjxyqwbk697,直接就业,待业/其他
pjxuqwbj937,直接就业,境外留学
pjxuqwbj974,直接就业,待业/其他
pjxuqwbj935,直接就业,待业/其他
pjxwxxbj951,直接就业,待业/其他
pjxwxxbj949,直接就业,待业/其他
pjxuzsfj983,境外留学,考研
pjxuqwbj962,直接就业,待业/其他
pjxyqwbj188,直接就业,待业/其他
pjxyqwbk585,保研,境外留学
pjxyqwbk584,直接就业,待业/其他
pjxyqwbk583,直接就业,待业/其他
pjxyqwbk623,直接就业,待业/其他
pjxyqwbk622,直接就业,待业/其他
pjxyqwbk621,直接就业,境外留学
pjxyqwbk620,直接就业,待业/其他
pjxyqwbk536,境外留学,直接就业
pjxyqwbk534,保研,境外留学
pjxyqwbk656,直接就业,考研
pjxyqwbk653,直接就业,考研
pjxuqwbj894,直接就业,保研
pjxuqwbj892,保研,境外留学
pjxuqwbj933,直接就业,境外留学
pjxuqwbj930,保研,直接就业
pjxuqwbj878,直接就业,考研
pjxuqwbj877,直接就业,待业/其他
pjxuqwbj876,保研,直接就业
pjxwxxbj899,直接就业,待业/其他
pjxvztfj980,直接就业,待业/其他
pjxxxxbj957,保研,境外留学
pjxxxxbj901,境外留学,待业/其他
pjxyqwbj146,直接就业,考研
pjxyqwbj185,直接就业,境外留学
pjxyqwbk581,直接就业,待业/其他
pjxyqwbk578,直接就业,待业/其他
pjxyqwbk618,直接就业,考研
pjxyqwbk617,境外留学,直接就业
pjxyqwbk577,直接就业,境外留学
pjxyqwbk615,直接就业,考研
pjxyqwbk531,保研,境外留学
pjxyqwbk529,境外留学,保研
pjxyqwbk652,直接就业,待业/其他
pjxyqwbk527,保研,境外留学
pjxuqwbj850,保研,直接就业
pjxuqwbj890,直接就业,待业/其他
pjxuqwbj848,保研,境外留学
pjxvztfj977,直接就业,待业/其他
pjxuzsfj988,直接就业,待业/其他
pjxuzsfj984,直接就业,待业/其他
pjxwzxbj998,直接就业,待业/其他
pjxwzxkj985,境外留学,直接就业
pjxwxxbj953,直接就业,考研
pjxwxxbj905,直接就业,考研
pjxvztfj992,直接就业,待业/其他
pjxvztfj991,直接就业,待业/其他
pjxvztfj990,直接就业,境外留学
pjxyqwbj104,直接就业,待业/其他
pjxyqwbj181,直接就业,待业/其他
pjxyqwbk575,保研,直接就业
pjxyqwbk572,直接就业,待业/其他
pjxuqwbj847,直接就业,境外留学
pjxuqwbj806,直接就业,境外留学
pjxuqwbj805,保研,境外留学
pjxuqwbj845,直接就业,待业/其他
pjxvztfj985,境外留学,直接就业
pjxuzsfj995,直接就业,待业/其他
pjxyqwbj062,保研,直接就业
pjxyqwbj101,直接就业,考研
pjxyqwbj139,直接就业,待业/其他
pjxyqwbj100,保研,境外留学
pjxyqwbj174,直接就业,境外留学
pjxyqwbk608,考研,直接就业
pjxyqwbk607,保研,直接就业
pjxuqwbj679,保研,直接就业
pjxuqwbj804,直接就业,待业/其他
pjxuqwbj803,直接就业,境外留学
pjxuqwbj719,直接就业,境外留学
pjxuqwbj717,直接就业,待业/其他
pjxuqwbj879,保研,境外留学
pjxuqwbj837,保研,境外留学
pjxyqwbj061,保研,境外留学
pjxyqwbj059,直接就业,境外留学
pjxyqwbj058,保研,境外留学
pjxyqwbj098,直接就业,境外留学
pjxyqwbj095,保研,直接就业
pjxyqwbj133,直接就业,待业/其他
pjxyqwbj172,直接就业,考研
pjxyqwbj171,保研,考研
pjxyqwbj130,保研,境外留学
pjxyqwbj169,保研,考研
pjxuqwbj678,保研,考研
pjxuqwbj763,直接就业,待业/其他
pjxuqwbj761,保研,直接就业
pjxuqwbj800,保研,境外留学
pjxuqwbj760,直接就业,待业/其他
pjxuqwbj799,直接就业,待业/其他
pjxuqwbj708,直接就业,境外留学
pjxuqwbj748,直接就业,考研
pjxyqwbk509,直接就业,考研
pjxuzvbj991,直接就业,待业/其他
pjxyqwbj018,直接就业,境外留学
pjxyqwbj016,境外留学,直接就业
pjxyqwbj015,直接就业,境外留学
pjxyqwbj013,保研,境外留学
pjxyqwbj054,保研,境外留学
pjxyqwbj053,保研,考研
pjxyqwbj092,保研,直接就业
pjxyqwbj052,直接就业,境外留学
pjxyqwbj090,保研,直接就业
pjxyqwbj129,直接就业,境外留学
pjxyqwbj089,直接就业,境外留学
pjxyqwbj166,直接就业,境外留学
pjxyqwbj126,保研,境外留学
pjxyqwbk523,保研,直接就业
pjxyqwbk521,直接就业,境外留学
pjxuqwbj758,直接就业,境外留学
pjxuqwbj757,直接就业,待业/其他
pjxyqwbk520,直接就业,考研
pjxuqwbj755,保研,境外留学
pjxxxxbj955,直接就业,保研
pjxxxxbj953,保研,境外留学
pjxyqwbk972,直接就业,境外留学
pjxyqwbk971,保研,直接就业
pjxyqwbj050,直接就业,保研
pjxyqwbj049,直接就业,待业/其他
pjxyqwbj088,直接就业,考研
pjxyqwbj087,保研,境外留学
pjxyqwbj086,保研,境外留学
pjxyqwbj047,直接就业,境外留学
pjxyqwbj046,保研,境外留学
pjxyqwbj085,直接就业,境外留学
pjxyqwbj125,保研,境外留学
pjxyqwbj084,考研,直接就业
pjxxzxkj981,保研,境外留学
pjxyqwbk519,保研,境外留学
pjxxzxkj979,直接就业,境外留学
pjxwzxbj997,保研,直接就业
pjxuqwbj928,直接就业,待业/其他
pjxuqwbj927,直接就业,考研
pjxuqwbj715,境外留学,考研
pjxuqwbj714,保研,境外留学
pjxuqwbj797,直接就业,考研
pjxyqwbk931,保研,境外留学
pjxyqwbk928,境外留学,保研
pjxyqwbk967,直接就业,考研
pjxyqwbk966,保研,境外留学
pjxyqwbj007,直接就业,境外留学
pjxyqwbj006,保研,境外留学
pjxyqwbj004,境外留学,直接就业
pjxyqwbj044,直接就业,境外留学
pjxyqwbj003,直接就业,境外留学
pjxyqwbj043,直接就业,境外留学
pjxyqwbj082,直接就业,境外留学
pjxxxxbj975,保研,境外留学
pjxxzxkj978,直接就业,待业/其他
pjxuqwbj883,境外留学,直接就业
pjxuqwbj796,直接就业,待业/其他
pjxyqwbk514,保研,境外留学
pjxyqwbk513,直接就业,待业/其他
pjxyqwbk845,直接就业,待业/其他
pjxyqwbk804,境外留学,直接就业
pjxyqwbk885,保研,考研
pjxyqwbk884,直接就业,境外留学
pjxyqwbk925,直接就业,待业/其他
pjxyqwbk964,保研,境外留学
pjxyqwbk922,直接就业,境外留学
pjxyqwbk962,直接就业,待业/其他
pjxyqwbj002,保研,直接就业
pjxyqwbj001,保研,境外留学
pjxyqwbj041,直接就业,待业/其他
pjxyqwbk999,直接就业,境外留学
pjxxxxbj916,境外留学,保研
pjxxxxbj915,保研,境外留学
pjxxxxbj914,保研,境外留学
pjxxxxbj970,境外留学,保研
pjxxxxbj968,直接就业,境外留学
pjxxxxbj912,境外留学,保研
pjxxxxbj966,保研,境外留学
pjxxztbj998,直接就业,待业/其他
pjxxxxbj904,直接就业,待业/其他
pjxyqwbk762,直接就业,待业/其他
pjxyqwbk761,保研,境外留学
pjxyqwbk844,直接就业,境外留学
pjxyqwbk839,直接就业,待业/其他
pjxyqwbk923,境外留学,直接就业
pjxyqwbk879,保研,境外留学
pjxyqwbk920,直接就业,境外留学
pjxyqwbk919,直接就业,待业/其他
pjxyqwbk956,保研,境外留学
pjxyqwbj038,直接就业,待业/其他
pjxyqwbk996,直接就业,待业/其他
pjxxxxbj913,境外留学,直接就业
pjxwzxkj996,直接就业,境外留学
pjxxxxbj911,境外留学,保研
pjxxxxbj910,直接就业,待业/其他
pjxwzxkj993,保研,境外留学
pjxxxxbj908,直接就业,考研
pjxxxxbj907,直接就业,考研
pjxxxxbj963,境外留学,保研
pjxwxxbj908,直接就业,境外留学
pjxwxxbj907,直接就业,境外留学
pjxyqwbk760,保研,直接就业
pjxyqwbk802,直接就业,考研
pjxyqwbk799,直接就业,考研
pjxyqwbk838,直接就业,待业/其他
pjxyqwbk835,直接就业,境外留学
pjxyqwbk834,保研,境外留学
pjxyqwbk955,保研,直接就业
pjxyqwbk954,直接就业,待业/其他
pjxyqwbk953,直接就业,境外留学
pjxwzxkj992,保研,境外留学
pjxwzxkj991,直接就业,境外留学
pjxwxxbj963,直接就业,境外留学
pjxwzxkj989,保研,境外留学
pjxvztfj994,直接就业,境外留学
pjxuqwbj967,直接就业,考研
pjxyqwbk717,直接就业,待业/其他
pjxyqwbk716,直接就业,保研
pjxyqwbk675,直接就业,待业/其他
pjxyqwbk756,保研,境外留学
pjxyqwbk796,直接就业,考研
pjxyqwbk795,保研,境外留学
pjxyqwbk831,直接就业,境外留学
pjxyqwbk793,境外留学,保研
pjxyqwbk872,保研,境外留学
pjxyqwbk830,保研,境外留学
pjxyqwbk871,考研,直接就业
pjxyqwbk870,直接就业,境外留学
pjxyqwbk869,直接就业,境外留学
pjxyqwbk868,直接就业,境外留学
pjxyqwbk910,保研,境外留学
pjxwxxbj964,直接就业,境外留学
pjxwxxbj916,保研,直接就业
pjxwxxbj960,直接就业,境外留学
pjxwxxbj915,直接就业,待业/其他
pjxuqwbj925,直接就业,待业/其他
pjxuqwbj713,直接就业,待业/其他
pjxyqwbk549,直接就业,待业/其他
pjxyqwbk755,直接就业,待业/其他
pjxyqwbk754,保研,境外留学
pjxyqwbk792,直接就业,保研
pjxyqwbk791,保研,考研
pjxyqwbk829,保研,考研
pjxyqwbk828,直接就业,待业/其他
pjxyqwbk866,直接就业,待业/其他
pjxvzxfj988,直接就业,境外留学
pjxvzxfj987,直接就业,境外留学
pjxvzxfj982,直接就业,待业/其他
pjxwxxbj914,直接就业,境外留学
pjxwxxbj913,直接就业,待业/其他
pjxxztfj988,直接就业,待业/其他
pjxxxxbj945,境外留学,保研
pjxxztfj982,直接就业,待业/其他
pjxxxxbj944,直接就业,待业/其他
pjxxxxbj943,保研,境外留学
pjxxzxkj998,直接就业,境外留学
pjxxztfj975,直接就业,待业/其他
pjxxztfj972,直接就业,待业/其他
pjxxzxkj997,保研,直接就业
pjxxzxkj995,直接就业,境外留学
pjxxxxbj997,境外留学,保研
pjxuqwbj731,保研,境外留学
pjxuqwbj726,保研,境外留学
pjxuqwbj767,直接就业,待业/其他
pjxuqwbj766,直接就业,考研
pjxuqwbj724,保研,境外留学
pjxrqxbj962,直接就业,考研
pjxrqxbj961,保研,境外留学
pjxrqxbj996,保研,境外留学
pjxqzxbj989,保研,直接就业
pjxrqxbj994,保研,境外留学
pjxrqxbj992,保研,境外留学
pjxsqxbj780,直接就业,待业/其他
pjxsqxbj779,境外留学,保研
pjxsqxbj778,保研,境外留学
pjxwzxbj990,保研,考研
pjxxxxbj942,保研,直接就业
pjxxxxbj941,直接就业,境外留学
pjxwzxbj989,直接就业,待业/其他
pjxxxxbj995,直接就业,考研
pjxxxxbj937,保研,境外留学
pjxxzxkj991,直接就业,待业/其他
pjxxzxkj990,保研,境外留学
pjxxxxbj989,保研,境外留学
pjxuqwbj723,直接就业,考研
pjxxzxkj987,保研,境外留学
pjxuqwbj721,直接就业,保研
pjxrqxbj958,境外留学,考研
pjxrqxbj957,保研,境外留学
pjxrqxbj955,保研,境外留学
pjxqzxbj985,直接就业,待业/其他
pjxrqxbj990,保研,境外留学
pjxwzxbj993,直接就业,待业/其他
pjxwxxbj993,直接就业,待业/其他
pjxwxxbj992,保研,境外留学
pjxwzxbj988,直接就业,待业/其他
pjxwzxbj987,境外留学,直接就业
pjxwzxbj986,直接就业,待业/其他
pjxwzxbj985,直接就业,考研
pjxxxxbj933,直接就业,考研
pjxxxxbj932,境外留学,保研
pjxxxxbj988,保研,境外留学
pjxxxxbj987,保研,境外留学
pjxxxxbj986,境外留学,保研
pjxxxxbj930,保研,考研
pjxxxxbj981,直接就业,待业/其他
pjxxzxkj983,直接就业,待业/其他
pjxrqxbj919,保研,境外留学
pjxyqwbj209,境外留学,直接就业
pjxrqxbj918,保研,直接就业
pjxrqxbj916,直接就业,待业/其他
pjxrqxbj954,保研,境外留学
pjxrqxbj952,境外留学,直接就业
pjxrqxbj951,直接就业,考研
pjxqzxbj984,直接就业,待业/其他
pjxqzxbj983,直接就业,待业/其他
pjxqzxbj982,直接就业,待业/其他
pjxwxxbj995,直接就业,境外留学
pjxwxxbj945,直接就业,待业/其他
pjxwxxbj944,直接就业,考研
pjxwxxbj943,直接就业,待业/其他
pjxwxxbj941,直接就业,待业/其他
pjxwxxbj983,直接就业,境外留学
pjxwzxfj994,直接就业,待业/其他
pjxwzxfj993,直接就业,待业/其他
pjxxxxbj923,境外留学,保研
pjxxxxbj980,境外留学,保研
pjxxxxbj922,直接就业,待业/其他
pjxxxxbj921,保研,境外留学
pjxuqwbj639,直接就业,待业/其他
pjxuqwbj638,直接就业,境外留学
pjxuqwbj677,保研,考研
pjxuqwbj676,直接就业,境外留学
pjxrqxbj914,直接就业,境外留学
pjxuqwbj674,保研,境外留学
pjxrqxbj911,直接就业,境外留学
pjxuqwbj581,保研,直接就业
pjxuqwbj580,保研,境外留学
pjxwxxbj946,保研,境外留学
pjxvzxbj996,直接就业,境外留学
pjxwxxbj940,直接就业,考研
pjxwxxbj938,直接就业,境外留学
pjxwxxbj981,直接就业,待业/其他
pjxwzxfj992,直接就业,境外留学
pjxwzxfj991,直接就业,待业/其他
pjxwzxfj987,直接就业,待业/其他
pjxwzxfj984,直接就业,待业/其他
pjxwzxfj983,直接就业,待业/其他
pjxwzxfj981,直接就业,待业/其他
pjxwzxfj977,直接就业,待业/其他
pjxxxxbj917,保研,境外留学
pjxuqwbj637,直接就业,境外留学
pjxuqwbj594,直接就业,待业/其他
pjxuqwbj634,保研,考研
pjxuqwbj673,保研,境外留学
pjxuqwbj633,直接就业,待业/其他
pjxuqwbj632,直接就业,待业/其他
pjxrqxbj909,直接就业,境外留学
pjxuqwbj539,保研,直接就业
pjxuqwbj538,直接就业,待业/其他
pjxuqwbj537,保研,境外留学
pjxvzxbj997,直接就业,待业/其他
pjxvztfj976,直接就业,境外留学
pjxvztfj974,境外留学,直接就业
pjxvzrfj997,直接就业,待业/其他
pjxvzxbj989,直接就业,待业/其他
pjxwxxbj934,直接就业,境外留学
pjxwxxbj930,直接就业,待业/其他
pjxwxxbj972,直接就业,境外留学
pjxwzxfj975,直接就业,待业/其他
pjxwzxkj998,直接就业,考研
pjxuqwbj593,直接就业,待业/其他
pjxuqwbj552,保研,境外留学
pjxuqwbj591,保研,境外留学
pjxuqwbj631,直接就业,待业/其他
pjxuqwbj589,直接就业,待业/其他
pjxuqwbj588,直接就业,待业/其他
pjxrqxbj947,直接就业,待业/其他
pjxuzsfj981,直接就业,待业/其他
pjxuzsfj977,直接就业,待业/其他
pjxvzrfj981,直接就业,待业/其他
pjxvzrfj978,直接就业,待业/其他
pjxvzrfj975,直接就业,待业/其他
pjxwxxbj928,保研,境外留学
pjxwxxbj927,直接就业,待业/其他
pjxwxxbj924,直接就业,待业/其他
pjxwxxbj970,保研,境外留学
pjxwxxbj967,直接就业,待业/其他
pjxuqwbj551,直接就业,境外留学
pjxuqwbj508,直接就业,境外留学
pjxuqwbj547,保研,境外留学
pjxuqwbj546,直接就业,境外留学
pjxuqwbj586,直接就业,待业/其他
pjxuqwbj585,考研,直接就业
pjxuqwbj584,境外留学,保研
pjxuqwbj583,保研,境外留学
pjxrqxbj908,保研,境外留学
pjxuzsfj980,直接就业,境外留学
pjxuzsfj978,直接就业,待业/其他
pjxuqwbj958,直接就业,待业/其他
pjxuqwbj956,保研,境外留学
pjxuqwbj996,保研,境外留学
pjxuqwbj955,境外留学,保研
pjxuqwbj994,直接就业,待业/其他
pjxuzxbj997,直接就业,待业/其他
pjxuqwbj993,保研,境外留学
pjxuqwbj992,直接就业,境外留学
pjxwxxbj918,保研,直接就业
pjxuqwbj507,境外留学,直接就业
pjxuqwbj505,直接就业,考研
pjxuqwbj545,境外留学,保研
pjxuqwbj503,直接就业,待业/其他
pjxuqwbj582,直接就业,待业/其他
pjxuqwbj666,保研,境外留学
pjxuqwbj665,直接就业,待业/其他
pjxuqwbj918,直接就业,考研
pjxuqwbj916,直接就业,待业/其他
pjxuqwbj915,保研,境外留学
pjxuqwbj914,考研,直接就业
pjxuqwbj954,直接就业,待业/其他
pjxuqwbj953,直接就业,保研
pjxuqwbj952,直接就业,待业/其他
pjxuqwbj950,直接就业,保研
pjxuqwbj988,直接就业,待业/其他
pjxvzxfj998,直接就业,待业/其他
pjxuzxbj987,直接就业,待业/其他
pjxuqwbj463,直接就业,待业/其他
pjxtztbj996,直接就业,待业/其他
pjxuqwbj461,保研,境外留学
pjxuqwbj460,直接就业,境外留学
pjxuqwbj500,保研,境外留学
pjxuqwbj499,保研,考研
pjxuqwbj540,直接就业,境外留学
pjxuqwbj498,直接就业,待业/其他
pjxuqwbj497,直接就业,待业/其他
pjxuqwbj624,保研,考研
pjxuqwbj917,境外留学,直接就业
pjxuqwbj871,直接就业,考研
pjxuqwbj870,直接就业,保研
pjxuqwbj947,境外留学,保研
pjxuqwbj986,保研,境外留学
pjxuqwbj985,直接就业,待业/其他
pjxuqwbj944,直接就业,境外留学
pjxuzxbj986,直接就业,待业/其他
pjxsqxbj968,保研,直接就业
pjxsqxbj966,境外留学,直接就业
pjxsqxbj965,保研,境外留学
pjxtztbj990,直接就业,待业/其他
pjxuqwbj496,直接就业,待业/其他
pjxuqwbj495,境外留学,直接就业
pjxuqwbj454,直接就业,考研
pjxuqwbj833,保研,境外留学
pjxuqwbj873,直接就业,待业/其他
pjxuqwbj829,保研,境外留学
pjxuqwbj906,保研,境外留学
pjxuqwbj905,直接就业,待业/其他
pjxuqwbj904,保研,境外留学
pjxuqwbj903,考研,直接就业
pjxuqwbj980,直接就业,待业/其他
pjxsqxbj922,直接就业,保研
pjxsqxbj921,直接就业,待业/其他
pjxsqxbj962,直接就业,待业/其他
pjxsqxbj920,保研,考研
pjxtztbj989,直接就业,考研
pjxtztbj987,直接就业,待业/其他
pjxtztbj986,直接就业,待业/其他
pjxtztbj985,直接就业,待业/其他
pjxuqwbj831,直接就业,境外留学
pjxuqwbj830,境外留学,直接就业
pjxuqwbj705,直接就业,待业/其他
pjxuqwbj701,直接就业,待业/其他
pjxuqwbj826,直接就业,保研
pjxuqwbj861,直接就业,考研
pjxuqwbj898,直接就业,保研
pjxsqxbj881,直接就业,待业/其他
pjxsqxbj880,直接就业,境外留学
pjxsqxbj918,保研,境外留学
pjxsqxbj877,直接就业,境外留学
pjxsqxbj916,保研,境外留学
pjxsqxbj957,保研,境外留学
pjxsqxbj954,保研,境外留学
pjxsqxbj998,直接就业,待业/其他
pjxsqxbj953,保研,境外留学
pjxuqwbj788,保研,考研
pjxuqwbj787,直接就业,待业/其他
pjxuqwbj784,境外留学,直接就业
pjxuqwbj783,保研,境外留学
pjxuqwbj699,直接就业,待业/其他
pjxuqwbj698,保研,境外留学
pjxuqwbj781,直接就业,待业/其他
pjxuqwbj694,直接就业,科研/行政过渡
pjxuqwbj818,保研,境外留学
pjxuqwbj858,保研,考研
pjxuqwbj857,保研,境外留学
pjxuqwbj853,直接就业,待业/其他
pjxsqxbj876,保研,境外留学
pjxsqxbj874,保研,境外留学
pjxsqxbj834,直接就业,境外留学
pjxsqxbj873,境外留学,保研
pjxsqxbj912,保研,直接就业
pjxsqxbj872,保研,考研
pjxsqxbj871,保研,境外留学
pjxsqxbj909,保研,境外留学
pjxuqwbj786,直接就业,待业/其他
pjxuqwbj785,直接就业,考研
pjxuqwbj739,直接就业,考研
pjxuqwbj695,直接就业,待业/其他
pjxuqwbj778,直接就业,待业/其他
pjxuqwbj692,直接就业,境外留学
pjxuqwbj691,保研,境外留学
pjxuqwbj814,直接就业,境外留学
pjxuqwbj854,直接就业,待业/其他
pjxuqwbj812,境外留学,直接就业
pjxuqwbj811,直接就业,境外留学
pjxsqxbj831,直接就业,待业/其他
pjxsqxbj792,直接就业,考研
pjxsqxbj829,境外留学,直接就业
pjxsqxbj867,保研,直接就业
pjxsqxbj908,直接就业,考研
pjxuqwbj745,直接就业,考研
pjxxzxbj995,直接就业,境外留学
pjxuqwbj738,保研,境外留学
pjxuqwbj735,境外留学,保研
pjxuqwbj774,保研,直接就业
pjxuqwbj773,直接就业,待业/其他
pjxuqwbj772,直接就业,待业/其他
pjxuqwbj687,保研,直接就业
pjxuqwbj686,直接就业,考研
pjxsqxbj751,直接就业,待业/其他
pjxsqxbj790,境外留学,直接就业
pjxsqxbj789,直接就业,待业/其他
pjxsqxbj788,直接就业,待业/其他
pjxsqxbj787,直接就业,待业/其他
pjxsqxbj827,直接就业,境外留学
pjxsqxbj826,直接就业,考研
pjxsqxbj786,直接就业,待业/其他
pjxsqxbj825,境外留学,直接就业
pjxsqxbj864,直接就业,待业/其他
pjxsqxbj824,保研,境外留学
pjxyqwbk505,保研,直接就业
pjxyqwbk504,直接就业,待业/其他
pjxxzxbj998,直接就业,境外留学
pjxxztfj986,直接就业,待业/其他
pjxuqwbj734,直接就业,考研
pjxuqwbj733,保研,境外留学
pjxuqwbj770,考研,直接就业
pjxrqxbj963,直接就业,待业/其他
pjxsqxbj784,直接就业,考研
pjxsqxbj823,直接就业,待业/其他
pjxsqxbj821,直接就业,待业/其他
pjxxztbj990,直接就业,待业/其他
pjxxztfj997,直接就业,境外留学
pjxxztfj995,直接就业,境外留学
pjxxztfj992,直接就业,待业/其他
pjxxztfj991,直接就业,待业/其他
pjxyqxbl768,直接就业,考研
pjxyqxbl767,直接就业,待业/其他
pjxyqxbl727,保研,境外留学
pjxyqxbl763,直接就业,待业/其他
pjxyqxbl723,直接就业,境外留学
pjxyqxbl759,境外留学,直接就业
pjxyqxbl758,保研,直接就业
pjxyqxbl796,直接就业,境外留学
pjxyqxbl794,直接就业,考研
pjxyqxbl830,保研,直接就业
pjxyqxbl789,直接就业,待业/其他
pjxyqxbl827,直接就业,考研
pjxyqxbl826,直接就业,待业/其他
pjxyqxbl825,直接就业,考研
pjxyqxbl821,境外留学,保研
pjxpqxbj955,直接就业,境外留学
pjxpqxbj954,直接就业,境外留学
pjxpqxbj920,直接就业,境外留学
pjxpqxbj919,直接就业,待业/其他
pjxpqxbj986,直接就业,待业/其他
pjxpqxbj985,考研,保研
pjxqqxbj947,直接就业,待业/其他
pjxqqxbj979,直接就业,待业/其他
pjxqqxbj977,保研,境外留学
pjxyqxbl731,直接就业,待业/其他
pjxyqxbl684,直接就业,待业/其他
pjxyqxbl757,直接就业,待业/其他
pjxyqxbl717,保研,直接就业
pjxyqxbl716,直接就业,待业/其他
pjxyqxbl753,直接就业,待业/其他
pjxyqxbl752,保研,境外留学
pjxyqxbl780,保研,境外留学
pjxyqxbl779,直接就业,待业/其他
pjwtqxbj988,保研,直接就业
pjwtqxbj987,保研,直接就业
pjxpqxbj918,直接就业,待业/其他
pjxpqxbj916,保研,境外留学
pjxpqxbj981,直接就业,保研
pjxpqxbj979,直接就业,待业/其他
pjxpqxbj978,保研,直接就业
pjxyqxbl688,直接就业,待业/其他
pjxyqxbl687,直接就业,考研
pjxyqwbj967,直接就业,待业/其他
pjxyqxbl678,直接就业,待业/其他
pjxyqxbl677,直接就业,待业/其他
pjxyqxbl714,保研,直接就业
pjxyqxbl673,直接就业,境外留学
pjxyqxbl710,直接就业,待业/其他
pjxyqxbl709,直接就业,境外留学
pjxyqxbl747,直接就业,境外留学
pjxyqxbl746,直接就业,待业/其他
pjxyqxbl743,直接就业,境外留学
pjxyqxbl742,直接就业,境外留学
pjxyqxbl739,直接就业,境外留学
pjxyqxbl738,直接就业,境外留学
pjxyqxbl737,保研,境外留学
pjwtqxbj985,保研,直接就业
pjwtqxbj984,保研,直接就业
pjwtqxbj983,保研,境外留学
pjwtqxbj982,保研,境外留学
pjxpqxbj915,直接就业,境外留学
pjxpqxbj914,直接就业,境外留学
pjxpqxbj946,直接就业,待业/其他
pjxpqxbj912,保研,境外留学
pjxpqxbj945,直接就业,境外留学
pjxpqxbj944,直接就业,待业/其他
pjxpqxbj977,境外留学,直接就业
pjxpqxbj976,直接就业,考研
pjxyqwbj971,直接就业,待业/其他
pjxyqwbj966,考研,境外留学
pjxyqwbj965,保研,境外留学
pjxyqwbj925,境外留学,直接就业
pjxyqwbj924,直接就业,境外留学
pjxyqwbj961,直接就业,待业/其他
pjxyqwbj998,直接就业,考研
pjxyqwbj993,直接就业,待业/其他
pjxyqxbl704,保研,境外留学
pjxyqxbl703,直接就业,待业/其他
pjxyqwbj989,保研,直接就业
pjxyqwbj988,考研,境外留学
pjxyqxbl699,直接就业,待业/其他
pjxyqxbl736,保研,境外留学
pjwtqxbj947,直接就业,境外留学
pjwtqxbj946,直接就业,境外留学
pjwtqxbj979,保研,境外留学
pjxpqxbj911,境外留学,直接就业
pjwtqxbj932,直接就业,待业/其他
pjwtqxbj931,保研,境外留学
pjwtqxbj930,直接就业,待业/其他
pjwrqxbj985,保研,境外留学
pjxyqwbj930,保研,境外留学
pjxyqwbj929,直接就业,境外留学
pjxyqwbj928,直接就业,境外留学
pjxyqwbj923,保研,境外留学
pjxyqwbj922,保研,境外留学
pjxyqxbl893,保研,直接就业
pjxyqwbj917,境外留学,保研
pjxyqwbj955,直接就业,境外留学
pjxyqwbj914,直接就业,待业/其他
pjxyqwbj913,直接就业,境外留学
pjxyqwbj950,保研,境外留学
pjxyqwbj947,境外留学,保研
pjxyqwbj946,保研,境外留学
pjxyqwbj979,直接就业,境外留学
pjxyqwbj977,保研,境外留学
pjwrzxbj996,直接就业,待业/其他
pjwtqxbj944,直接就业,考研
pjwtqxbj943,直接就业,待业/其他
pjwtqxbj942,直接就业,境外留学
pjwtqxbj941,直接就业,境外留学
pjwtqxbj977,直接就业,待业/其他
pjwtqxbj976,直接就业,待业/其他
pjwrqxbj984,直接就业,待业/其他
pjwrqxbj983,保研,境外留学
pjxyqxbl889,直接就业,待业/其他
pjxyqwbj912,保研,境外留学
pjxyqxbl884,直接就业,境外留学
pjxyqwbj910,保研,境外留学
pjxyqwbj907,境外留学,保研
pjxyqwbj945,保研,境外留学
pjxyqwbj905,保研,境外留学
pjxyqwbj904,直接就业,境外留学
pjxyqwbj941,保研,境外留学
pjxyqwbj940,保研,直接就业
pjxyqwbj937,直接就业,境外留学
pjxyqwbj936,保研,境外留学
pjwrqxbj998,直接就业,待业/其他
pjwtqxbj939,直接就业,境外留学
pjwtqxbj974,保研,境外留学
pjwtqxbj972,直接就业,境外留学
pjwtqxbj971,直接就业,待业/其他
pjxpqxbj941,保研,境外留学
pjwuzxbj995,直接就业,待业/其他
pjxyqxbl857,直接就业,待业/其他
pjxyqxbl886,直接就业,待业/其他
pjxyqxbl847,直接就业,境外留学
pjxyqxbl878,直接就业,待业/其他
pjxyqxbl876,保研,境外留学
pjxyqwbj903,境外留学,直接就业
pjxyqwbj902,直接就业,境外留学
pjxyqwbj897,直接就业,保研
pjxyqwbj935,直接就业,境外留学
pjxyqwbj895,直接就业,境外留学
pjwrqxbj916,保研,境外留学
pjwrqxbj956,直接就业,待业/其他
pjwrqxbj913,直接就业,待业/其他
pjwrqxbj955,直接就业,待业/其他
pjwrqxbj952,直接就业,境外留学
pjwrqxbj994,直接就业,待业/其他
pjwrqxbj951,保研,境外留学
pjwrqxbj993,保研,考研
pjwrqxbj992,境外留学,直接就业
pjwtqxbj935,保研,考研
pjwrqxbj991,保研,境外留学
pjwtqxbj933,境外留学,直接就业
pjxyqxbl815,保研,直接就业
pjxyqxbl812,直接就业,境外留学
pjxyqxbl808,直接就业,保研
pjxyqxbl807,直接就业,待业/其他
pjxyqxbl804,保研,境外留学
pjxyqxbl839,境外留学,保研
pjxyqxbl836,直接就业,待业/其他
pjxyqxbl872,直接就业,待业/其他
pjxyqxbl867,保研,境外留学
pjxyqxbl866,保研,考研
pjvyzxbj993,直接就业,待业/其他
pjwrqxbj911,直接就业,待业/其他
pjwrqxbj949,直接就业,考研
pjwrqxbj948,直接就业,待业/其他
pjwrqxbj988,保研,境外留学
pjxyqxbl766,保研,境外留学
pjxyqxbl765,直接就业,待业/其他
pjxyqxbl797,保研,境外留学
pjxyqxbl793,考研,直接就业
pjxyqxbl828,保研,直接就业
pjvyzvfj998,直接就业,境外留学
pjvyzvfj994,直接就业,待业/其他
pjwrqxbj905,直接就业,待业/其他
pjvyzvfj989,境外留学,直接就业
pjwrqxbj945,直接就业,待业/其他
pjwrqxbj944,直接就业,考研
pjwrqxbj901,直接就业,待业/其他
pjwtqxbj969,直接就业,考研
pjwtqxbj968,境外留学,直接就业
pjxyqxbl730,保研,直接就业
pjxyqxbl724,直接就业,待业/其他
pjxyqxbl755,直接就业,待业/其他
pjxyqxbl751,保研,境外留学
pjxyqxbl750,境外留学,考研
pjxyqxbl781,境外留学,保研
pjxyqxbl817,保研,直接就业
pjvyzvfj977,直接就业,境外留学
pjvyzvfj974,保研,考研
pjwrqxbj898,直接就业,待业/其他
pjxyqxbl686,直接就业,待业/其他
pjxyqxbl713,直接就业,待业/其他
pjxyqxbl712,直接就业,境外留学
pjxyqxbl708,直接就业,待业/其他
pjxyqxbl745,直接就业,考研
pjxyqxbl735,保研,境外留学
pjxyqxbk445,保研,境外留学
pjxyqwbj932,保研,考研
pjxyqwbj958,直接就业,境外留学
pjxyqwbj991,直接就业,待业/其他
pjxyqxbl701,直接就业,保研
pjxyqwbj986,直接就业,待业/其他
pjxyqwbj927,境外留学,直接就业
pjxyqwbj926,保研,境外留学
pjxyqxbl891,直接就业,待业/其他
pjxyqwbj949,境外留学,直接就业
pjxyqwbj985,保研,境外留学
pjxyqwbj944,保研,境外留学
pjxqqxbj991,保研,境外留学
pjxqqxbj989,直接就业,境外留学
pjxyqwbj890,保研,直接就业
pjxyqxbl896,直接就业,待业/其他
pjxyqxbl895,直接就业,待业/其他
pjxyqwbj939,境外留学,保研
pjxqqxbj957,直接就业,境外留学
pjxqqxbj988,保研,境外留学
pjxqqxbj986,考研,保研
pjxyqxbl858,直接就业,待业/其他
pjxyqxbl854,直接就业,待业/其他
pjxyqxbl806,直接就业,待业/其他
pjxyqxbl843,直接就业,待业/其他
pjxyqxbl879,直接就业,待业/其他
pjxyqxbl874,保研,直接就业
pjxyqwbj896,直接就业,待业/其他
pjxyqwbj933,直接就业,境外留学
pjxqqxbj954,直接就业,待业/其他
pjxqqxbj985,境外留学,保研
pjxqqxbj983,直接就业,待业/其他
pjxqqxbj982,境外留学,保研
pjxyqxbl816,直接就业,待业/其他
pjxyqxbl810,直接就业,境外留学
pjxyqxbl837,直接就业,待业/其他
pjxyqxbl869,直接就业,待业/其他
pjxpqxbj957,直接就业,待业/其他
pjxpqxbj924,直接就业,待业/其他
pjxpqxbj956,保研,直接就业
pjxpqxbj987,保研,境外留学
pjxqqxbj951,直接就业,境外留学
pjxqqxbj949,境外留学,保研
pjxqqxbj981,保研,境外留学
pjxyqxbl774,直接就业,考研
pjxyqxbl769,直接就业,待业/其他
pjvyzxbj995,直接就业,待业/其他
pjxyqwbj122,直接就业,境外留学
pjxyqwbj159,直接就业,待业/其他
pjxyqwbj158,直接就业,境外留学
pjxyqwbj197,直接就业,待业/其他
pjxyqwbj156,直接就业,待业/其他
pjxyqwbk594,保研,直接就业
pjxyqwbk592,直接就业,待业/其他
pjxyqwbj193,直接就业,待业/其他
pjxyqwbk631,境外留学,考研
pjxqqxbj974,保研,境外留学
pjxqqxbj973,直接就业,待业/其他
pjxyqwbj080,直接就业,境外留学
pjxyqwbj078,境外留学,直接就业
pjxyqwbj117,境外留学,保研
pjxyqwbj116,直接就业,待业/其他
pjxyqwbj155,保研,境外留学
pjxyqwbj154,保研,直接就业
pjxyqwbj153,境外留学,直接就业
pjxyqwbj192,境外留学,直接就业
pjxyqwbj191,直接就业,考研
pjxyqwbj190,直接就业,待业/其他
pjxqqxbj975,保研,境外留学
pjxqqxbj970,境外留学,直接就业
pjxqqxbj969,保研,境外留学
pjxyqwbj036,保研,直接就业
pjxyqwbj077,直接就业,科研/行政过渡
pjxyqwbj035,保研,境外留学
pjxyqwbj073,保研,直接就业
pjxyqwbj072,保研,境外留学
pjxyqwbj112,考研,直接就业
pjxyqwbj150,直接就业,待业/其他
pjxyqwbj109,保研,境外留学
pjxyqwbj149,直接就业,境外留学
pjxqqxbj967,境外留学,保研
pjxyqwbk993,直接就业,待业/其他
pjxyqwbj034,保研,境外留学
pjxyqwbj033,直接就业,境外留学
pjxyqwbk991,直接就业,待业/其他
pjxyqwbj031,境外留学,直接就业
pjxyqwbj069,保研,境外留学
pjxyqwbj108,直接就业,考研
pjxyqwbk935,保研,境外留学
pjxpqxbj975,直接就业,境外留学
pjxpqxbj973,直接就业,境外留学
pjxpqxbj972,直接就业,待业/其他
pjxpqxbj971,直接就业,待业/其他
pjxpqxbj969,直接就业,境外留学
pjxqqxbj964,保研,境外留学
pjxqqxbj961,保研,境外留学
pjxyqwbk951,直接就业,境外留学
pjxyqwbk949,直接就业,待业/其他
pjxyqwbj027,直接就业,待业/其他
pjxyqwbk889,直接就业,待业/其他
pjxpqxbj937,保研,境外留学
pjxpqxbj967,直接就业,境外留学
pjxpqxbj998,直接就业,待业/其他
pjxpqxbj997,直接就业,待业/其他
pjxqqxbj959,保研,境外留学
pjxyqwbk907,直接就业,境外留学
pjxyqwbk943,直接就业,境外留学
pjxyqwbj023,直接就业,境外留学
pjxyqwbj022,直接就业,待业/其他
pjwuzxbj992,直接就业,科研/行政过渡
pjxpqxbj934,保研,直接就业
pjxpqxbj933,直接就业,境外留学
pjxpqxbj932,直接就业,待业/其他
pjxpqxbj963,保研,境外留学
pjxpqxbj994,直接就业,境外留学
pjxpqxbj962,保研,境外留学
pjxpqxbj992,直接就业,境外留学
pjxyqwbk865,直接就业,待业/其他
pjxyqwbk864,考研,直接就业
pjxyqwbk862,直接就业,待业/其他
pjxyqwbk902,直接就业,待业/其他
pjxyqwbk901,直接就业,考研
pjxyqwbk900,直接就业,待业/其他
pjxyqwbk899,直接就业,待业/其他
pjxyqwbk942,保研,直接就业
pjwtqxbj965,保研,境外留学
pjwtzxbj996,直接就业,待业/其他
pjxpqxbj930,直接就业,待业/其他
pjwtqxbj998,保研,直接就业
pjxpqxbj961,直接就业,待业/其他
pjxyqwbk781,直接就业,境外留学
pjxyqwbk859,直接就业,境外留学
pjxyqwbk818,直接就业,境外留学
pjxyqwbk896,直接就业,境外留学
pjxyqwbk895,境外留学,保研
pjxyqwbk856,保研,直接就业
pjxyqwbk855,直接就业,待业/其他
pjxyqwbk893,直接就业,境外留学
pjxyqwbj020,保研,境外留学
pjwtqxbj967,保研,直接就业
pjxpqxbj927,直接就业,待业/其他
pjxpqxbj926,直接就业,境外留学
pjxpqxbj925,直接就业,待业/其他
pjxyqwbk779,直接就业,待业/其他
pjxyqwbk777,直接就业,待业/其他
pjxyqwbk775,保研,考研
pjxyqwbk815,直接就业,待业/其他
pjxyqwbk814,直接就业,待业/其他
pjxyqwbk813,直接就业,待业/其他
pjwtqxbj929,直接就业,境外留学
pjwtqxbj928,直接就业,境外留学
pjwtqxbj925,保研,直接就业
pjwrqxbj980,直接就业,待业/其他
pjwtqxbj960,直接就业,考研
pjwtqxbj959,境外留学,直接就业
pjwtqxbj993,保研,直接就业
pjxyqwbk736,保研,直接就业
pjxyqwbk735,直接就业,待业/其他
pjxyqwbk734,直接就业,境外留学
pjxyqwbk772,直接就业,待业/其他
pjxyqwbk812,境外留学,直接就业
pjxyqwbk770,直接就业,待业/其他
pjxyqwbk810,直接就业,待业/其他
pjxyqwbk808,保研,境外留学
pjxyqxbk528,保研,直接就业
pjwrqxbj979,保研,考研
pjwrqxbj978,境外留学,待业/其他
pjwrqxbj977,直接就业,待业/其他
pjwtqxbj922,保研,考研
pjwtqxbj921,直接就业,待业/其他
pjwtqxbj957,境外留学,保研
pjwtqxbj920,直接就业,待业/其他
pjwtqxbj954,直接就业,境外留学
pjwtqxbj953,保研,境外留学
pjxyqwbk694,境外留学,保研
pjxyqwbk731,直接就业,境外留学
pjxyqwbk729,保研,考研
pjxyqwbk728,直接就业,考研
pjxyqwbk769,直接就业,境外留学
pjxyqwbk767,直接就业,待业/其他
pjxyqwbk727,直接就业,待业/其他
pjxyqwbk807,直接就业,待业/其他
pjxyqwbk806,直接就业,待业/其他
pjwrqxbj938,保研,境外留学
pjwrqxbj935,直接就业,境外留学
pjwrqxbj974,保研,直接就业
pjwrqxbj932,境外留学,直接就业
pjwrqxbj973,直接就业,考研
pjwtqxbj918,直接就业,待业/其他
pjwtqxbj952,直接就业,境外留学
pjwtqxbj914,直接就业,待业/其他
pjwtqxbj950,直接就业,待业/其他
pjxyqwbk650,直接就业,境外留学
pjxyqwbk647,直接就业,保研
pjxyqwbk686,直接就业,待业/其他
pjxyqwbk724,直接就业,境外留学
pjxyqwbk764,保研,境外留学
pjwrqxbj890,保研,境外留学
pjwrqxbj929,境外留学,直接就业
pjwrqxbj926,直接就业,境外留学
pjwrqxbj967,保研,境外留学
pjwtqxbj913,直接就业,待业/其他
pjxyqwbk646,保研,直接就业
pjxyqwbk562,保研,直接就业
pjxyqwbk559,保研,境外留学
pjxyqwbk721,保研,直接就业
pjxyqwbk720,境外留学,直接就业
pjwrqxbj884,保研,境外留学
pjwrqxbj925,保研,境外留学
pjwrqxbj924,直接就业,境外留学
pjwrqxbj882,保研,直接就业
pjwrqxbj923,保研,境外留学
pjwrqxbj965,保研,境外留学
pjxyqwbk605,直接就业,待业/其他
pjxyqwbk604,直接就业,考研
pjxyqwbk644,保研,直接就业
pjxyqwbk603,保研,境外留学
pjxyqwbk642,直接就业,待业/其他
pjxyqwbk601,直接就业,待业/其他
pjxyqwbk679,直接就业,待业/其他
pjxyqwbk678,直接就业,境外留学
pjwqzwbj998,直接就业,境外留学
pjwrqxbj920,直接就业,待业/其他
pjwrqxbj919,直接就业,待业/其他
pjwrqxbj918,直接就业,境外留学
pjxyqwbj207,直接就业,考研
pjxyqwbj205,保研,考研
pjxyqwbk638,直接就业,待业/其他
pjxyqwbk636,境外留学,直接就业
pjxyqwbk551,直接就业,境外留学
pjvyzxbj998,直接就业,待业/其他
pjvyzxbj997,保研,境外留学
pjxyqwbj164,境外留学,直接就业
pjxyqwbj163,直接就业,考研
pjxyqwbj203,直接就业,待业/其他
pjxyqwbj201,保研,直接就业
pjxyqwbk595,保研,境外留学
pjxyqwbk632,直接就业,待业/其他
pjxsqxbj774,直接就业,境外留学
pjxsqxbj772,直接就业,待业/其他
pjxsqxbj812,直接就业,境外留学
pjxsqxbj811,保研,境外留学
pjxsqxbj851,保研,境外留学
pjxsqxbj810,考研,直接就业
pjxsqxbj809,直接就业,待业/其他
pjxsqxbj849,境外留学,保研
pjxsqxbj808,保研,境外留学
pjxsqxbj888,直接就业,考研
pjxsqxbj887,保研,境外留学
pjxsqxbj886,境外留学,直接就业
pjxsqxbj844,直接就业,境外留学
pjxsqxbj885,直接就业,考研
pjxsqxbj884,直接就业,保研
pjxsqxbj925,直接就业,境外留学
pjxsqxbj777,直接就业,境外留学
pjxrqxbj988,直接就业,境外留学
pjxrqxbj983,保研,直接就业
pjxqzxbj979,直接就业,待业/其他
pjxsqxbj771,直接就业,待业/其他
pjxsqxbj768,直接就业,待业/其他
pjxrqxbj981,直接就业,待业/其他
pjxsqxbj807,直接就业,境外留学
pjxsqxbj765,直接就业,待业/其他
pjxsqxbj843,直接就业,考研
pjxsqxbj840,直接就业,境外留学
pjxsqxbj882,保研,境外留学
pjxrqxbj978,直接就业,待业/其他
pjxsqxbj764,直接就业,待业/其他
pjxsqxbj801,直接就业,境外留学
pjxsqxbj800,直接就业,境外留学
pjxsqxbj760,直接就业,待业/其他
pjxsqxbj796,直接就业,待业/其他
pjxqzxbj980,保研,直接就业
pjxrqxbj945,直接就业,待业/其他
pjxrqxbj943,保研,境外留学
pjxrqxbj942,境外留学,保研
pjxqzxbj975,直接就业,待业/其他
pjxqzxbj973,直接就业,待业/其他
pjxrqxbj973,直接就业,考研
pjxrqxbj972,直接就业,待业/其他
pjxsqxbj758,直接就业,待业/其他
pjxrqxbj971,直接就业,待业/其他
pjxrqxbj944,直接就业,境外留学
pjxrqxbj905,直接就业,待业/其他
pjxrqxbj903,保研,境外留学
pjxrqxbj901,境外留学,保研
pjxrqxbj939,保研,直接就业
pjxrqxbj937,保研,境外留学
pjxqzxbj971,直接就业,待业/其他
pjxqzxbj967,直接就业,待业/其他
pjxrqxbj969,直接就业,待业/其他
pjxsqxbj752,直接就业,境外留学
pjxuqwbj661,保研,境外留学
pjxuqwbj659,保研,境外留学
pjxrqxbj898,考研,直接就业
pjxrqxbj930,保研,直接就业
pjxrqxbj928,直接就业,待业/其他
pjxqqxbj998,直接就业,境外留学
pjxqqxbj996,直接就业,境外留学
pjxuqwbj663,保研,境外留学
pjxuqwbj622,直接就业,待业/其他
pjxuqwbj619,直接就业,待业/其他
pjxuqwbj618,直接就业,考研
pjxuqwbj658,直接就业,待业/其他
pjxuqwbj655,直接就业,待业/其他
pjxrqxbj894,直接就业,境外留学
pjxuqwbj654,直接就业,待业/其他
pjxrqxbj892,直接就业,境外留学
pjxrqxbj891,保研,直接就业
pjxqqxbj997,境外留学,保研
pjxuqwbj621,直接就业,待业/其他
pjxuqwbj574,保研,境外留学
pjxuqwbj615,境外留学,直接就业
pjxuqwbj573,保研,境外留学
pjxuqwbj610,保研,直接就业
pjxuqwbj651,直接就业,待业/其他
pjxuqwbj650,保研,考研
pjxqzxbj997,直接就业,待业/其他
pjxuqwbj648,保研,考研
pjxqzxbj996,直接就业,考研
pjxqzxbj995,直接就业,待业/其他
pjxqzxbj994,保研,直接就业
pjxuqwbj536,保研,直接就业
pjxuqwbj572,保研,境外留学
pjxuqwbj571,保研,境外留学
pjxuqwbj529,直接就业,待业/其他
pjxuqwbj609,直接就业,待业/其他
pjxuqwbj608,直接就业,境外留学
pjxuqwbj568,保研,境外留学
pjxuqwbj606,保研,境外留学
pjxuqwbj647,保研,考研
pjxuqwbj605,直接就业,待业/其他
pjxuqwbj644,保研,境外留学
pjxuqwbj643,考研,保研
pjxuqwbj641,境外留学,直接就业
pjxuqwbj535,直接就业,待业/其他
pjxuqwbj492,直接就业,保研
pjxuqwbj490,直接就业,待业/其他
pjxuqwbj489,直接就业,待业/其他
pjxuqwbj488,直接就业,境外留学
pjxuqwbj528,保研,境外留学
pjxuqwbj527,保研,直接就业
pjxuqwbj526,直接就业,考研
pjxuqwbj525,保研,境外留学
pjxuqwbj566,直接就业,待业/其他
pjxuqwbj565,直接就业,考研
pjxuqwbj564,保研,直接就业
pjxuqwbj562,直接就业,考研
pjxuqwbj642,保研,直接就业
pjxuqwbj600,考研,直接就业
pjxuqwbj450,直接就业,待业/其他
pjxuqwbj449,直接就业,保研
pjxuqwbj491,直接就业,考研
pjxuqwbj445,直接就业,待业/其他
pjxuqwbj485,考研,直接就业
pjxuqwbj443,直接就业,待业/其他
pjxuqwbj483,直接就业,境外留学
pjxuqwbj519,保研,境外留学
pjxuqwbj559,保研,境外留学
pjxuqwbj558,直接就业,待业/其他
pjxsqxbj997,直接就业,境外留学
pjxsqxbj996,保研,境外留学
pjxuqwbj446,保研,直接就业
pjxsqxbj995,直接就业,境外留学
pjxtzxbj997,直接就业,待业/其他
pjxsqxbj989,直接就业,考研
pjxuqwbj479,直接就业,待业/其他
pjxuqwbj478,保研,直接就业
pjxuqwbj477,直接就业,考研
pjxuqwbj517,直接就业,待业/其他
pjxuqwbj476,直接就业,待业/其他
pjxuqwbj516,直接就业,待业/其他
pjxuqwbj515,保研,考研
pjxsqxbj949,直接就业,境外留学
pjxsqxbj994,保研,境外留学
pjxsqxbj944,保研,境外留学
pjxsqxbj942,直接就业,境外留学
pjxsqxbj941,直接就业,待业/其他
pjxsqxbj986,直接就业,待业/其他
pjxsqxbj985,境外留学,直接就业
pjxsqxbj984,保研,考研
pjxtzxfj994,直接就业,待业/其他
pjxuqwbj474,保研,境外留学
pjxuqwbj473,保研,境外留学
pjxuqwbj472,境外留学,直接就业
pjxuqwbj470,直接就业,考研
pjxuqwbj512,直接就业,待业/其他
pjxuqwbj511,直接就业,待业/其他
pjxsqxbj906,直接就业,保研
pjxsqxbj905,保研,直接就业
pjxsqxbj946,直接就业,考研
pjxsqxbj904,保研,境外留学
pjxsqxbj900,保研,直接就业
pjxsqxbj940,直接就业,境外留学
pjxsqxbj939,直接就业,待业/其他
pjxsqxbj899,保研,境外留学
pjxsqxbj938,直接就业,境外留学
pjxsqxbj983,保研,境外留学
pjxsqxbj982,保研,直接就业
pjxsqxbj936,保研,境外留学
pjxsqxbj981,保研,考研
pjxsqxbj980,直接就业,考研
pjxtzxfj986,直接就业,待业/其他
pjxuqwbj468,直接就业,待业/其他
pjxtzxfj983,直接就业,待业/其他
pjxtzxfj982,直接就业,待业/其他
pjxtzxfj981,直接就业,待业/其他
pjxsqxbj863,直接就业,待业/其他
pjxsqxbj862,直接就业,待业/其他
pjxsqxbj857,直接就业,待业/其他
pjxsqxbj856,直接就业,保研
pjxsqxbj897,保研,考研
pjxsqxbj934,保研,境外留学
pjxsqxbj894,保研,直接就业
pjxsqxbj893,保研,境外留学
pjxsqxbj932,保研,境外留学
pjxsqxbj976,直接就业,待业/其他
pjxtzxfj980,直接就业,待业/其他
pjxtzxfj978,直接就业,待业/其他
pjxtztbj998,直接就业,待业/其他
pjxtztbj997,直接就业,待业/其他
pjxsqxbj820,直接就业,考研
pjxsqxbj859,保研,直接就业
pjxsqxbj816,保研,境外留学
pjxsqxbj815,保研,考研
pjxsqxbj892,保研,境外留学
pjxsqxbj929,直接就业,待业/其他
pjxsqxbj927,保研,境外留学
pjxsqxbj971,保研,考研
pjxsqxbj970,直接就业,待业/其他
pjxsqxbj969,保研,境外留学
pjxyqxbk100,直接就业,境外留学
200307700011,直接就业,待业/其他
